FEN,MoveNumber,PiecesOnBoard,Mobility,MaterialDifference,WhiteCastled,BlackCastled,GamePhase,WhitePawnCount,BlackPawnCount,WhiteKnightCount,BlackKnightCount,WhiteBishopCount,BlackBishopCount,WhiteRookCount,BlackRookCount,WhiteQueenCount,BlackQueenCount,WhiteBishopPair,BlackBishopPair,QueensPresent,WhiteDoubledPawns,BlackDoubledPawns,WhiteIsolatedPawns,BlackIsolatedPawns,WhitePassedPawns,BlackPassedPawns,WhitePawnIslands,BlackPawnIslands,CurrentEvaluation,PlayedMove,PlayedMoveUCI,BestMove,BestMoveUCI,BestEvaluation,PlayedEvaluation,CentipawnLoss,PlayedBestMove,Depth,GameID,WhitePlayer,BlackPlayer,WhiteElo,BlackElo,Result
rnbqkbnr/pppppppp/8/8/8/8/PPPPPPPP/RNBQKBNR w KQkq - 0 1,1,30,20,0,0,0,Opening,8,8,2,2,2,2,2,2,1,1,1,1,2,0,0,0,0,0,0,1,1,0.47,e4,e2e4,e4,e2e4,0.49,0.46,2.9999999999999973,True,12,1,saransh12387,songuko,1979,2013,1-0
rnbqkbnr/pppppppp/8/8/4P3/8/PPPP1PPP/RNBQKBNR b KQkq - 0 1,1,30,20,0,0,0,Opening,8,8,2,2,2,2,2,2,1,1,1,1,2,0,0,0,0,0,0,1,1,0.5,c5,c7c5,c5,c7c5,0.45,0.48,2.9999999999999973,True,12,1,saransh12387,songuko,1979,2013,1-0
rnbqkbnr/pp1ppppp/8/2p5/4P3/8/PPPP1PPP/RNBQKBNR w KQkq - 0 2,2,30,30,0,0,0,Opening,8,8,2,2,2,2,2,2,1,1,1,1,2,0,0,0,0,0,0,1,1,0.49,Nc3,b1c3,Nf3,g1f3,0.49,0.47,2.0000000000000018,False,12,1,saransh12387,songuko,1979,2013,1-0
rnbqkbnr/pp1ppppp/8/2p5/4P3/2N5/PPPP1PPP/R1BQKBNR b KQkq - 1 2,2,30,22,0,0,0,Opening,8,8,2,2,2,2,2,2,1,1,1,1,2,0,0,0,0,0,0,1,1,0.45,Nc6,b8c6,e6,e7e6,0.35,0.41,6.0,False,12,1,saransh12387,songuko,1979,2013,1-0
r1bqkbnr/pp1ppppp/2n5/2p5/4P3/2N5/PPPP1PPP/R1BQKBNR w KQkq - 2 3,3,30,32,0,0,0,Opening,8,8,2,2,2,2,2,2,1,1,1,1,2,0,0,0,0,0,0,1,1,0.41,Bb5,f1b5,Nge2,g1e2,0.46,0.22,24.000000000000004,False,12,1,saransh12387,songuko,1979,2013,1-0
r1bqkbnr/pp1ppppp/2n5/1Bp5/4P3/2N5/PPPP1PPP/R1BQK1NR b KQkq - 3 3,3,30,25,0,0,0,Opening,8,8,2,2,2,2,2,2,1,1,1,1,2,0,0,0,0,0,0,1,1,0.06,g6,g7g6,Nd4,c6d4,0.02,0.24,22.0,False,12,1,saransh12387,songuko,1979,2013,1-0
r1bqkbnr/pp1ppp1p/2n3p1/1Bp5/4P3/2N5/PPPP1PPP/R1BQK1NR w KQkq - 0 4,4,30,34,0,0,0,Opening,8,8,2,2,2,2,2,2,1,1,1,1,2,0,0,0,0,0,0,1,1,0.21,f4,f2f4,Nf3,g1f3,0.23,-0.25,48.0,False,12,1,saransh12387,songuko,1979,2013,1-0
r1bqkbnr/pp1ppp1p/2n3p1/1Bp5/4PP2/2N5/PPPP2PP/R1BQK1NR b KQkq - 0 4,4,30,26,0,0,0,Opening,8,8,2,2,2,2,2,2,1,1,1,1,2,0,0,0,0,0,0,1,1,-0.34,Bg7,f8g7,Nd4,c6d4,-0.28,0.3,58.00000000000001,False,12,1,saransh12387,songuko,1979,2013,1-0
r1bqk1nr/pp1pppbp/2n3p1/1Bp5/4PP2/2N5/PPPP2PP/R1BQK1NR w KQkq - 1 5,5,30,34,0,0,0,Opening,8,8,2,2,2,2,2,2,1,1,1,1,2,0,0,0,0,0,0,1,1,0.32,Bxc6,b5c6,Bxc6,b5c6,0.18,0.15,3.0,True,12,1,saransh12387,songuko,1979,2013,1-0
r1bqk1nr/pp1pppbp/2B3p1/2p5/4PP2/2N5/PPPP2PP/R1BQK1NR b KQkq - 0 5,5,29,27,3,0,0,Opening,8,8,2,1,2,2,2,2,1,1,1,1,2,0,0,0,0,0,0,1,1,0.12,dxc6,d7c6,bxc6,b7c6,0.09,0.39,30.000000000000004,False,12,1,saransh12387,songuko,1979,2013,1-0
r1bqk1nr/pp2ppbp/2p3p1/2p5/4PP2/2N5/PPPP2PP/R1BQK1NR w KQkq - 0 6,6,28,28,0,0,0,Opening,8,8,2,1,1,2,2,2,1,1,0,1,2,0,1,0,0,0,0,1,2,0.35,Nf3,g1f3,Qe2,d1e2,0.28,0.28,0.0,False,12,1,saransh12387,songuko,1979,2013,1-0
r1bqk1nr/pp2ppbp/2p3p1/2p5/4PP2/2N2N2/PPPP2PP/R1BQK2R b KQkq - 1 6,6,28,37,0,0,0,Opening,8,8,2,1,1,2,2,2,1,1,0,1,2,0,1,0,0,0,0,1,2,0.44,Nf6,g8f6,Nf6,g8f6,0.44,0.5,6.0,True,12,1,saransh12387,songuko,1979,2013,1-0
r1bqk2r/pp2ppbp/2p2np1/2p5/4PP2/2N2N2/PPPP2PP/R1BQK2R w KQkq - 2 7,7,28,30,0,0,0,Opening,8,8,2,1,1,2,2,2,1,1,0,1,2,0,1,0,0,0,0,1,2,0.48,O-O,e1g1,O-O,e1g1,0.5,0.55,5.000000000000004,True,12,1,saransh12387,songuko,1979,2013,1-0
r1bqk2r/pp2ppbp/2p2np1/2p5/4PP2/2N2N2/PPPP2PP/R1BQ1RK1 b kq - 3 7,7,28,38,0,1,0,Opening,8,8,2,1,1,2,2,2,1,1,0,1,2,0,1,0,0,0,0,1,2,0.52,O-O,e8g8,c4,c5c4,0.5,0.76,26.0,False,12,1,saransh12387,songuko,1979,2013,1-0
r1bq1rk1/pp2ppbp/2p2np1/2p5/4PP2/2N2N2/PPPP2PP/R1BQ1RK1 w - - 4 8,8,28,29,0,1,1,Opening,8,8,2,1,1,2,2,2,1,1,0,1,2,0,1,0,0,0,0,1,2,0.76,Kh1,g1h1,d3,d2d3,0.82,0.01,81.0,False,12,1,saransh12387,songuko,1979,2013,1-0
r1bq1rk1/pp2ppbp/2p2np1/2p5/4PP2/2N2N2/PPPP2PP/R1BQ1R1K b - - 5 8,8,28,36,0,0,1,Opening,8,8,2,1,1,2,2,2,1,1,0,1,2,0,1,0,0,0,0,1,2,-0.01,Bg4,c8g4,c4,c5c4,0.0,0.52,52.0,False,12,1,saransh12387,songuko,1979,2013,1-0
r2q1rk1/pp2ppbp/2p2np1/2p5/4PPb1/2N2N2/PPPP2PP/R1BQ1R1K w - - 6 9,9,28,29,0,0,1,Opening,8,8,2,1,1,2,2,2,1,1,0,1,2,0,1,0,0,0,0,1,2,0.49,h3,h2h3,h3,h2h3,0.54,0.46,8.000000000000002,True,12,1,saransh12387,songuko,1979,2013,1-0
r2q1rk1/pp2ppbp/2p2np1/2p5/4PPb1/2N2N1P/PPPP2P1/R1BQ1R1K b - - 0 9,9,28,40,0,0,1,Opening,8,8,2,1,1,2,2,2,1,1,0,1,2,0,1,0,0,0,0,1,2,0.63,Bd7,g4d7,Bxf3,g4f3,0.54,0.99,44.99999999999999,False,12,1,saransh12387,songuko,1979,2013,1-0
r2q1rk1/pp1bppbp/2p2np1/2p5/4PP2/2N2N1P/PPPP2P1/R1BQ1R1K w - - 1 10,10,28,31,0,0,1,Opening,8,8,2,1,1,2,2,2,1,1,0,1,2,0,1,0,0,0,0,1,2,1.03,f5,f4f5,d3,d2d3,1.14,0.15,98.99999999999999,False,12,1,saransh12387,songuko,1979,2013,1-0
r2q1rk1/pp1bppbp/2p2np1/2p2P2/4P3/2N2N1P/PPPP2P1/R1BQ1R1K b - - 0 10,10,28,32,0,0,1,Opening,8,8,2,1,1,2,2,2,1,1,0,1,2,0,1,0,0,0,0,1,2,0.02,Nh5,f6h5,gxf5,g6f5,0.18,0.29,10.999999999999998,False,12,1,saransh12387,songuko,1979,2013,1-0
r2q1rk1/pp1bppbp/2p3p1/2p2P1n/4P3/2N2N1P/PPPP2P1/R1BQ1R1K w - - 1 11,11,28,32,0,0,1,Opening,8,8,2,1,1,2,2,2,1,1,0,1,2,0,1,0,0,0,0,1,2,0.46,Qe1,d1e1,Qe1,d1e1,0.3,0.45,15.000000000000002,True,12,1,saransh12387,songuko,1979,2013,1-0
r2q1rk1/pp1bppbp/2p3p1/2p2P1n/4P3/2N2N1P/PPPP2P1/R1B1QR1K b - - 2 11,11,28,34,0,0,1,Opening,8,8,2,1,1,2,2,2,1,1,0,1,2,0,1,0,0,0,0,1,2,0.42,Qc7,d8c7,gxf5,g6f5,0.39,0.94,54.99999999999999,False,12,1,saransh12387,songuko,1979,2013,1-0
r4rk1/ppqbppbp/2p3p1/2p2P1n/4P3/2N2N1P/PPPP2P1/R1B1QR1K w - - 3 12,12,28,34,0,0,1,Opening,8,8,2,1,1,2,2,2,1,1,0,1,2,0,1,0,0,0,0,1,2,0.93,e5,e4e5,e5,e4e5,0.96,0.91,4.999999999999993,True,12,1,saransh12387,songuko,1979,2013,1-0
r4rk1/ppqbppbp/2p3p1/2p1PP1n/8/2N2N1P/PPPP2P1/R1B1QR1K b - - 0 12,12,28,37,0,0,1,Opening,8,8,2,1,1,2,2,2,1,1,0,1,2,0,1,0,0,0,0,1,2,0.86,Bxf5,d7f5,Bxf5,d7f5,0.91,0.99,7.9999999999999964,True,12,1,saransh12387,songuko,1979,2013,1-0
r4rk1/ppq1ppbp/2p3p1/2p1Pb1n/8/2N2N1P/PPPP2P1/R1B1QR1K w - - 0 13,13,27,34,-1,0,1,Opening,7,8,2,1,1,2,2,2,1,1,0,1,2,0,1,0,0,0,0,2,2,0.99,g4,g2g4,g4,g2g4,0.99,0.99,0.0,True,12,1,saransh12387,songuko,1979,2013,1-0
r4rk1/ppq1ppbp/2p3p1/2p1Pb1n/6P1/2N2N1P/PPPP4/R1B1QR1K b - - 0 13,13,27,40,-1,0,1,Opening,7,8,2,1,1,2,2,2,1,1,0,1,2,0,1,0,0,0,0,2,2,0.99,Bxg4,f5g4,Qd7,c7d7,0.99,2.49,150.00000000000003,False,12,1,saransh12387,songuko,1979,2013,1-0
r4rk1/ppq1ppbp/2p3p1/2p1P2n/6b1/2N2N1P/PPPP4/R1B1QR1K w - - 0 14,14,26,34,-2,0,1,Opening,6,8,2,1,1,2,2,2,1,1,0,1,2,0,1,1,0,0,0,2,2,2.73,hxg4,h3g4,hxg4,h3g4,3.02,2.9,12.00000000000001,True,12,1,saransh12387,songuko,1979,2013,1-0
r4rk1/ppq1ppbp/2p3p1/2p1P2n/6P1/2N2N2/PPPP4/R1B1QR1K b - - 0 14,14,25,34,1,0,1,Opening,6,8,2,1,1,1,2,2,1,1,0,0,2,0,1,1,0,0,0,2,2,2.87,Nf4,h5f4,Nf4,h5f4,2.88,2.86,2.0000000000000018,True,12,1,saransh12387,songuko,1979,2013,1-0
r4rk1/ppq1ppbp/2p3p1/2p1P3/5nP1/2N2N2/PPPP4/R1B1QR1K w - - 1 15,15,25,32,1,0,1,Opening,6,8,2,1,1,1,2,2,1,1,0,0,2,0,1,1,0,0,0,2,2,2.96,d3,d2d3,d3,d2d3,2.99,2.86,13.000000000000034,True,12,1,saransh12387,songuko,1979,2013,1-0
r4rk1/ppq1ppbp/2p3p1/2p1P3/5nP1/2NP1N2/PPP5/R1B1QR1K b - - 0 15,15,25,39,1,0,1,Opening,6,8,2,1,1,1,2,2,1,1,0,0,2,0,1,1,0,0,0,2,2,2.76,Ne6,f4e6,Nd5,f4d5,2.83,2.94,10.999999999999988,False,12,1,saransh12387,songuko,1979,2013,1-0
r4rk1/ppq1ppbp/2p1n1p1/2p1P3/6P1/2NP1N2/PPP5/R1B1QR1K w - - 1 16,16,25,38,1,0,1,Opening,6,8,2,1,1,1,2,2,1,1,0,0,2,0,1,1,0,0,0,2,2,3.15,Kg2,h1g2,Kg2,h1g2,2.97,3.15,17.99999999999997,True,12,1,saransh12387,songuko,1979,2013,1-0
r4rk1/ppq1ppbp/2p1n1p1/2p1P3/6P1/2NP1N2/PPP3K1/R1B1QR2 b - - 2 16,16,25,35,1,0,1,Opening,6,8,2,1,1,1,2,2,1,1,0,0,2,0,1,1,0,0,0,2,2,3.02,b5,b7b5,h6,h7h6,3.28,3.62,34.00000000000003,False,12,1,saransh12387,songuko,1979,2013,1-0
r4rk1/p1q1ppbp/2p1n1p1/1pp1P3/6P1/2NP1N2/PPP3K1/R1B1QR2 w - - 0 17,17,25,42,1,0,1,Opening,6,8,2,1,1,1,2,2,1,1,0,0,2,0,1,1,0,0,0,2,2,3.47,Rh1,f1h1,Rh1,f1h1,3.51,3.53,2.0000000000000018,True,12,1,saransh12387,songuko,1979,2013,1-0
r4rk1/p1q1ppbp/2p1n1p1/1pp1P3/6P1/2NP1N2/PPP3K1/R1B1Q2R b - - 1 17,17,25,35,1,0,1,Opening,6,8,2,1,1,1,2,2,1,1,0,0,2,0,1,1,0,0,0,2,2,3.61,Rfe8,f8e8,f6,f7f6,3.68,4.13,44.99999999999997,False,12,1,saransh12387,songuko,1979,2013,1-0
r3r1k1/p1q1ppbp/2p1n1p1/1pp1P3/6P1/2NP1N2/PPP3K1/R1B1Q2R w - - 2 18,18,25,49,1,0,1,Opening,6,8,2,1,1,1,2,2,1,1,0,0,2,0,1,1,0,0,0,2,2,4.41,Qh4,e1h4,Qh4,e1h4,4.43,4.33,9.999999999999964,True,12,1,saransh12387,songuko,1979,2013,1-0
r3r1k1/p1q1ppbp/2p1n1p1/1pp1P3/6PQ/2NP1N2/PPP3K1/R1B4R b - - 3 18,18,25,37,1,0,1,Opening,6,8,2,1,1,1,2,2,1,1,0,0,2,0,1,1,0,0,0,2,2,4.56,Nf8,e6f8,Nf8,e6f8,4.27,4.49,22.000000000000064,True,12,1,saransh12387,songuko,1979,2013,1-0
r3rnk1/p1q1ppbp/2p3p1/1pp1P3/6PQ/2NP1N2/PPP3K1/R1B4R w - - 4 19,19,25,49,1,0,1,Opening,6,8,2,1,1,1,2,2,1,1,0,0,2,0,1,1,0,0,0,2,2,4.44,Ng5,f3g5,Bh6,c1h6,4.55,2.95,159.99999999999997,False,12,1,saransh12387,songuko,1979,2013,1-0
r3rnk1/p1q1ppbp/2p3p1/1pp1P1N1/6PQ/2NP4/PPP3K1/R1B4R b - - 5 19,19,25,31,1,0,1,Opening,6,8,2,1,1,1,2,2,1,1,0,0,2,0,1,1,0,0,0,2,2,2.71,Qxe5,c7e5,Qxe5,c7e5,2.97,2.98,0.9999999999999787,True,12,1,saransh12387,songuko,1979,2013,1-0
r3rnk1/p3ppbp/2p3p1/1pp1q1N1/6PQ/2NP4/PPP3K1/R1B4R w - - 0 20,20,24,41,0,0,1,Middlegame,5,8,2,1,1,1,2,2,1,1,0,0,2,0,1,1,0,0,0,2,2,3.09,Nxh7,g5h7,Nxh7,g5h7,2.97,3.09,11.999999999999966,True,12,1,saransh12387,songuko,1979,2013,1-0
r3rnk1/p3ppbN/2p3p1/1pp1q3/6PQ/2NP4/PPP3K1/R1B4R b - - 0 20,20,23,39,1,0,1,Middlegame,5,7,2,1,1,1,2,2,1,1,0,0,2,0,1,1,0,0,0,2,2,3.14,f5,f7f5,b4,b5b4,3.16,3.95,79.0,False,12,1,saransh12387,songuko,1979,2013,1-0
r3rnk1/p3p1bN/2p3p1/1pp1qp2/6PQ/2NP4/PPP3K1/R1B4R w - - 0 21,21,23,44,1,0,1,Middlegame,5,7,2,1,1,1,2,2,1,1,0,0,2,0,1,1,0,0,0,2,2,3.71,Nxf8,h7f8,Nxf8,h7f8,3.59,3.67,8.000000000000007,True,12,1,saransh12387,songuko,1979,2013,1-0
r3rNk1/p3p1b1/2p3p1/1pp1qp2/6PQ/2NP4/PPP3K1/R1B4R b - - 0 21,21,22,36,4,0,1,Middlegame,5,7,2,0,1,1,2,2,1,1,0,0,2,0,1,1,0,0,0,2,2,3.58,Rxf8,e8f8,Rxf8,e8f8,3.85,3.78,7.000000000000028,True,12,1,saransh12387,songuko,1979,2013,1-0
r4rk1/p3p1b1/2p3p1/1pp1qp2/6PQ/2NP4/PPP3K1/R1B4R w - - 0 22,22,21,43,1,0,1,Middlegame,5,7,1,0,1,1,2,2,1,1,0,0,2,0,1,1,0,0,0,2,2,3.79,Qh7+,h4h7,Bg5,c1g5,3.31,3.19,12.00000000000001,False,12,1,saransh12387,songuko,1979,2013,1-0
r4rk1/p3p1bQ/2p3p1/1pp1qp2/6P1/2NP4/PPP3K1/R1B4R b - - 1 22,22,21,1,1,0,1,Middlegame,5,7,1,0,1,1,2,2,1,1,0,0,2,0,1,1,0,0,0,2,2,2.59,Kf7,g8f7,Kf7,g8f7,2.73,2.69,4.0000000000000036,True,12,1,saransh12387,songuko,1979,2013,1-0
r4r2/p3pkbQ/2p3p1/1pp1qp2/6P1/2NP4/PPP3K1/R1B4R w - - 2 23,23,21,43,1,0,0,Middlegame,5,7,1,0,1,1,2,2,1,1,0,0,2,0,1,1,0,0,0,2,2,2.57,gxf5,g4f5,Bh6,c1h6,2.68,2.36,32.00000000000003,False,12,1,saransh12387,songuko,1979,2013,1-0
r4r2/p3pkbQ/2p3p1/1pp1qP2/8/2NP4/PPP3K1/R1B4R b - - 0 23,23,20,35,2,0,0,Middlegame,5,6,1,0,1,1,2,2,1,1,0,0,2,0,1,1,2,0,0,2,3,2.43,gxf5,g6f5,Qxf5,e5f5,2.75,3.37,62.000000000000014,False,12,1,saransh12387,songuko,1979,2013,1-0
r4r2/p3pkbQ/2p5/1pp1qp2/8/2NP4/PPP3K1/R1B4R w - - 0 24,24,19,42,1,0,0,Middlegame,4,6,1,0,1,1,2,2,1,1,0,0,2,0,1,0,0,0,1,1,2,3.36,Bh6,c1h6,Qh5+,h7h5,3.86,2.38,148.0,False,12,1,saransh12387,songuko,1979,2013,1-0
r4r2/p3pkbQ/2p4B/1pp1qp2/8/2NP4/PPP3K1/R6R b - - 1 24,24,19,34,1,0,0,Middlegame,4,6,1,0,1,1,2,2,1,1,0,0,2,0,1,0,0,0,1,1,2,2.41,Rg8,f8g8,Rh8,f8h8,2.52,3.37,85.00000000000001,False,12,1,saransh12387,songuko,1979,2013,1-0
r5r1/p3pkbQ/2p4B/1pp1qp2/8/2NP4/PPP3K1/R6R w - - 2 25,25,19,44,1,0,0,Middlegame,4,6,1,0,1,1,2,2,1,1,0,0,2,0,1,0,0,0,1,1,2,3.73,Rae1,a1e1,Kf3,g2f3,3.93,3.65,28.000000000000025,False,12,1,saransh12387,songuko,1979,2013,1-0
r5r1/p3pkbQ/2p4B/1pp1qp2/8/2NP4/PPP3K1/4R2R b - - 3 25,25,19,36,1,0,0,Middlegame,4,6,1,0,1,1,2,2,1,1,0,0,2,0,1,0,0,0,1,1,2,3.94,Qf6,e5f6,Qf6,e5f6,4.07,3.87,20.000000000000018,True,12,1,saransh12387,songuko,1979,2013,1-0
r5r1/p3pkbQ/2p2q1B/1pp2p2/8/2NP4/PPP3K1/4R2R w - - 4 26,26,19,48,1,0,0,Middlegame,4,6,1,0,1,1,2,2,1,1,0,0,2,0,1,0,0,0,1,1,2,3.79,Rhf1,h1f1,Kf2,g2f2,3.82,2.93,88.99999999999997,False,12,1,saransh12387,songuko,1979,2013,1-0
r5r1/p3pkbQ/2p2q1B/1pp2p2/8/2NP4/PPP3K1/4RR2 b - - 5 26,26,19,29,1,0,0,Middlegame,4,6,1,0,1,1,2,2,1,1,0,0,2,0,1,0,0,0,1,1,2,2.87,e6,e7e6,e6,e7e6,2.82,2.54,27.99999999999998,True,12,1,saransh12387,songuko,1979,2013,1-0
r5r1/p4kbQ/2p1pq1B/1pp2p2/8/2NP4/PPP3K1/4RR2 w - - 0 27,27,19,45,1,0,0,Middlegame,4,6,1,0,1,1,2,2,1,1,0,0,2,0,1,0,0,0,1,1,2,2.64,Ne4,c3e4,Rh1,f1h1,2.65,-2.74,539.0,False,12,1,saransh12387,songuko,1979,2013,1-0
r5r1/p4kbQ/2p1pq1B/1pp2p2/4N3/3P4/PPP3K1/4RR2 b - - 1 27,27,19,31,1,0,0,Middlegame,4,6,1,0,1,1,2,2,1,1,0,0,2,0,1,0,0,0,1,1,2,-3.02,Qxb2,f6b2,Qxh6,f6h6,-2.63,9.03,1166.0,False,12,1,saransh12387,songuko,1979,2013,1-0
r5r1/p4kbQ/2p1p2B/1pp2p2/4N3/3P4/PqP3K1/4RR2 w - - 0 28,28,18,41,0,0,0,Middlegame,3,6,1,0,1,1,2,2,1,1,0,0,2,0,1,1,0,0,1,2,2,10000.0,Nd6+,e4d6,Rxf5+,f1f5,10000.0,4.39,999561.0,False,12,1,saransh12387,songuko,1979,2013,1-0
r5r1/p4kbQ/2pNp2B/1pp2p2/8/3P4/PqP3K1/4RR2 b - - 1 28,28,18,3,0,0,0,Middlegame,3,6,1,0,1,1,2,2,1,1,0,0,2,0,1,1,0,0,1,2,2,4.36,Kf8,f7f8,Ke7,f7e7,4.34,10000.0,999566.0,False,12,1,saransh12387,songuko,1979,2013,1-0
r4kr1/p5bQ/2pNp2B/1pp2p2/8/3P4/PqP3K1/4RR2 w - - 2 29,29,18,44,0,0,0,Middlegame,3,6,1,0,1,1,2,2,1,1,0,0,2,0,1,1,0,0,1,2,2,10000.0,Kh1,g2h1,Qxf5+,h7f5,10000.0,5.59,999441.0,False,12,1,saransh12387,songuko,1979,2013,1-0
r4kr1/p5bQ/2pNp2B/1pp2p2/8/3P4/PqP5/4RR1K b - - 3 29,29,18,25,0,0,0,Middlegame,3,6,1,0,1,1,2,2,1,1,0,0,2,0,1,1,0,0,1,2,2,6.4,Qf6,b2f6,Qf6,b2f6,6.04,6.11,7.000000000000028,True,12,1,saransh12387,songuko,1979,2013,1-0
r4kr1/p5bQ/2pNpq1B/1pp2p2/8/3P4/P1P5/4RR1K w - - 4 30,30,18,41,0,0,0,Middlegame,3,6,1,0,1,1,2,2,1,1,0,0,2,0,1,1,0,0,1,2,2,6.12,Nxf5,d6f5,Bxg7+,h6g7,6.04,7.43,138.99999999999997,False,12,1,saransh12387,songuko,1979,2013,1-0
r4kr1/p5bQ/2p1pq1B/1pp2N2/8/3P4/P1P5/4RR1K b - - 0 30,30,17,27,1,0,0,Middlegame,3,5,1,0,1,1,2,2,1,1,0,0,2,0,1,1,1,0,0,2,2,7.62,exf5,e6f5,exf5,e6f5,7.68,7.88,20.000000000000018,True,12,1,saransh12387,songuko,1979,2013,1-0
r4kr1/p5bQ/2p2q1B/1pp2p2/8/3P4/P1P5/4RR1K w - - 0 31,31,16,35,-2,0,0,Middlegame,3,5,0,0,1,1,2,2,1,1,0,0,2,0,1,1,1,0,1,2,2,7.78,Rxf5,f1f5,Rxf5,f1f5,8.29,8.69,40.000000000000036,True,12,1,saransh12387,songuko,1979,2013,1-0
r4kr1/p5bQ/2p2q1B/1pp2R2/8/3P4/P1P5/4R2K b - - 0 31,31,15,13,-1,0,0,Middlegame,3,4,0,0,1,1,2,2,1,1,0,0,2,0,1,1,0,0,0,2,1,9.17,Bxh6,g7h6,Qf7,f6f7,9.6,10000.0,999040.0,False,12,1,saransh12387,songuko,1979,2013,1-0
r4kr1/p6Q/2p2q1b/1pp2R2/8/3P4/P1P5/4R2K w - - 0 32,32,14,40,-4,0,0,Middlegame,3,4,0,0,0,1,2,2,1,1,0,0,2,0,1,1,0,0,0,2,1,10000.0,Rxf6#,f5f6,Rxf6#,f5f6,10000.0,10000.0,0.0,True,12,1,saransh12387,songuko,1979,2013,1-0
rnbqkbnr/pppppppp/8/8/8/8/PPPPPPPP/RNBQKBNR w KQkq - 0 1,1,30,20,0,0,0,Opening,8,8,2,2,2,2,2,2,1,1,1,1,2,0,0,0,0,0,0,1,1,0.44,e4,e2e4,e4,e2e4,0.39,0.4,1.0000000000000009,True,12,2,saransh12387,Bedoesiaraaa2115,1971,1992,1/2-1/2
rnbqkbnr/pppppppp/8/8/4P3/8/PPPP1PPP/RNBQKBNR b KQkq - 0 1,1,30,20,0,0,0,Opening,8,8,2,2,2,2,2,2,1,1,1,1,2,0,0,0,0,0,0,1,1,0.41,c5,c7c5,e5,e7e5,0.38,0.53,15.000000000000002,False,12,2,saransh12387,Bedoesiaraaa2115,1971,1992,1/2-1/2
rnbqkbnr/pp1ppppp/8/2p5/4P3/8/PPPP1PPP/RNBQKBNR w KQkq - 0 2,2,30,30,0,0,0,Opening,8,8,2,2,2,2,2,2,1,1,1,1,2,0,0,0,0,0,0,1,1,0.44,Nc3,b1c3,Nf3,g1f3,0.42,0.44,2.0000000000000018,False,12,2,saransh12387,Bedoesiaraaa2115,1971,1992,1/2-1/2
rnbqkbnr/pp1ppppp/8/2p5/4P3/2N5/PPPP1PPP/R1BQKBNR b KQkq - 1 2,2,30,22,0,0,0,Opening,8,8,2,2,2,2,2,2,1,1,1,1,2,0,0,0,0,0,0,1,1,0.44,g6,g7g6,Nc6,b8c6,0.43,0.44,1.0000000000000009,False,12,2,saransh12387,Bedoesiaraaa2115,1971,1992,1/2-1/2
rnbqkbnr/pp1ppp1p/6p1/2p5/4P3/2N5/PPPP1PPP/R1BQKBNR w KQkq - 0 3,3,30,32,0,0,0,Opening,8,8,2,2,2,2,2,2,1,1,1,1,2,0,0,0,0,0,0,1,1,0.49,f4,f2f4,d4,d2d4,0.29,-0.12,41.0,False,12,2,saransh12387,Bedoesiaraaa2115,1971,1992,1/2-1/2
rnbqkbnr/pp1ppp1p/6p1/2p5/4PP2/2N5/PPPP2PP/R1BQKBNR b KQkq - 0 3,3,30,23,0,0,0,Opening,8,8,2,2,2,2,2,2,1,1,1,1,2,0,0,0,0,0,0,1,1,-0.22,e6,e7e6,Nc6,b8c6,-0.17,0.55,72.00000000000001,False,12,2,saransh12387,Bedoesiaraaa2115,1971,1992,1/2-1/2
rnbqkbnr/pp1p1p1p/4p1p1/2p5/4PP2/2N5/PPPP2PP/R1BQKBNR w KQkq - 0 4,4,30,32,0,0,0,Opening,8,8,2,2,2,2,2,2,1,1,1,1,2,0,0,0,0,0,0,1,1,0.59,Nf3,g1f3,Nf3,g1f3,0.6,0.63,3.0000000000000027,True,12,2,saransh12387,Bedoesiaraaa2115,1971,1992,1/2-1/2
rnbqkbnr/pp1p1p1p/4p1p1/2p5/4PP2/2N2N2/PPPP2PP/R1BQKB1R b KQkq - 1 4,4,30,30,0,0,0,Opening,8,8,2,2,2,2,2,2,1,1,1,1,2,0,0,0,0,0,0,1,1,0.64,d5,d7d5,d5,d7d5,0.66,0.78,12.0,True,12,2,saransh12387,Bedoesiaraaa2115,1971,1992,1/2-1/2
rnbqkbnr/pp3p1p/4p1p1/2pp4/4PP2/2N2N2/PPPP2PP/R1BQKB1R w KQkq - 0 5,5,30,33,0,0,0,Opening,8,8,2,2,2,2,2,2,1,1,1,1,2,0,0,0,0,0,0,1,1,0.79,exd5,e4d5,Bb5+,f1b5,0.69,0.46,22.999999999999993,False,12,2,saransh12387,Bedoesiaraaa2115,1971,1992,1/2-1/2
rnbqkbnr/pp3p1p/4p1p1/2pP4/5P2/2N2N2/PPPP2PP/R1BQKB1R b KQkq - 0 5,5,29,35,1,0,0,Opening,8,7,2,2,2,2,2,2,1,1,1,1,2,1,0,0,0,0,0,2,2,0.45,exd5,e6d5,exd5,e6d5,0.33,0.31,2.0000000000000018,True,12,2,saransh12387,Bedoesiaraaa2115,1971,1992,1/2-1/2
rnbqkbnr/pp3p1p/6p1/2pp4/5P2/2N2N2/PPPP2PP/R1BQKB1R w KQkq - 0 6,6,28,32,0,0,0,Opening,7,7,2,2,2,2,2,2,1,1,1,1,2,0,0,0,0,0,0,2,2,0.37,Bb5+,f1b5,Bb5+,f1b5,0.32,0.31,1.0000000000000009,True,12,2,saransh12387,Bedoesiaraaa2115,1971,1992,1/2-1/2
rnbqkbnr/pp3p1p/6p1/1Bpp4/5P2/2N2N2/PPPP2PP/R1BQK2R b KQkq - 1 6,6,28,5,0,0,0,Opening,7,7,2,2,2,2,2,2,1,1,1,1,2,0,0,0,0,0,0,2,2,0.31,Bd7,c8d7,Nc6,b8c6,0.32,1.25,93.0,False,12,2,saransh12387,Bedoesiaraaa2115,1971,1992,1/2-1/2
rn1qkbnr/pp1b1p1p/6p1/1Bpp4/5P2/2N2N2/PPPP2PP/R1BQK2R w KQkq - 2 7,7,28,37,0,0,0,Opening,7,7,2,2,2,2,2,2,1,1,1,1,2,0,0,0,0,0,0,2,2,1.36,Bxd7+,b5d7,Qe2+,d1e2,1.21,0.73,48.0,False,12,2,saransh12387,Bedoesiaraaa2115,1971,1992,1/2-1/2
rn1qkbnr/pp1B1p1p/6p1/2pp4/5P2/2N2N2/PPPP2PP/R1BQK2R b KQkq - 0 7,7,27,4,3,0,0,Opening,7,7,2,2,2,1,2,2,1,1,1,0,2,0,0,0,0,0,0,2,2,0.7,Qxd7,d8d7,Qxd7,d8d7,0.68,0.64,4.0000000000000036,True,12,2,saransh12387,Bedoesiaraaa2115,1971,1992,1/2-1/2
rn2kbnr/pp1q1p1p/6p1/2pp4/5P2/2N2N2/PPPP2PP/R1BQK2R w KQkq - 0 8,8,26,30,0,0,0,Opening,7,7,2,2,1,1,2,2,1,1,0,0,2,0,0,0,0,0,0,2,2,0.64,Ne5,f3e5,Ne5,f3e5,0.66,0.65,1.0000000000000009,True,12,2,saransh12387,Bedoesiaraaa2115,1971,1992,1/2-1/2
rn2kbnr/pp1q1p1p/6p1/2ppN3/5P2/2N5/PPPP2PP/R1BQK2R b KQkq - 1 8,8,26,34,0,0,0,Opening,7,7,2,2,1,1,2,2,1,1,0,0,2,0,0,0,0,0,0,2,2,0.65,Qe6,d7e6,Qe6,d7e6,0.68,0.68,0.0,True,12,2,saransh12387,Bedoesiaraaa2115,1971,1992,1/2-1/2
rn2kbnr/pp3p1p/4q1p1/2ppN3/5P2/2N5/PPPP2PP/R1BQK2R w KQkq - 2 9,9,26,28,0,0,0,Opening,7,7,2,2,1,1,2,2,1,1,0,0,2,0,0,0,0,0,0,2,2,0.46,O-O,e1g1,O-O,e1g1,0.39,0.4,1.0000000000000009,True,12,2,saransh12387,Bedoesiaraaa2115,1971,1992,1/2-1/2
rn2kbnr/pp3p1p/4q1p1/2ppN3/5P2/2N5/PPPP2PP/R1BQ1RK1 b kq - 3 9,9,26,35,0,1,0,Opening,7,7,2,2,1,1,2,2,1,1,0,0,2,0,0,0,0,0,0,2,2,0.42,Bg7,f8g7,Ne7,g8e7,0.51,0.86,35.0,False,12,2,saransh12387,Bedoesiaraaa2115,1971,1992,1/2-1/2
rn2k1nr/pp3pbp/4q1p1/2ppN3/5P2/2N5/PPPP2PP/R1BQ1RK1 w kq - 4 10,10,26,36,0,1,0,Opening,7,7,2,2,1,1,2,2,1,1,0,0,2,0,0,0,0,0,0,2,2,0.8,Re1,f1e1,f5,f4f5,0.79,0.28,51.0,False,12,2,saransh12387,Bedoesiaraaa2115,1971,1992,1/2-1/2
rn2k1nr/pp3pbp/4q1p1/2ppN3/5P2/2N5/PPPP2PP/R1BQR1K1 b kq - 5 10,10,26,36,0,1,0,Opening,7,7,2,2,1,1,2,2,1,1,0,0,2,0,0,0,0,0,0,2,2,0.21,Ne7,g8e7,Ne7,g8e7,0.25,0.26,1.0000000000000009,True,12,2,saransh12387,Bedoesiaraaa2115,1971,1992,1/2-1/2
rn2k2r/pp2npbp/4q1p1/2ppN3/5P2/2N5/PPPP2PP/R1BQR1K1 w kq - 6 11,11,26,37,0,1,0,Opening,7,7,2,2,1,1,2,2,1,1,0,0,2,0,0,0,0,0,0,2,2,0.25,Nb5,c3b5,d4,d2d4,0.26,-0.81,107.0,False,12,2,saransh12387,Bedoesiaraaa2115,1971,1992,1/2-1/2
rn2k2r/pp2npbp/4q1p1/1NppN3/5P2/8/PPPP2PP/R1BQR1K1 b kq - 7 11,11,26,37,0,1,0,Opening,7,7,2,2,1,1,2,2,1,1,0,0,2,0,0,0,0,0,0,2,2,-0.85,Na6,b8a6,Qb6,e6b6,-0.84,2.6,344.0,False,12,2,saransh12387,Bedoesiaraaa2115,1971,1992,1/2-1/2
r3k2r/pp2npbp/n3q1p1/1NppN3/5P2/8/PPPP2PP/R1BQR1K1 w kq - 8 12,12,26,39,0,1,0,Opening,7,7,2,2,1,1,2,2,1,1,0,0,2,0,0,0,0,0,0,2,2,2.74,d4,d2d4,Nxf7,e5f7,2.54,0.47,207.00000000000003,False,12,2,saransh12387,Bedoesiaraaa2115,1971,1992,1/2-1/2
r3k2r/pp2npbp/n3q1p1/1NppN3/3P1P2/8/PPP3PP/R1BQR1K1 b kq - 0 12,12,26,38,0,1,0,Opening,7,7,2,2,1,1,2,2,1,1,0,0,2,0,0,0,0,0,0,2,2,0.46,O-O,e8g8,O-O,e8g8,0.35,0.31,3.9999999999999982,True,12,2,saransh12387,Bedoesiaraaa2115,1971,1992,1/2-1/2
r4rk1/pp2npbp/n3q1p1/1NppN3/3P1P2/8/PPP3PP/R1BQR1K1 w - - 1 13,13,26,41,0,1,1,Opening,7,7,2,2,1,1,2,2,1,1,0,0,2,0,0,0,0,0,0,2,2,0.51,dxc5,d4c5,a4,a2a4,0.32,0.2,12.0,False,12,2,saransh12387,Bedoesiaraaa2115,1971,1992,1/2-1/2
r4rk1/pp2npbp/n3q1p1/1NPpN3/5P2/8/PPP3PP/R1BQR1K1 b - - 0 13,13,25,37,1,1,1,Opening,7,6,2,2,1,1,2,2,1,1,0,0,2,1,0,0,1,0,0,2,3,0.27,Nc6,e7c6,Qc8,e6c8,0.2,0.94,74.0,False,12,2,saransh12387,Bedoesiaraaa2115,1971,1992,1/2-1/2
r4rk1/pp3pbp/n1n1q1p1/1NPpN3/5P2/8/PPP3PP/R1BQR1K1 w - - 1 14,14,25,43,1,1,1,Opening,7,6,2,2,1,1,2,2,1,1,0,0,2,1,0,0,1,0,0,2,3,0.88,Nc3,b5c3,Nd3,e5d3,0.97,-0.42,139.0,False,12,2,saransh12387,Bedoesiaraaa2115,1971,1992,1/2-1/2
r4rk1/pp3pbp/n1n1q1p1/2PpN3/5P2/2N5/PPP3PP/R1BQR1K1 b - - 2 14,14,25,42,1,1,1,Opening,7,6,2,2,1,1,2,2,1,1,0,0,2,1,0,0,1,0,0,2,3,-0.41,Rad8,a8d8,Rad8,a8d8,-0.48,-0.39,8.999999999999996,True,12,2,saransh12387,Bedoesiaraaa2115,1971,1992,1/2-1/2
3r1rk1/pp3pbp/n1n1q1p1/2PpN3/5P2/2N5/PPP3PP/R1BQR1K1 w - - 3 15,15,25,41,1,1,1,Opening,7,6,2,2,1,1,2,2,1,1,0,0,2,1,0,0,1,0,0,2,3,-0.33,Qf3,d1f3,Nd3,e5d3,-0.27,-1.96,169.0,False,12,2,saransh12387,Bedoesiaraaa2115,1971,1992,1/2-1/2
3r1rk1/pp3pbp/n1n1q1p1/2PpN3/5P2/2N2Q2/PPP3PP/R1B1R1K1 b - - 4 15,15,25,40,1,1,1,Opening,7,6,2,2,1,1,2,2,1,1,0,0,2,1,0,0,1,0,0,2,3,-1.64,Nxc5,a6c5,Nxc5,a6c5,-1.63,-1.6,2.9999999999999805,True,12,2,saransh12387,Bedoesiaraaa2115,1971,1992,1/2-1/2
3r1rk1/pp3pbp/2n1q1p1/2npN3/5P2/2N2Q2/PPP3PP/R1B1R1K1 w - - 0 16,16,24,46,0,1,1,Middlegame,6,6,2,2,1,1,2,2,1,1,0,0,2,0,0,0,1,0,0,2,3,-1.57,a3,a2a3,Bd2,c1d2,-1.66,-2.0,34.00000000000001,False,12,2,saransh12387,Bedoesiaraaa2115,1971,1992,1/2-1/2
3r1rk1/pp3pbp/2n1q1p1/2npN3/5P2/P1N2Q2/1PP3PP/R1B1R1K1 b - - 0 16,16,24,44,0,1,1,Middlegame,6,6,2,2,1,1,2,2,1,1,0,0,2,0,0,0,1,0,0,2,3,-2.31,Nd4,c6d4,Rfe8,f8e8,-2.29,0.26,254.99999999999997,False,12,2,saransh12387,Bedoesiaraaa2115,1971,1992,1/2-1/2
3r1rk1/pp3pbp/4q1p1/2npN3/3n1P2/P1N2Q2/1PP3PP/R1B1R1K1 w - - 1 17,17,24,47,0,1,1,Middlegame,6,6,2,2,1,1,2,2,1,1,0,0,2,0,0,0,1,0,0,2,3,0.3,Qf2,f3f2,Qf2,f3f2,0.58,0.63,5.000000000000004,True,12,2,saransh12387,Bedoesiaraaa2115,1971,1992,1/2-1/2
3r1rk1/pp3pbp/4q1p1/2npN3/3n1P2/P1N5/1PP2QPP/R1B1R1K1 b - - 2 17,17,24,47,0,1,1,Middlegame,6,6,2,2,1,1,2,2,1,1,0,0,2,0,0,0,1,0,0,2,3,0.62,Nc6,d4c6,Ndb3,d4b3,0.61,2.24,163.00000000000003,False,12,2,saransh12387,Bedoesiaraaa2115,1971,1992,1/2-1/2
3r1rk1/pp3pbp/2n1q1p1/2npN3/5P2/P1N5/1PP2QPP/R1B1R1K1 w - - 3 18,18,24,44,0,1,1,Middlegame,6,6,2,2,1,1,2,2,1,1,0,0,2,0,0,0,1,0,0,2,3,2.01,Qxc5,f2c5,Qxc5,f2c5,2.72,2.52,20.000000000000018,True,12,2,saransh12387,Bedoesiaraaa2115,1971,1992,1/2-1/2
3r1rk1/pp3pbp/2n1q1p1/2QpN3/5P2/P1N5/1PP3PP/R1B1R1K1 b - - 0 18,18,23,38,3,1,1,Middlegame,6,6,2,1,1,1,2,2,1,1,0,0,2,0,0,0,1,0,0,2,3,2.51,Nxe5,c6e5,d4,d5d4,2.25,2.83,58.00000000000001,False,12,2,saransh12387,Bedoesiaraaa2115,1971,1992,1/2-1/2
3r1rk1/pp3pbp/4q1p1/2Qpn3/5P2/P1N5/1PP3PP/R1B1R1K1 w - - 0 19,19,22,46,0,1,1,Middlegame,6,6,1,1,1,1,2,2,1,1,0,0,2,0,0,0,1,0,0,2,3,3.03,fxe5,f4e5,fxe5,f4e5,2.99,3.06,6.999999999999984,True,12,2,saransh12387,Bedoesiaraaa2115,1971,1992,1/2-1/2
3r1rk1/pp3pbp/4q1p1/2QpP3/8/P1N5/1PP3PP/R1B1R1K1 b - - 0 19,19,21,35,3,1,1,Middlegame,6,6,1,0,1,1,2,2,1,1,0,0,2,0,0,1,1,0,0,3,3,2.99,Bxe5,g7e5,d4,d5d4,3.05,3.48,43.000000000000014,False,12,2,saransh12387,Bedoesiaraaa2115,1971,1992,1/2-1/2
3r1rk1/pp3p1p/4q1p1/2Qpb3/8/P1N5/1PP3PP/R1B1R1K1 w - - 0 20,20,20,47,2,1,1,Middlegame,5,6,1,0,1,1,2,2,1,1,0,0,2,0,0,0,1,0,0,2,3,3.11,Bf4,c1f4,Bh6,c1h6,3.29,3.06,23.0,False,12,2,saransh12387,Bedoesiaraaa2115,1971,1992,1/2-1/2
3r1rk1/pp3p1p/4q1p1/2Qpb3/5B2/P1N5/1PP3PP/R3R1K1 b - - 1 20,20,20,40,2,1,1,Middlegame,5,6,1,0,1,1,2,2,1,1,0,0,2,0,0,0,1,0,0,2,3,2.98,Qd6,e6d6,Bxf4,e5f4,3.4,4.47,106.99999999999999,False,12,2,saransh12387,Bedoesiaraaa2115,1971,1992,1/2-1/2
3r1rk1/pp3p1p/3q2p1/2Qpb3/5B2/P1N5/1PP3PP/R3R1K1 w - - 2 21,21,20,51,2,1,1,Middlegame,5,6,1,0,1,1,2,2,1,1,0,0,2,0,0,0,1,0,0,2,3,4.27,Qxd6,c5d6,Qxd6,c5d6,4.52,4.46,5.999999999999961,True,12,2,saransh12387,Bedoesiaraaa2115,1971,1992,1/2-1/2
3r1rk1/pp3p1p/3Q2p1/3pb3/5B2/P1N5/1PP3PP/R3R1K1 b - - 0 21,21,19,26,11,1,1,Middlegame,5,6,1,0,1,1,2,2,1,0,0,0,1,0,0,0,1,0,0,2,3,4.45,Bxd6,e5d6,Bxd6,e5d6,4.77,4.73,3.9999999999999147,True,12,2,saransh12387,Bedoesiaraaa2115,1971,1992,1/2-1/2
3r1rk1/pp3p1p/3b2p1/3p4/5B2/P1N5/1PP3PP/R3R1K1 w - - 0 22,22,18,41,2,1,1,Middlegame,5,6,1,0,1,1,2,2,0,0,0,0,0,0,0,0,1,0,0,2,3,4.79,Bxd6,f4d6,Bxd6,f4d6,4.79,4.68,11.000000000000032,True,12,2,saransh12387,Bedoesiaraaa2115,1971,1992,1/2-1/2
3r1rk1/pp3p1p/3B2p1/3p4/8/P1N5/1PP3PP/R3R1K1 b - - 0 22,22,17,19,5,1,1,Middlegame,5,6,1,0,1,0,2,2,0,0,0,0,0,0,0,0,1,0,0,2,3,4.77,Rxd6,d8d6,Rxd6,d8d6,4.75,4.72,3.000000000000025,True,12,2,saransh12387,Bedoesiaraaa2115,1971,1992,1/2-1/2
5rk1/pp3p1p/3r2p1/3p4/8/P1N5/1PP3PP/R3R1K1 w - - 0 23,23,16,33,2,1,1,Middlegame,5,6,1,0,0,0,2,2,0,0,0,0,0,0,0,0,1,0,0,2,3,4.93,Re7,e1e7,Ne2,c3e2,4.68,3.92,75.99999999999997,False,12,2,saransh12387,Bedoesiaraaa2115,1971,1992,1/2-1/2
5rk1/pp2Rp1p/3r2p1/3p4/8/P1N5/1PP3PP/R5K1 b - - 1 23,23,16,24,2,1,1,Middlegame,5,6,1,0,0,0,2,2,0,0,0,0,0,0,0,0,1,0,0,2,3,3.76,Rb6,d6b6,d4,d5d4,3.85,4.41,56.00000000000001,False,12,2,saransh12387,Bedoesiaraaa2115,1971,1992,1/2-1/2
5rk1/pp2Rp1p/1r4p1/3p4/8/P1N5/1PP3PP/R5K1 w - - 2 24,24,16,35,2,1,1,Middlegame,5,6,1,0,0,0,2,2,0,0,0,0,0,0,0,0,1,0,0,2,3,4.03,Na4,c3a4,Nxd5,c3d5,4.12,2.99,112.99999999999999,False,12,2,saransh12387,Bedoesiaraaa2115,1971,1992,1/2-1/2
5rk1/pp2Rp1p/1r4p1/3p4/N7/P7/1PP3PP/R5K1 b - - 3 24,24,16,24,2,1,1,Middlegame,5,6,1,0,0,0,2,2,0,0,0,0,0,0,0,0,1,0,0,2,3,3.26,Ra6,b6a6,Rc6,b6c6,3.29,3.68,39.000000000000014,False,12,2,saransh12387,Bedoesiaraaa2115,1971,1992,1/2-1/2
5rk1/pp2Rp1p/r5p1/3p4/N7/P7/1PP3PP/R5K1 w - - 4 25,25,16,31,2,1,1,Middlegame,5,6,1,0,0,0,2,2,0,0,0,0,0,0,0,0,1,0,0,2,3,4.13,b3,b2b3,Nc3,a4c3,4.12,3.36,76.00000000000003,False,12,2,saransh12387,Bedoesiaraaa2115,1971,1992,1/2-1/2
5rk1/pp2Rp1p/r5p1/3p4/N7/PP6/2P3PP/R5K1 b - - 0 25,25,16,22,2,1,1,Middlegame,5,6,1,0,0,0,2,2,0,0,0,0,0,0,0,0,1,0,0,2,3,3.19,Rc8,f8c8,Rc8,f8c8,3.48,3.55,6.999999999999984,True,12,2,saransh12387,Bedoesiaraaa2115,1971,1992,1/2-1/2
2r3k1/pp2Rp1p/r5p1/3p4/N7/PP6/2P3PP/R5K1 w - - 1 26,26,16,31,2,1,1,Middlegame,5,6,1,0,0,0,2,2,0,0,0,0,0,0,0,0,1,0,0,2,3,3.52,Rc1,a1c1,Re2,e7e2,3.45,3.24,20.999999999999996,False,12,2,saransh12387,Bedoesiaraaa2115,1971,1992,1/2-1/2
2r3k1/pp2Rp1p/r5p1/3p4/N7/PP6/2P3PP/2R3K1 b - - 2 26,26,16,29,2,1,1,Middlegame,5,6,1,0,0,0,2,2,0,0,0,0,0,0,0,0,1,0,0,2,3,3.7,b5,b7b5,b5,b7b5,3.54,3.35,18.999999999999993,True,12,2,saransh12387,Bedoesiaraaa2115,1971,1992,1/2-1/2
2r3k1/p3Rp1p/r5p1/1p1p4/N7/PP6/2P3PP/2R3K1 w - - 0 27,27,16,31,2,1,1,Middlegame,5,6,1,0,0,0,2,2,0,0,0,0,0,0,0,0,1,0,0,2,3,3.34,Nb2,a4b2,Nb2,a4b2,3.46,3.56,10.000000000000009,True,12,2,saransh12387,Bedoesiaraaa2115,1971,1992,1/2-1/2
2r3k1/p3Rp1p/r5p1/1p1p4/8/PP6/1NP3PP/2R3K1 b - - 1 27,27,16,29,2,1,1,Middlegame,5,6,1,0,0,0,2,2,0,0,0,0,0,0,0,0,1,0,0,2,3,3.76,Rxa3,a6a3,Rxa3,a6a3,3.5,3.5,0.0,True,12,2,saransh12387,Bedoesiaraaa2115,1971,1992,1/2-1/2
2r3k1/p3Rp1p/6p1/1p1p4/8/rP6/1NP3PP/2R3K1 w - - 0 28,28,15,31,1,1,1,Middlegame,4,6,1,0,0,0,2,2,0,0,0,0,0,0,0,0,1,0,0,2,3,3.42,Nd3,b2d3,Nd3,b2d3,3.5,3.38,12.00000000000001,True,12,2,saransh12387,Bedoesiaraaa2115,1971,1992,1/2-1/2
2r3k1/p3Rp1p/6p1/1p1p4/8/rP1N4/2P3PP/2R3K1 b - - 1 28,28,15,29,1,1,1,Middlegame,4,6,1,0,0,0,2,2,0,0,0,0,0,0,0,0,1,0,0,2,3,3.38,Ra2,a3a2,a5,a7a5,3.29,4.21,92.0,False,12,2,saransh12387,Bedoesiaraaa2115,1971,1992,1/2-1/2
2r3k1/p3Rp1p/6p1/1p1p4/8/1P1N4/r1P3PP/2R3K1 w - - 2 29,29,15,34,1,1,1,Middlegame,4,6,1,0,0,0,2,2,0,0,0,0,0,0,0,0,1,0,0,2,3,4.07,Ne5,d3e5,Nb4,d3b4,3.98,2.09,189.0,False,12,2,saransh12387,Bedoesiaraaa2115,1971,1992,1/2-1/2
2r3k1/p3Rp1p/6p1/1p1pN3/8/1P6/r1P3PP/2R3K1 b - - 3 29,29,15,30,1,1,1,Middlegame,4,6,1,0,0,0,2,2,0,0,0,0,0,0,0,0,1,0,0,2,3,2.25,f5,f7f5,d4,d5d4,2.34,2.74,40.000000000000036,False,12,2,saransh12387,Bedoesiaraaa2115,1971,1992,1/2-1/2
2r3k1/p3R2p/6p1/1p1pNp2/8/1P6/r1P3PP/2R3K1 w - - 0 30,30,15,32,1,1,1,Middlegame,4,6,1,0,0,0,2,2,0,0,0,0,0,0,0,0,1,0,0,2,3,2.92,Rd7,e7d7,Nf3,e5f3,3.1,2.55,55.00000000000003,False,12,2,saransh12387,Bedoesiaraaa2115,1971,1992,1/2-1/2
2r3k1/p2R3p/6p1/1p1pNp2/8/1P6/r1P3PP/2R3K1 b - - 1 30,30,15,28,1,1,1,Middlegame,4,6,1,0,0,0,2,2,0,0,0,0,0,0,0,0,1,0,0,2,3,2.15,Rcxc2,c8c2,a6,a7a6,2.68,2.41,27.0,False,12,2,saransh12387,Bedoesiaraaa2115,1971,1992,1/2-1/2
6k1/p2R3p/6p1/1p1pNp2/8/1P6/r1r3PP/2R3K1 w - - 0 31,31,14,30,0,1,1,Middlegame,3,6,1,0,0,0,2,2,0,0,0,0,0,0,0,1,1,0,1,2,3,2.46,Rxc2,c1c2,Rxc2,c1c2,2.52,2.28,24.00000000000002,True,12,2,saransh12387,Bedoesiaraaa2115,1971,1992,1/2-1/2
6k1/p2R3p/6p1/1p1pNp2/8/1P6/r1R3PP/6K1 b - - 0 31,31,13,17,5,1,1,Middlegame,3,6,1,0,0,0,2,1,0,0,0,0,0,0,0,1,1,0,1,2,3,2.38,Rxc2,a2c2,Rxc2,a2c2,2.39,2.47,8.000000000000007,True,12,2,saransh12387,Bedoesiaraaa2115,1971,1992,1/2-1/2
6k1/p2R3p/6p1/1p1pNp2/8/1P6/2r3PP/6K1 w - - 0 32,32,12,24,0,1,1,Middlegame,3,6,1,0,0,0,1,1,0,0,0,0,0,0,0,1,1,0,1,2,3,2.3,Rxd5,d7d5,Rxa7,d7a7,2.47,2.37,10.000000000000009,False,12,2,saransh12387,Bedoesiaraaa2115,1971,1992,1/2-1/2
6k1/p6p/6p1/1p1RNp2/8/1P6/2r3PP/6K1 b - - 0 32,32,11,23,1,1,1,Middlegame,3,5,1,0,0,0,1,1,0,0,0,0,0,0,0,1,0,0,0,2,2,2.26,a6,a7a6,a6,a7a6,2.38,2.29,8.999999999999986,True,12,2,saransh12387,Bedoesiaraaa2115,1971,1992,1/2-1/2
6k1/7p/p5p1/1p1RNp2/8/1P6/2r3PP/6K1 w - - 0 33,33,11,24,1,1,1,Middlegame,3,5,1,0,0,0,1,1,0,0,0,0,0,0,0,1,0,0,0,2,2,2.28,Rd6,d5d6,b4,b3b4,2.4,1.96,43.99999999999999,False,12,2,saransh12387,Bedoesiaraaa2115,1971,1992,1/2-1/2
6k1/7p/p2R2p1/1p2Np2/8/1P6/2r3PP/6K1 b - - 1 33,33,11,22,1,1,1,Middlegame,3,5,1,0,0,0,1,1,0,0,0,0,0,0,0,1,0,0,0,2,2,2.05,Ra2,c2a2,a5,a6a5,2.28,2.25,2.9999999999999805,False,12,2,saransh12387,Bedoesiaraaa2115,1971,1992,1/2-1/2
6k1/7p/p2R2p1/1p2Np2/8/1P6/r5PP/6K1 w - - 2 34,34,11,28,1,1,1,Middlegame,3,5,1,0,0,0,1,1,0,0,0,0,0,0,0,1,0,0,0,2,2,2.28,Nc6,e5c6,h3,h2h3,2.1,2.28,17.99999999999997,False,12,2,saransh12387,Bedoesiaraaa2115,1971,1992,1/2-1/2
6k1/7p/p1NR2p1/1p3p2/8/1P6/r5PP/6K1 b - - 3 34,34,11,20,1,1,1,Middlegame,3,5,1,0,0,0,1,1,0,0,0,0,0,0,0,1,0,0,0,2,2,2.33,Kg7,g8g7,Ra3,a2a3,2.41,2.25,16.000000000000014,False,12,2,saransh12387,Bedoesiaraaa2115,1971,1992,1/2-1/2
8/6kp/p1NR2p1/1p3p2/8/1P6/r5PP/6K1 w - - 4 35,35,11,25,1,1,0,Middlegame,3,5,1,0,0,0,1,1,0,0,0,0,0,0,0,1,0,0,0,2,2,2.3,Nb4,c6b4,h3,h2h3,2.38,1.3,107.99999999999999,False,12,2,saransh12387,Bedoesiaraaa2115,1971,1992,1/2-1/2
8/6kp/p2R2p1/1p3p2/1N6/1P6/r5PP/6K1 b - - 5 35,35,11,20,1,1,0,Middlegame,3,5,1,0,0,0,1,1,0,0,0,0,0,0,0,1,0,0,0,2,2,1.05,Rb2,a2b2,Ra1+,a2a1,1.02,1.38,35.999999999999986,False,12,2,saransh12387,Bedoesiaraaa2115,1971,1992,1/2-1/2
8/6kp/p2R2p1/1p3p2/1N6/1P6/1r4PP/6K1 w - - 6 36,36,11,25,1,1,0,Middlegame,3,5,1,0,0,0,1,1,0,0,0,0,0,0,0,1,0,0,0,2,2,1.44,Rxa6,d6a6,Nxa6,b4a6,1.49,1.04,44.99999999999999,False,12,2,saransh12387,Bedoesiaraaa2115,1971,1992,1/2-1/2
8/6kp/R5p1/1p3p2/1N6/1P6/1r4PP/6K1 b - - 0 36,36,10,17,2,1,0,Endgame,3,4,1,0,0,0,1,1,0,0,0,0,0,0,0,1,1,0,0,2,2,1.01,Rxb3,b2b3,Rb1+,b2b1,1.18,1.43,25.0,False,12,2,saransh12387,Bedoesiaraaa2115,1971,1992,1/2-1/2
8/6kp/R5p1/1p3p2/1N6/1r6/6PP/6K1 w - - 0 37,37,9,25,1,1,0,Endgame,2,4,1,0,0,0,1,1,0,0,0,0,0,0,0,0,1,0,1,1,2,1.53,Nd5,b4d5,Nd5,b4d5,1.81,1.64,17.000000000000014,True,12,2,saransh12387,Bedoesiaraaa2115,1971,1992,1/2-1/2
8/6kp/R5p1/1p1N1p2/8/1r6/6PP/6K1 b - - 1 37,37,9,20,1,1,0,Endgame,2,4,1,0,0,0,1,1,0,0,0,0,0,0,0,0,1,0,1,1,2,1.84,Rb2,b3b2,g5,g6g5,1.85,2.04,18.999999999999993,False,12,2,saransh12387,Bedoesiaraaa2115,1971,1992,1/2-1/2
8/6kp/R5p1/1p1N1p2/8/8/1r4PP/6K1 w - - 2 38,38,9,27,1,1,0,Endgame,2,4,1,0,0,0,1,1,0,0,0,0,0,0,0,0,1,0,1,1,2,2.17,h3,h2h3,h3,h2h3,1.96,2.11,14.999999999999991,True,12,2,saransh12387,Bedoesiaraaa2115,1971,1992,1/2-1/2
8/6kp/R5p1/1p1N1p2/8/7P/1r4P1/6K1 b - - 0 38,38,9,19,1,1,0,Endgame,2,4,1,0,0,0,1,1,0,0,0,0,0,0,0,0,1,0,1,1,2,2.22,Kh6,g7h6,Rb1+,b2b1,2.26,2.37,11.000000000000032,False,12,2,saransh12387,Bedoesiaraaa2115,1971,1992,1/2-1/2
8/7p/R5pk/1p1N1p2/8/7P/1r4P1/6K1 w - - 1 39,39,9,27,1,1,0,Endgame,2,4,1,0,0,0,1,1,0,0,0,0,0,0,0,0,1,0,1,1,2,2.34,Rb6,a6b6,Rb6,a6b6,2.42,2.46,4.0000000000000036,True,12,2,saransh12387,Bedoesiaraaa2115,1971,1992,1/2-1/2
8/7p/1R4pk/1p1N1p2/8/7P/1r4P1/6K1 b - - 2 39,39,9,14,1,1,0,Endgame,2,4,1,0,0,0,1,1,0,0,0,0,0,0,0,0,1,0,1,1,2,2.59,Kg5,h6g5,Kg5,h6g5,2.54,2.59,4.999999999999982,True,12,2,saransh12387,Bedoesiaraaa2115,1971,1992,1/2-1/2
8/7p/1R4p1/1p1N1pk1/8/7P/1r4P1/6K1 w - - 3 40,40,9,22,1,1,0,Endgame,2,4,1,0,0,0,1,1,0,0,0,0,0,0,0,0,1,0,1,1,2,2.41,Rb7,b6b7,Rb7,b6b7,2.54,2.57,2.9999999999999805,True,12,2,saransh12387,Bedoesiaraaa2115,1971,1992,1/2-1/2
8/1R5p/6p1/1p1N1pk1/8/7P/1r4P1/6K1 b - - 4 40,40,9,16,1,1,0,Endgame,2,4,1,0,0,0,1,1,0,0,0,0,0,0,0,0,1,0,1,1,2,2.29,h5,h7h5,h6,h7h6,2.52,2.77,25.0,False,12,2,saransh12387,Bedoesiaraaa2115,1971,1992,1/2-1/2
8/1R6/6p1/1p1N1pkp/8/7P/1r4P1/6K1 w - - 0 41,41,9,24,1,1,0,Endgame,2,4,1,0,0,0,1,1,0,0,0,0,0,0,0,0,1,0,1,1,2,2.56,Rb6,b7b6,Rb6,b7b6,2.55,2.71,16.000000000000014,True,12,2,saransh12387,Bedoesiaraaa2115,1971,1992,1/2-1/2
8/8/1R4p1/1p1N1pkp/8/7P/1r4P1/6K1 b - - 1 41,41,9,14,1,1,0,Endgame,2,4,1,0,0,0,1,1,0,0,0,0,0,0,0,0,1,0,1,1,2,2.61,b4,b5b4,f4,f5f4,2.76,2.73,2.9999999999999805,False,12,2,saransh12387,Bedoesiaraaa2115,1971,1992,1/2-1/2
8/8/1R4p1/3N1pkp/1p6/7P/1r4P1/6K1 w - - 0 42,42,9,23,1,1,0,Endgame,2,4,1,0,0,0,1,1,0,0,0,0,0,0,0,0,1,0,1,1,2,2.72,Rxb4,b6b4,Rxb4,b6b4,2.79,2.91,12.00000000000001,True,12,2,saransh12387,Bedoesiaraaa2115,1971,1992,1/2-1/2
8/8/6p1/3N1pkp/1R6/7P/1r4P1/6K1 b - - 0 42,42,8,12,2,1,0,Endgame,2,3,1,0,0,0,1,1,0,0,0,0,0,0,0,0,0,0,0,1,1,2.91,Rxb4,b2b4,Rxb4,b2b4,3.07,3.08,1.000000000000023,True,12,2,saransh12387,Bedoesiaraaa2115,1971,1992,1/2-1/2
8/8/6p1/3N1pkp/1r6/7P/6P1/6K1 w - - 0 43,43,7,15,-3,1,0,Endgame,2,3,1,0,0,0,0,1,0,0,0,0,0,0,0,0,0,0,0,1,1,3.17,Nxb4,d5b4,Nxb4,d5b4,3.17,3.32,14.999999999999991,True,12,2,saransh12387,Bedoesiaraaa2115,1971,1992,1/2-1/2
8/8/6p1/5pkp/1N6/7P/6P1/6K1 b - - 0 43,43,6,6,2,1,0,Endgame,2,3,1,0,0,0,0,0,0,0,0,0,0,0,0,0,0,0,0,1,1,3.37,f4,f5f4,h4,h5h4,3.79,4.01,21.999999999999975,False,12,2,saransh12387,Bedoesiaraaa2115,1971,1992,1/2-1/2
8/8/6p1/6kp/1N3p2/7P/6P1/6K1 w - - 0 44,44,6,13,2,1,0,Endgame,2,3,1,0,0,0,0,0,0,0,0,0,0,0,0,0,0,0,0,1,1,3.5,Nd5,b4d5,Kf2,g1f2,4.43,4.33,9.999999999999964,False,12,2,saransh12387,Bedoesiaraaa2115,1971,1992,1/2-1/2
8/8/6p1/3N2kp/5p2/7P/6P1/6K1 b - - 1 44,44,6,5,2,1,0,Endgame,2,3,1,0,0,0,0,0,0,0,0,0,0,0,0,0,0,0,0,1,1,4.69,Kf5,g5f5,Kf5,g5f5,4.67,4.57,9.999999999999964,True,12,2,saransh12387,Bedoesiaraaa2115,1971,1992,1/2-1/2
8/8/6p1/3N1k1p/5p2/7P/6P1/6K1 w - - 2 45,45,6,15,2,1,0,Endgame,2,3,1,0,0,0,0,0,0,0,0,0,0,0,0,0,0,0,0,1,1,4.53,Kf2,g1f2,Kf2,g1f2,4.58,4.23,34.999999999999964,True,12,2,saransh12387,Bedoesiaraaa2115,1971,1992,1/2-1/2
8/8/6p1/3N1k1p/5p2/7P/5KP1/8 b - - 3 45,45,6,7,2,0,0,Endgame,2,3,1,0,0,0,0,0,0,0,0,0,0,0,0,0,0,0,0,1,1,4.89,g5,g6g5,g5,g6g5,4.82,4.89,6.99999999999994,True,12,2,saransh12387,Bedoesiaraaa2115,1971,1992,1/2-1/2
8/8/8/3N1kpp/5p2/7P/5KP1/8 w - - 0 46,46,6,16,2,0,0,Endgame,2,3,1,0,0,0,0,0,0,0,0,0,0,0,0,0,0,0,0,1,1,4.77,Ne7+,d5e7,h4,h3h4,4.72,2.64,207.99999999999997,False,12,2,saransh12387,Bedoesiaraaa2115,1971,1992,1/2-1/2
8/4N3/8/5kpp/5p2/7P/5KP1/8 b - - 1 46,46,6,4,2,0,0,Endgame,2,3,1,0,0,0,0,0,0,0,0,0,0,0,0,0,0,0,0,1,1,3.03,Kf6,f5f6,Ke6,f5e6,3.31,3.75,43.99999999999999,False,12,2,saransh12387,Bedoesiaraaa2115,1971,1992,1/2-1/2
8/4N3/5k2/6pp/5p2/7P/5KP1/8 w - - 2 47,47,6,14,2,0,0,Endgame,2,3,1,0,0,0,0,0,0,0,0,0,0,0,0,0,0,0,0,1,1,3.45,Nc6,e7c6,Nc6,e7c6,3.46,4.02,55.99999999999996,True,12,2,saransh12387,Bedoesiaraaa2115,1971,1992,1/2-1/2
8/8/2N2k2/6pp/5p2/7P/5KP1/8 b - - 3 47,47,6,8,2,0,0,Endgame,2,3,1,0,0,0,0,0,0,0,0,0,0,0,0,0,0,0,0,1,1,3.81,Kf5,f6f5,Ke6,f6e6,3.95,4.52,56.99999999999994,False,12,2,saransh12387,Bedoesiaraaa2115,1971,1992,1/2-1/2
8/8/2N5/5kpp/5p2/7P/5KP1/8 w - - 4 48,48,6,16,2,0,0,Endgame,2,3,1,0,0,0,0,0,0,0,0,0,0,0,0,0,0,0,0,1,1,4.78,Nd4+,c6d4,h4,h3h4,4.76,4.16,59.999999999999964,False,12,2,saransh12387,Bedoesiaraaa2115,1971,1992,1/2-1/2
8/8/8/5kpp/3N1p2/7P/5KP1/8 b - - 5 48,48,6,4,2,0,0,Endgame,2,3,1,0,0,0,0,0,0,0,0,0,0,0,0,0,0,0,0,1,1,4.48,Ke4,f5e4,Ke4,f5e4,4.39,4.21,17.99999999999997,True,12,2,saransh12387,Bedoesiaraaa2115,1971,1992,1/2-1/2
8/8/8/6pp/3Nkp2/7P/5KP1/8 w - - 6 49,49,6,15,2,0,0,Endgame,2,3,1,0,0,0,0,0,0,0,0,0,0,0,0,0,0,0,0,1,1,4.35,Ne2,d4e2,Ne6,d4e6,4.55,4.67,12.00000000000001,False,12,2,saransh12387,Bedoesiaraaa2115,1971,1992,1/2-1/2
8/8/8/6pp/4kp2/7P/4NKP1/8 b - - 7 49,49,6,7,2,0,0,Endgame,2,3,1,0,0,0,0,0,0,0,0,0,0,0,0,0,0,0,0,1,1,4.44,Kf5,e4f5,Ke5,e4e5,4.71,4.56,15.000000000000036,False,12,2,saransh12387,Bedoesiaraaa2115,1971,1992,1/2-1/2
8/8/8/5kpp/5p2/7P/4NKP1/8 w - - 8 50,50,6,13,2,0,0,Endgame,2,3,1,0,0,0,0,0,0,0,0,0,0,0,0,0,0,0,0,1,1,4.58,Nc3,e2c3,h4,h3h4,4.55,4.34,20.999999999999996,False,12,2,saransh12387,Bedoesiaraaa2115,1971,1992,1/2-1/2
8/8/8/5kpp/5p2/2N4P/5KP1/8 b - - 9 50,50,6,7,2,0,0,Endgame,2,3,1,0,0,0,0,0,0,0,0,0,0,0,0,0,0,0,0,1,1,4.63,g4,g5g4,Ke5,f5e5,4.46,5.0,54.0,False,12,2,saransh12387,Bedoesiaraaa2115,1971,1992,1/2-1/2
8/8/8/5k1p/5pp1/2N4P/5KP1/8 w - - 0 51,51,6,15,2,0,0,Endgame,2,3,1,0,0,0,0,0,0,0,0,0,0,0,0,0,0,0,0,1,1,4.97,h4,h3h4,h4,h3h4,5.0,5.19,19.00000000000004,True,12,2,saransh12387,Bedoesiaraaa2115,1971,1992,1/2-1/2
8/8/8/5k1p/5ppP/2N5/5KP1/8 b - - 0 51,51,6,6,2,0,0,Endgame,2,3,1,0,0,0,0,0,0,0,0,0,0,0,0,0,0,0,0,1,1,5.02,Ke5,f5e5,f3,f4f3,5.09,4.89,20.000000000000018,False,12,2,saransh12387,Bedoesiaraaa2115,1971,1992,1/2-1/2
8/8/8/4k2p/5ppP/2N5/5KP1/8 w - - 1 52,52,6,13,2,0,0,Endgame,2,3,1,0,0,0,0,0,0,0,0,0,0,0,0,0,0,0,0,1,1,5.24,Nb5,c3b5,Ne2,c3e2,4.87,4.97,9.999999999999964,False,12,2,saransh12387,Bedoesiaraaa2115,1971,1992,1/2-1/2
8/8/8/1N2k2p/5ppP/8/5KP1/8 b - - 2 52,52,6,7,2,0,0,Endgame,2,3,1,0,0,0,0,0,0,0,0,0,0,0,0,0,0,0,0,1,1,4.96,Ke4,e5e4,f3,f4f3,5.21,5.2,0.9999999999999787,False,12,2,saransh12387,Bedoesiaraaa2115,1971,1992,1/2-1/2
8/8/8/1N5p/4kppP/8/5KP1/8 w - - 3 53,53,6,11,2,0,0,Endgame,2,3,1,0,0,0,0,0,0,0,0,0,0,0,0,0,0,0,0,1,1,5.24,Nc7,b5c7,Nc3+,b5c3,5.36,4.85,51.00000000000007,False,12,2,saransh12387,Bedoesiaraaa2115,1971,1992,1/2-1/2
8/2N5/8/7p/4kppP/8/5KP1/8 b - - 4 53,53,6,6,2,0,0,Endgame,2,3,1,0,0,0,0,0,0,0,0,0,0,0,0,0,0,0,0,1,1,5.19,Kf5,e4f5,g3+,g4g3,5.07,5.63,55.99999999999996,False,12,2,saransh12387,Bedoesiaraaa2115,1971,1992,1/2-1/2
8/2N5/8/5k1p/5ppP/8/5KP1/8 w - - 5 54,54,6,11,2,0,0,Endgame,2,3,1,0,0,0,0,0,0,0,0,0,0,0,0,0,0,0,0,1,1,5.7,Nd5,c7d5,Nd5,c7d5,5.55,6.09,54.0,True,12,2,saransh12387,Bedoesiaraaa2115,1971,1992,1/2-1/2
8/8/8/3N1k1p/5ppP/8/5KP1/8 b - - 6 54,54,6,6,2,0,0,Endgame,2,3,1,0,0,0,0,0,0,0,0,0,0,0,0,0,0,0,0,1,1,6.03,Ke4,f5e4,f3,f4f3,5.62,6.05,42.99999999999997,False,12,2,saransh12387,Bedoesiaraaa2115,1971,1992,1/2-1/2
8/8/8/3N3p/4kppP/8/5KP1/8 w - - 7 55,55,6,13,2,0,0,Endgame,2,3,1,0,0,0,0,0,0,0,0,0,0,0,0,0,0,0,0,1,1,5.97,Nc3+,d5c3,Nf6+,d5f6,6.11,6.07,4.0000000000000036,False,12,2,saransh12387,Bedoesiaraaa2115,1971,1992,1/2-1/2
8/8/8/7p/4kppP/2N5/5KP1/8 b - - 8 55,55,6,4,2,0,0,Endgame,2,3,1,0,0,0,0,0,0,0,0,0,0,0,0,0,0,0,0,1,1,6.03,Kf5,e4f5,Ke5,e4e5,6.14,5.64,50.0,False,12,2,saransh12387,Bedoesiaraaa2115,1971,1992,1/2-1/2
8/8/8/5k1p/5ppP/2N5/5KP1/8 w - - 9 56,56,6,13,2,0,0,Endgame,2,3,1,0,0,0,0,0,0,0,0,0,0,0,0,0,0,0,0,1,1,6.09,Ne2,c3e2,Ne2,c3e2,6.13,6.13,0.0,True,12,2,saransh12387,Bedoesiaraaa2115,1971,1992,1/2-1/2
8/8/8/5k1p/5ppP/8/4NKP1/8 b - - 10 56,56,6,7,2,0,0,Endgame,2,3,1,0,0,0,0,0,0,0,0,0,0,0,0,0,0,0,0,1,1,6.05,Ke4,f5e4,f3,f4f3,6.04,5.77,27.000000000000046,False,12,2,saransh12387,Bedoesiaraaa2115,1971,1992,1/2-1/2
8/8/8/7p/4kppP/8/4NKP1/8 w - - 11 57,57,6,10,2,0,0,Endgame,2,3,1,0,0,0,0,0,0,0,0,0,0,0,0,0,0,0,0,1,1,5.73,Nc3+,e2c3,g3,g2g3,6.21,6.02,19.00000000000004,False,12,2,saransh12387,Bedoesiaraaa2115,1971,1992,1/2-1/2
8/8/8/7p/4kppP/2N5/5KP1/8 b - - 12 57,57,6,4,2,0,0,Endgame,2,3,1,0,0,0,0,0,0,0,0,0,0,0,0,0,0,0,0,1,1,6.15,Kf5,e4f5,Kd3,e4d3,6.11,6.18,6.99999999999994,False,12,2,saransh12387,Bedoesiaraaa2115,1971,1992,1/2-1/2
8/8/8/5k1p/5ppP/2N5/5KP1/8 w - - 13 58,58,6,13,2,0,0,Endgame,2,3,1,0,0,0,0,0,0,0,0,0,0,0,0,0,0,0,0,1,1,6.12,g3,g2g3,Ne2,c3e2,6.17,6.0,16.999999999999993,False,12,2,saransh12387,Bedoesiaraaa2115,1971,1992,1/2-1/2
8/8/8/5k1p/5ppP/2N3P1/5K2/8 b - - 0 58,58,6,6,2,0,0,Endgame,2,3,1,0,0,0,0,0,0,0,0,0,0,0,0,0,0,0,0,1,1,6.14,fxg3+,f4g3,fxg3+,f4g3,5.92,6.52,59.999999999999964,True,12,2,saransh12387,Bedoesiaraaa2115,1971,1992,1/2-1/2
8/8/8/5k1p/6pP/2N3p1/5K2/8 w - - 0 59,59,5,7,1,0,0,Endgame,1,3,1,0,0,0,0,0,0,0,0,0,0,0,1,1,0,0,2,1,1,5.95,Kxg3,f2g3,Kg2,f2g2,6.41,6.41,0.0,False,12,2,saransh12387,Bedoesiaraaa2115,1971,1992,1/2-1/2
8/8/8/5k1p/6pP/2N3K1/8/8 b - - 0 59,59,4,4,2,0,0,Endgame,1,2,1,0,0,0,0,0,0,0,0,0,0,0,0,1,0,0,1,1,1,6.44,Ke5,f5e5,Kg6,f5g6,6.42,6.38,4.0000000000000036,False,12,2,saransh12387,Bedoesiaraaa2115,1971,1992,1/2-1/2
8/8/8/4k2p/6pP/2N3K1/8/8 w - - 1 60,60,4,11,2,0,0,Endgame,1,2,1,0,0,0,0,0,0,0,0,0,0,0,0,1,0,0,1,1,1,6.3,Ne2,c3e2,Ne2,c3e2,6.35,6.36,1.0000000000000675,True,12,2,saransh12387,Bedoesiaraaa2115,1971,1992,1/2-1/2
8/8/8/4k2p/6pP/6K1/4N3/8 b - - 2 60,60,4,6,2,0,0,Endgame,1,2,1,0,0,0,0,0,0,0,0,0,0,0,0,1,0,0,1,1,1,6.38,Kf5,e5f5,Kf6,e5f6,6.34,6.34,0.0,False,12,2,saransh12387,Bedoesiaraaa2115,1971,1992,1/2-1/2
8/8/8/5k1p/6pP/6K1/4N3/8 w - - 3 61,61,4,8,2,0,0,Endgame,1,2,1,0,0,0,0,0,0,0,0,0,0,0,0,1,0,0,1,1,1,6.19,Nf4,e2f4,Nf4,e2f4,6.38,6.43,4.999999999999982,True,12,2,saransh12387,Bedoesiaraaa2115,1971,1992,1/2-1/2
8/8/8/5k1p/5NpP/6K1/8/8 b - - 4 61,61,4,3,2,0,0,Endgame,1,2,1,0,0,0,0,0,0,0,0,0,0,0,0,1,0,0,1,1,1,6.34,Kf6,f5f6,Ke4,f5e4,6.34,6.32,1.9999999999999574,False,12,2,saransh12387,Bedoesiaraaa2115,1971,1992,1/2-1/2
8/8/5k2/7p/5NpP/6K1/8/8 w - - 5 62,62,4,11,2,0,0,Endgame,1,2,1,0,0,0,0,0,0,0,0,0,0,0,0,1,0,0,1,1,1,6.29,Nxh5+,f4h5,Nxh5+,f4h5,6.27,6.3,3.000000000000025,True,12,2,saransh12387,Bedoesiaraaa2115,1971,1992,1/2-1/2
8/8/5k2/7N/6pP/6K1/8/8 b - - 0 62,62,3,6,3,0,0,Endgame,1,1,1,0,0,0,0,0,0,0,0,0,0,0,0,1,1,1,1,1,1,6.32,Kg6,f6g6,Ke5,f6e5,6.22,6.19,2.999999999999936,False,12,2,saransh12387,Bedoesiaraaa2115,1971,1992,1/2-1/2
8/8/6k1/7N/6pP/6K1/8/8 w - - 1 63,63,3,8,3,0,0,Endgame,1,1,1,0,0,0,0,0,0,0,0,0,0,0,0,1,1,1,1,1,1,6.34,Kxg4,g3g4,Kxg4,g3g4,6.22,6.31,8.999999999999986,True,12,2,saransh12387,Bedoesiaraaa2115,1971,1992,1/2-1/2
8/8/6k1/7N/6KP/8/8/8 b - - 0 63,63,2,3,4,0,0,Endgame,1,0,1,0,0,0,0,0,0,0,0,0,0,0,0,1,0,1,0,1,0,6.33,Kh6,g6h6,Kf7,g6f7,6.15,6.4,25.0,False,12,2,saransh12387,Bedoesiaraaa2115,1971,1992,1/2-1/2
8/8/7k/7N/6KP/8/8/8 w - - 1 64,64,2,9,4,0,0,Endgame,1,0,1,0,0,0,0,0,0,0,0,0,0,0,0,1,0,1,0,1,0,6.4,Nf4,h5f4,Nf4,h5f4,6.37,6.37,0.0,True,12,2,saransh12387,Bedoesiaraaa2115,1971,1992,1/2-1/2
8/8/7k/8/5NKP/8/8/8 b - - 2 64,64,2,2,4,0,0,Endgame,1,0,1,0,0,0,0,0,0,0,0,0,0,0,0,1,0,1,0,1,0,6.3,Kh7,h6h7,Kg7,h6g7,6.24,6.4,16.000000000000014,False,12,2,saransh12387,Bedoesiaraaa2115,1971,1992,1/2-1/2
8/7k/8/8/5NKP/8/8/8 w - - 3 65,65,2,15,4,0,0,Endgame,1,0,1,0,0,0,0,0,0,0,0,0,0,0,0,1,0,1,0,1,0,6.52,h5,h4h5,h5,h4h5,6.29,6.43,13.999999999999968,True,12,2,saransh12387,Bedoesiaraaa2115,1971,1992,1/2-1/2
8/7k/8/7P/5NK1/8/8/8 b - - 0 65,65,2,4,4,0,0,Endgame,1,0,1,0,0,0,0,0,0,0,0,0,0,0,0,1,0,1,0,1,0,6.38,Kh6,h7h6,Kg7,h7g7,6.38,7.3,92.0,False,12,2,saransh12387,Bedoesiaraaa2115,1971,1992,1/2-1/2
8/8/7k/7P/5NK1/8/8/8 w - - 1 66,66,2,12,4,0,0,Endgame,1,0,1,0,0,0,0,0,0,0,0,0,0,0,0,1,0,1,0,1,0,7.36,Ne6,f4e6,Ne6,f4e6,7.16,7.81,64.99999999999994,True,12,2,saransh12387,Bedoesiaraaa2115,1971,1992,1/2-1/2
8/8/4N2k/7P/6K1/8/8/8 b - - 2 66,66,2,1,4,0,0,Endgame,1,0,1,0,0,0,0,0,0,0,0,0,0,0,0,1,0,1,0,1,0,8.24,Kh7,h6h7,Kh7,h6h7,10000.0,10000.0,0.0,True,12,2,saransh12387,Bedoesiaraaa2115,1971,1992,1/2-1/2
8/7k/4N3/7P/6K1/8/8/8 w - - 3 67,67,2,16,4,0,0,Endgame,1,0,1,0,0,0,0,0,0,0,0,0,0,0,0,1,0,1,0,1,0,10000.0,Kg5,g4g5,Kg5,g4g5,7.63,10000.0,999237.0000000001,True,12,2,saransh12387,Bedoesiaraaa2115,1971,1992,1/2-1/2
8/7k/4N3/6KP/8/8/8/8 b - - 4 67,67,2,2,4,0,0,Endgame,1,0,1,0,0,0,0,0,0,0,0,0,0,0,0,1,0,1,0,1,0,10000.0,Kh8,h7h8,Kh8,h7h8,10000.0,10000.0,0.0,True,12,2,saransh12387,Bedoesiaraaa2115,1971,1992,1/2-1/2
7k/8/4N3/6KP/8/8/8/8 w - - 5 68,68,2,15,4,0,0,Endgame,1,0,1,0,0,0,0,0,0,0,0,0,0,0,0,1,0,1,0,1,0,10000.0,h6,h5h6,Kg6,g5g6,10000.0,10000.0,0.0,False,12,2,saransh12387,Bedoesiaraaa2115,1971,1992,1/2-1/2
7k/8/4N2P/6K1/8/8/8/8 b - - 0 68,68,2,2,4,0,0,Endgame,1,0,1,0,0,0,0,0,0,0,0,0,0,0,0,1,0,1,0,1,0,10000.0,Kh7,h8h7,Kh7,h8h7,10000.0,10000.0,0.0,True,12,2,saransh12387,Bedoesiaraaa2115,1971,1992,1/2-1/2
8/7k/4N2P/6K1/8/8/8/8 w - - 1 69,69,2,13,4,0,0,Endgame,1,0,1,0,0,0,0,0,0,0,0,0,0,0,0,1,0,1,0,1,0,10000.0,Nf4,e6f4,Kh5,g5h5,10000.0,7.45,999254.9999999999,False,12,2,saransh12387,Bedoesiaraaa2115,1971,1992,1/2-1/2
8/7k/7P/6K1/5N2/8/8/8 b - - 2 69,69,2,2,4,0,0,Endgame,1,0,1,0,0,0,0,0,0,0,0,0,0,0,0,1,0,1,0,1,0,10000.0,Kh8,h7h8,Kh8,h7h8,10000.0,10000.0,0.0,True,12,2,saransh12387,Bedoesiaraaa2115,1971,1992,1/2-1/2
7k/8/7P/6K1/5N2/8/8/8 w - - 3 70,70,2,15,4,0,0,Endgame,1,0,1,0,0,0,0,0,0,0,0,0,0,0,0,1,0,1,0,1,0,10000.0,Kg6,g5g6,Kg6,g5g6,10000.0,10000.0,0.0,True,12,2,saransh12387,Bedoesiaraaa2115,1971,1992,1/2-1/2
7k/8/6KP/8/5N2/8/8/8 b - - 4 70,70,2,1,4,0,0,Endgame,1,0,1,0,0,0,0,0,0,0,0,0,0,0,0,1,0,1,0,1,0,10000.0,Kg8,h8g8,Kg8,h8g8,10000.0,10000.0,0.0,True,12,2,saransh12387,Bedoesiaraaa2115,1971,1992,1/2-1/2
6k1/8/6KP/8/5N2/8/8/8 w - - 5 71,71,2,12,4,0,1,Endgame,1,0,1,0,0,0,0,0,0,0,0,0,0,0,0,1,0,1,0,1,0,10000.0,Nh5,f4h5,Ne6,f4e6,10000.0,6.73,999327.0,False,12,2,saransh12387,Bedoesiaraaa2115,1971,1992,1/2-1/2
6k1/8/6KP/7N/8/8/8/8 b - - 6 71,71,2,2,4,0,1,Endgame,1,0,1,0,0,0,0,0,0,0,0,0,0,0,0,1,0,1,0,1,0,10000.0,Kh8,g8h8,Kh8,g8h8,10000.0,10000.0,0.0,True,12,2,saransh12387,Bedoesiaraaa2115,1971,1992,1/2-1/2
7k/8/6KP/7N/8/8/8/8 w - - 7 72,72,2,9,4,0,0,Endgame,1,0,1,0,0,0,0,0,0,0,0,0,0,0,0,1,0,1,0,1,0,10000.0,Ng3,h5g3,Ng7,h5g7,10000.0,10000.0,0.0,False,12,2,saransh12387,Bedoesiaraaa2115,1971,1992,1/2-1/2
7k/8/6KP/8/8/6N1/8/8 b - - 8 72,72,2,1,4,0,0,Endgame,1,0,1,0,0,0,0,0,0,0,0,0,0,0,0,1,0,1,0,1,0,10000.0,Kg8,h8g8,Kg8,h8g8,10000.0,10000.0,0.0,True,12,2,saransh12387,Bedoesiaraaa2115,1971,1992,1/2-1/2
6k1/8/6KP/8/8/6N1/8/8 w - - 9 73,73,2,11,4,0,1,Endgame,1,0,1,0,0,0,0,0,0,0,0,0,0,0,0,1,0,1,0,1,0,10000.0,Ne2,g3e2,Ne4,g3e4,10000.0,10000.0,0.0,False,12,2,saransh12387,Bedoesiaraaa2115,1971,1992,1/2-1/2
6k1/8/6KP/8/8/8/4N3/8 b - - 10 73,73,2,2,4,0,1,Endgame,1,0,1,0,0,0,0,0,0,0,0,0,0,0,0,1,0,1,0,1,0,10000.0,Kh8,g8h8,Kh8,g8h8,10000.0,10000.0,0.0,True,12,2,saransh12387,Bedoesiaraaa2115,1971,1992,1/2-1/2
7k/8/6KP/8/8/8/4N3/8 w - - 11 74,74,2,12,4,0,0,Endgame,1,0,1,0,0,0,0,0,0,0,0,0,0,0,0,1,0,1,0,1,0,10000.0,Nf4,e2f4,Nd4,e2d4,10000.0,10000.0,0.0,False,12,2,saransh12387,Bedoesiaraaa2115,1971,1992,1/2-1/2
7k/8/6KP/8/5N2/8/8/8 b - - 12 74,74,2,1,4,0,0,Endgame,1,0,1,0,0,0,0,0,0,0,0,0,0,0,0,1,0,1,0,1,0,10000.0,Kg8,h8g8,Kg8,h8g8,10000.0,10000.0,0.0,True,12,2,saransh12387,Bedoesiaraaa2115,1971,1992,1/2-1/2
6k1/8/6KP/8/5N2/8/8/8 w - - 13 75,75,2,12,4,0,1,Endgame,1,0,1,0,0,0,0,0,0,0,0,0,0,0,0,1,0,1,0,1,0,10000.0,Nd5,f4d5,Ne6,f4e6,10000.0,7.32,999268.0,False,12,2,saransh12387,Bedoesiaraaa2115,1971,1992,1/2-1/2
6k1/8/6KP/3N4/8/8/8/8 b - - 14 75,75,2,2,4,0,1,Endgame,1,0,1,0,0,0,0,0,0,0,0,0,0,0,0,1,0,1,0,1,0,10000.0,Kh8,g8h8,Kh8,g8h8,10000.0,10000.0,0.0,True,12,2,saransh12387,Bedoesiaraaa2115,1971,1992,1/2-1/2
7k/8/6KP/3N4/8/8/8/8 w - - 15 76,76,2,14,4,0,0,Endgame,1,0,1,0,0,0,0,0,0,0,0,0,0,0,0,1,0,1,0,1,0,10000.0,Nc7,d5c7,Ne3,d5e3,10000.0,10000.0,0.0,False,12,2,saransh12387,Bedoesiaraaa2115,1971,1992,1/2-1/2
7k/2N5/6KP/8/8/8/8/8 b - - 16 76,76,2,1,4,0,0,Endgame,1,0,1,0,0,0,0,0,0,0,0,0,0,0,0,1,0,1,0,1,0,10000.0,Kg8,h8g8,Kg8,h8g8,10000.0,10000.0,0.0,True,12,2,saransh12387,Bedoesiaraaa2115,1971,1992,1/2-1/2
6k1/2N5/6KP/8/8/8/8/8 w - - 17 77,77,2,11,4,0,1,Endgame,1,0,1,0,0,0,0,0,0,0,0,0,0,0,0,1,0,1,0,1,0,10000.0,Ne6,c7e6,Ne6,c7e6,10000.0,10000.0,0.0,True,12,2,saransh12387,Bedoesiaraaa2115,1971,1992,1/2-1/2
6k1/8/4N1KP/8/8/8/8/8 b - - 18 77,77,2,1,4,0,1,Endgame,1,0,1,0,0,0,0,0,0,0,0,0,0,0,0,1,0,1,0,1,0,10000.0,Kh8,g8h8,Kh8,g8h8,10000.0,10000.0,0.0,True,12,2,saransh12387,Bedoesiaraaa2115,1971,1992,1/2-1/2
7k/8/4N1KP/8/8/8/8/8 w - - 19 78,78,2,14,4,0,0,Endgame,1,0,1,0,0,0,0,0,0,0,0,0,0,0,0,1,0,1,0,1,0,10000.0,Nf4,e6f4,Ng5,e6g5,10000.0,0.0,1000000.0,False,12,2,saransh12387,Bedoesiaraaa2115,1971,1992,1/2-1/2
rnbqkbnr/pppppppp/8/8/8/8/PPPPPPPP/RNBQKBNR w KQkq - 0 1,1,30,20,0,0,0,Opening,8,8,2,2,2,2,2,2,1,1,1,1,2,0,0,0,0,0,0,1,1,0.43,e4,e2e4,e4,e2e4,0.38,0.41,2.9999999999999973,True,12,3,saransh12387,harsh2769,1968,1145,1-0
rnbqkbnr/pppppppp/8/8/4P3/8/PPPP1PPP/RNBQKBNR b KQkq - 0 1,1,30,20,0,0,0,Opening,8,8,2,2,2,2,2,2,1,1,1,1,2,0,0,0,0,0,0,1,1,0.37,e5,e7e5,e5,e7e5,0.38,0.33,4.999999999999999,True,12,3,saransh12387,harsh2769,1968,1145,1-0
rnbqkbnr/pppp1ppp/8/4p3/4P3/8/PPPP1PPP/RNBQKBNR w KQkq - 0 2,2,30,29,0,0,0,Opening,8,8,2,2,2,2,2,2,1,1,1,1,2,0,0,0,0,0,0,1,1,0.32,Nf3,g1f3,Nf3,g1f3,0.32,0.32,0.0,True,12,3,saransh12387,harsh2769,1968,1145,1-0
rnbqkbnr/pppp1ppp/8/4p3/4P3/5N2/PPPP1PPP/RNBQKB1R b KQkq - 1 2,2,30,29,0,0,0,Opening,8,8,2,2,2,2,2,2,1,1,1,1,2,0,0,0,0,0,0,1,1,0.32,Nc6,b8c6,Nc6,b8c6,0.32,0.38,6.0,True,12,3,saransh12387,harsh2769,1968,1145,1-0
r1bqkbnr/pppp1ppp/2n5/4p3/4P3/5N2/PPPP1PPP/RNBQKB1R w KQkq - 2 3,3,30,27,0,0,0,Opening,8,8,2,2,2,2,2,2,1,1,1,1,2,0,0,0,0,0,0,1,1,0.39,d4,d2d4,d4,d2d4,0.41,0.43,2.0000000000000018,True,12,3,saransh12387,harsh2769,1968,1145,1-0
r1bqkbnr/pppp1ppp/2n5/4p3/3PP3/5N2/PPP2PPP/RNBQKB1R b KQkq - 0 3,3,30,32,0,0,0,Opening,8,8,2,2,2,2,2,2,1,1,1,1,2,0,0,0,0,0,0,1,1,0.32,exd4,e5d4,exd4,e5d4,0.35,0.35,0.0,True,12,3,saransh12387,harsh2769,1968,1145,1-0
r1bqkbnr/pppp1ppp/2n5/8/3pP3/5N2/PPP2PPP/RNBQKB1R w KQkq - 0 4,4,29,37,-1,0,0,Opening,7,8,2,2,2,2,2,2,1,1,1,1,2,0,1,0,0,0,0,2,2,0.35,Nxd4,f3d4,Nxd4,f3d4,0.33,0.33,0.0,True,12,3,saransh12387,harsh2769,1968,1145,1-0
r1bqkbnr/pppp1ppp/2n5/8/3NP3/8/PPP2PPP/RNBQKB1R b KQkq - 0 4,4,28,32,0,0,0,Opening,7,7,2,2,2,2,2,2,1,1,1,1,2,0,0,0,0,0,0,2,2,0.33,Nxd4,c6d4,Nf6,g8f6,0.33,0.85,52.0,False,12,3,saransh12387,harsh2769,1968,1145,1-0
r1bqkbnr/pppp1ppp/8/8/3nP3/8/PPP2PPP/RNBQKB1R w KQkq - 0 5,5,27,35,-3,0,0,Opening,7,7,1,2,2,2,2,2,1,1,1,1,2,0,0,0,0,0,0,2,2,0.76,Qxd4,d1d4,Qxd4,d1d4,0.65,0.63,2.0000000000000018,True,12,3,saransh12387,harsh2769,1968,1145,1-0
r1bqkbnr/pppp1ppp/8/8/3QP3/8/PPP2PPP/RNB1KB1R b KQkq - 0 5,5,26,28,0,0,0,Opening,7,7,1,1,2,2,2,2,1,1,1,1,2,0,0,0,0,0,0,2,2,0.62,d6,d7d6,Qf6,d8f6,0.68,1.19,50.99999999999999,False,12,3,saransh12387,harsh2769,1968,1145,1-0
r1bqkbnr/ppp2ppp/3p4/8/3QP3/8/PPP2PPP/RNB1KB1R w KQkq - 0 6,6,26,46,0,0,0,Opening,7,7,1,1,2,2,2,2,1,1,1,1,2,0,0,0,0,0,0,2,2,1.07,Nc3,b1c3,Nc3,b1c3,1.01,1.06,5.000000000000004,True,12,3,saransh12387,harsh2769,1968,1145,1-0
r1bqkbnr/ppp2ppp/3p4/8/3QP3/2N5/PPP2PPP/R1B1KB1R b KQkq - 1 6,6,26,30,0,0,0,Opening,7,7,1,1,2,2,2,2,1,1,1,1,2,0,0,0,0,0,0,2,2,1.15,Bd7,c8d7,Nf6,g8f6,1.01,1.59,58.00000000000001,False,12,3,saransh12387,harsh2769,1968,1145,1-0
r2qkbnr/pppb1ppp/3p4/8/3QP3/2N5/PPP2PPP/R1B1KB1R w KQkq - 2 7,7,26,47,0,0,0,Opening,7,7,1,1,2,2,2,2,1,1,1,1,2,0,0,0,0,0,0,2,2,1.47,Bc4,f1c4,Be3,c1e3,1.43,1.29,13.99999999999999,False,12,3,saransh12387,harsh2769,1968,1145,1-0
r2qkbnr/pppb1ppp/3p4/8/2BQP3/2N5/PPP2PPP/R1B1K2R b KQkq - 3 7,7,26,34,0,0,0,Opening,7,7,1,1,2,2,2,2,1,1,1,1,2,0,0,0,0,0,0,2,2,1.31,b6,b7b6,Be6,d7e6,1.44,2.7,126.00000000000003,False,12,3,saransh12387,harsh2769,1968,1145,1-0
r2qkbnr/p1pb1ppp/1p1p4/8/2BQP3/2N5/PPP2PPP/R1B1K2R w KQkq - 0 8,8,26,50,0,0,0,Opening,7,7,1,1,2,2,2,2,1,1,1,1,2,0,0,0,0,0,0,2,2,2.64,O-O,e1g1,Qd5,d4d5,2.6,1.93,67.00000000000001,False,12,3,saransh12387,harsh2769,1968,1145,1-0
r2qkbnr/p1pb1ppp/1p1p4/8/2BQP3/2N5/PPP2PPP/R1B2RK1 b kq - 1 8,8,26,33,0,1,0,Opening,7,7,1,1,2,2,2,2,1,1,1,1,2,0,0,0,0,0,0,2,2,1.91,Nf6,g8f6,Qf6,d8f6,2.04,2.14,10.000000000000009,False,12,3,saransh12387,harsh2769,1968,1145,1-0
r2qkb1r/p1pb1ppp/1p1p1n2/8/2BQP3/2N5/PPP2PPP/R1B2RK1 w kq - 2 9,9,26,44,0,1,0,Opening,7,7,1,1,2,2,2,2,1,1,1,1,2,0,0,0,0,0,0,2,2,2.18,e5,e4e5,Re1,f1e1,2.53,2.14,38.99999999999997,False,12,3,saransh12387,harsh2769,1968,1145,1-0
r2qkb1r/p1pb1ppp/1p1p1n2/4P3/2BQ4/2N5/PPP2PPP/R1B2RK1 b kq - 0 9,9,26,32,0,1,0,Opening,7,7,1,1,2,2,2,2,1,1,1,1,2,0,0,0,0,0,0,2,2,2.63,Ng8,f6g8,dxe5,d6e5,2.7,5.51,280.99999999999994,False,12,3,saransh12387,harsh2769,1968,1145,1-0
r2qkbnr/p1pb1ppp/1p1p4/4P3/2BQ4/2N5/PPP2PPP/R1B2RK1 w kq - 1 10,10,26,48,0,1,0,Opening,7,7,1,1,2,2,2,2,1,1,1,1,2,0,0,0,0,0,0,2,2,5.3,exd6,e5d6,Qd5,d4d5,5.88,4.01,187.0,False,12,3,saransh12387,harsh2769,1968,1145,1-0
r2qkbnr/p1pb1ppp/1p1P4/8/2BQ4/2N5/PPP2PPP/R1B2RK1 b kq - 0 10,10,25,33,1,1,0,Opening,7,6,1,1,2,2,2,2,1,1,1,1,2,0,0,0,0,0,0,2,2,5.02,Bxd6,f8d6,Bxd6,f8d6,5.28,5.3,1.9999999999999574,True,12,3,saransh12387,harsh2769,1968,1145,1-0
r2qk1nr/p1pb1ppp/1p1b4/8/2BQ4/2N5/PPP2PPP/R1B2RK1 w kq - 0 11,11,24,49,0,1,0,Middlegame,6,6,1,1,2,2,2,2,1,1,1,1,2,0,0,0,0,0,0,2,2,5.31,Re1+,f1e1,Qxg7,d4g7,4.96,3.13,183.0,False,12,3,saransh12387,harsh2769,1968,1145,1-0
r2qk1nr/p1pb1ppp/1p1b4/8/2BQ4/2N5/PPP2PPP/R1B1R1K1 b kq - 1 11,11,24,6,0,1,0,Middlegame,6,6,1,1,2,2,2,2,1,1,1,1,2,0,0,0,0,0,0,2,2,2.96,Ne7,g8e7,Kf8,e8f8,2.97,6.94,397.0,False,12,3,saransh12387,harsh2769,1968,1145,1-0
r2qk2r/p1pbnppp/1p1b4/8/2BQ4/2N5/PPP2PPP/R1B1R1K1 w kq - 2 12,12,24,57,0,1,0,Middlegame,6,6,1,1,2,2,2,2,1,1,1,1,2,0,0,0,0,0,0,2,2,9.22,Qxg7,d4g7,Qxg7,d4g7,6.74,6.49,25.0,True,12,3,saransh12387,harsh2769,1968,1145,1-0
r2qk2r/p1pbnpQp/1p1b4/8/2B5/2N5/PPP2PPP/R1B1R1K1 b kq - 0 12,12,23,30,1,1,0,Middlegame,6,5,1,1,2,2,2,2,1,1,1,1,2,0,0,0,2,0,0,2,3,6.54,Rg8,h8g8,Be6,d7e6,6.4,10000.0,999360.0,False,12,3,saransh12387,harsh2769,1968,1145,1-0
r2qk1r1/p1pbnpQp/1p1b4/8/2B5/2N5/PPP2PPP/R1B1R1K1 w q - 1 13,13,23,55,1,1,0,Middlegame,6,5,1,1,2,2,2,2,1,1,1,1,2,0,0,0,2,0,0,2,3,10000.0,Qxg8#,g7g8,Qxg8#,g7g8,10000.0,10000.0,0.0,True,12,3,saransh12387,harsh2769,1968,1145,1-0
rnbqkbnr/pppppppp/8/8/8/8/PPPPPPPP/RNBQKBNR w KQkq - 0 1,1,30,20,0,0,0,Opening,8,8,2,2,2,2,2,2,1,1,1,1,2,0,0,0,0,0,0,1,1,0.36,e4,e2e4,e4,e2e4,0.4,0.42,1.9999999999999962,True,12,4,saransh12387,harsh2769,1968,1145,1-0
rnbqkbnr/pppppppp/8/8/4P3/8/PPPP1PPP/RNBQKBNR b KQkq - 0 1,1,30,20,0,0,0,Opening,8,8,2,2,2,2,2,2,1,1,1,1,2,0,0,0,0,0,0,1,1,0.41,e5,e7e5,e5,e7e5,0.37,0.36,1.0000000000000009,True,12,4,saransh12387,harsh2769,1968,1145,1-0
rnbqkbnr/pppp1ppp/8/4p3/4P3/8/PPPP1PPP/RNBQKBNR w KQkq - 0 2,2,30,29,0,0,0,Opening,8,8,2,2,2,2,2,2,1,1,1,1,2,0,0,0,0,0,0,1,1,0.36,Nf3,g1f3,Nf3,g1f3,0.35,0.39,4.0000000000000036,True,12,4,saransh12387,harsh2769,1968,1145,1-0
rnbqkbnr/pppp1ppp/8/4p3/4P3/5N2/PPPP1PPP/RNBQKB1R b KQkq - 1 2,2,30,29,0,0,0,Opening,8,8,2,2,2,2,2,2,1,1,1,1,2,0,0,0,0,0,0,1,1,0.36,Nc6,b8c6,Nc6,b8c6,0.36,0.36,0.0,True,12,4,saransh12387,harsh2769,1968,1145,1-0
r1bqkbnr/pppp1ppp/2n5/4p3/4P3/5N2/PPPP1PPP/RNBQKB1R w KQkq - 2 3,3,30,27,0,0,0,Opening,8,8,2,2,2,2,2,2,1,1,1,1,2,0,0,0,0,0,0,1,1,0.36,d4,d2d4,Bb5,f1b5,0.36,0.33,2.9999999999999973,False,12,4,saransh12387,harsh2769,1968,1145,1-0
r1bqkbnr/pppp1ppp/2n5/4p3/3PP3/5N2/PPP2PPP/RNBQKB1R b KQkq - 0 3,3,30,32,0,0,0,Opening,8,8,2,2,2,2,2,2,1,1,1,1,2,0,0,0,0,0,0,1,1,0.33,exd4,e5d4,exd4,e5d4,0.35,0.34,0.9999999999999953,True,12,4,saransh12387,harsh2769,1968,1145,1-0
r1bqkbnr/pppp1ppp/2n5/8/3pP3/5N2/PPP2PPP/RNBQKB1R w KQkq - 0 4,4,29,37,-1,0,0,Opening,7,8,2,2,2,2,2,2,1,1,1,1,2,0,1,0,0,0,0,2,2,0.34,Nxd4,f3d4,Nxd4,f3d4,0.34,0.39,4.999999999999999,True,12,4,saransh12387,harsh2769,1968,1145,1-0
r1bqkbnr/pppp1ppp/2n5/8/3NP3/8/PPP2PPP/RNBQKB1R b KQkq - 0 4,4,28,32,0,0,0,Opening,7,7,2,2,2,2,2,2,1,1,1,1,2,0,0,0,0,0,0,2,2,0.32,Nxd4,c6d4,Nf6,g8f6,0.24,0.67,43.00000000000001,False,12,4,saransh12387,harsh2769,1968,1145,1-0
r1bqkbnr/pppp1ppp/8/8/3nP3/8/PPP2PPP/RNBQKB1R w KQkq - 0 5,5,27,35,-3,0,0,Opening,7,7,1,2,2,2,2,2,1,1,1,1,2,0,0,0,0,0,0,2,2,0.69,Qxd4,d1d4,Qxd4,d1d4,0.65,0.65,0.0,True,12,4,saransh12387,harsh2769,1968,1145,1-0
r1bqkbnr/pppp1ppp/8/8/3QP3/8/PPP2PPP/RNB1KB1R b KQkq - 0 5,5,26,28,0,0,0,Opening,7,7,1,1,2,2,2,2,1,1,1,1,2,0,0,0,0,0,0,2,2,0.65,c5,c7c5,Qf6,d8f6,0.69,1.64,95.0,False,12,4,saransh12387,harsh2769,1968,1145,1-0
r1bqkbnr/pp1p1ppp/8/2p5/3QP3/8/PPP2PPP/RNB1KB1R w KQkq - 0 6,6,26,45,0,0,0,Opening,7,7,1,1,2,2,2,2,1,1,1,1,2,0,0,0,0,0,0,2,2,1.48,Qa4,d4a4,Qe3,d4e3,1.6,1.5,10.000000000000009,False,12,4,saransh12387,harsh2769,1968,1145,1-0
r1bqkbnr/pp1p1ppp/8/2p5/Q3P3/8/PPP2PPP/RNB1KB1R b KQkq - 1 6,6,26,25,0,0,0,Opening,7,7,1,1,2,2,2,2,1,1,1,1,2,0,0,0,0,0,0,2,2,1.4,Be7,f8e7,Bd6,f8d6,1.26,1.98,72.0,False,12,4,saransh12387,harsh2769,1968,1145,1-0
r1bqk1nr/pp1pbppp/8/2p5/Q3P3/8/PPP2PPP/RNB1KB1R w KQkq - 2 7,7,26,40,0,0,0,Opening,7,7,1,1,2,2,2,2,1,1,1,1,2,0,0,0,0,0,0,2,2,1.99,Nc3,b1c3,Nc3,b1c3,1.9,1.82,7.999999999999985,True,12,4,saransh12387,harsh2769,1968,1145,1-0
r1bqk1nr/pp1pbppp/8/2p5/Q3P3/2N5/PPP2PPP/R1B1KB1R b KQkq - 3 7,7,26,23,0,0,0,Opening,7,7,1,1,2,2,2,2,1,1,1,1,2,0,0,0,0,0,0,2,2,1.92,Nf6,g8f6,Bf6,e7f6,2.04,2.72,68.00000000000001,False,12,4,saransh12387,harsh2769,1968,1145,1-0
r1bqk2r/pp1pbppp/5n2/2p5/Q3P3/2N5/PPP2PPP/R1B1KB1R w KQkq - 4 8,8,26,41,0,0,0,Opening,7,7,1,1,2,2,2,2,1,1,1,1,2,0,0,0,0,0,0,2,2,3.09,e5,e4e5,e5,e4e5,3.1,3.0,10.000000000000009,True,12,4,saransh12387,harsh2769,1968,1145,1-0
r1bqk2r/pp1pbppp/5n2/2p1P3/Q7/2N5/PPP2PPP/R1B1KB1R b KQkq - 0 8,8,26,24,0,0,0,Opening,7,7,1,1,2,2,2,2,1,1,1,1,2,0,0,0,0,0,0,2,2,2.82,Ng4,f6g4,Nh5,f6h5,3.15,4.82,167.00000000000003,False,12,4,saransh12387,harsh2769,1968,1145,1-0
r1bqk2r/pp1pbppp/8/2p1P3/Q5n1/2N5/PPP2PPP/R1B1KB1R w KQkq - 1 9,9,26,44,0,0,0,Opening,7,7,1,1,2,2,2,2,1,1,1,1,2,0,0,0,0,0,0,2,2,4.75,Qxg4,a4g4,Qxg4,a4g4,4.63,4.71,8.000000000000007,True,12,4,saransh12387,harsh2769,1968,1145,1-0
r1bqk2r/pp1pbppp/8/2p1P3/6Q1/2N5/PPP2PPP/R1B1KB1R b KQkq - 0 9,9,25,26,3,0,0,Opening,7,7,1,0,2,2,2,2,1,1,1,1,2,0,0,0,0,0,0,2,2,4.65,O-O,e8g8,d5,d7d5,4.62,5.3,67.99999999999997,False,12,4,saransh12387,harsh2769,1968,1145,1-0
r1bq1rk1/pp1pbppp/8/2p1P3/6Q1/2N5/PPP2PPP/R1B1KB1R w KQ - 1 10,10,25,51,3,0,1,Opening,7,7,1,0,2,2,2,2,1,1,1,1,2,0,0,0,0,0,0,2,2,5.08,Bh6,c1h6,Bh6,c1h6,4.92,4.94,2.000000000000046,True,12,4,saransh12387,harsh2769,1968,1145,1-0
r1bq1rk1/pp1pbppp/7B/2p1P3/6Q1/2N5/PPP2PPP/R3KB1R b KQ - 2 10,10,25,22,3,0,1,Opening,7,7,1,0,2,2,2,2,1,1,1,1,2,0,0,0,0,0,0,2,2,5.09,g6,g7g6,g6,g7g6,5.05,5.09,4.0000000000000036,True,12,4,saransh12387,harsh2769,1968,1145,1-0
r1bq1rk1/pp1pbp1p/6pB/2p1P3/6Q1/2N5/PPP2PPP/R3KB1R w KQ - 0 11,11,25,55,3,0,1,Opening,7,7,1,0,2,2,2,2,1,1,1,1,2,0,0,0,0,0,0,2,2,4.89,Bxf8,h6f8,Nd5,c3d5,4.99,4.72,27.000000000000046,False,12,4,saransh12387,harsh2769,1968,1145,1-0
r1bq1Bk1/pp1pbp1p/6p1/2p1P3/6Q1/2N5/PPP2PPP/R3KB1R b KQ - 0 11,11,24,25,8,0,1,Middlegame,7,7,1,0,2,2,2,1,1,1,1,1,2,0,0,0,0,0,0,2,2,4.61,Qxf8,d8f8,Bxf8,e7f8,4.43,4.96,53.00000000000003,False,12,4,saransh12387,harsh2769,1968,1145,1-0
r1b2qk1/pp1pbp1p/6p1/2p1P3/6Q1/2N5/PPP2PPP/R3KB1R w KQ - 0 12,12,23,48,5,0,1,Middlegame,7,7,1,0,1,2,2,1,1,1,0,1,2,0,0,0,0,0,0,2,2,5.05,O-O-O,e1c1,Qf3,g4f3,4.91,4.35,56.00000000000005,False,12,4,saransh12387,harsh2769,1968,1145,1-0
r1b2qk1/pp1pbp1p/6p1/2p1P3/6Q1/2N5/PPP2PPP/2KR1B1R b - - 1 12,12,23,24,5,1,1,Middlegame,7,7,1,0,1,2,2,1,1,1,0,1,2,0,0,0,0,0,0,2,2,4.12,d6,d7d6,d5,d7d5,4.16,4.9,74.00000000000003,False,12,4,saransh12387,harsh2769,1968,1145,1-0
r1b2qk1/pp2bp1p/3p2p1/2p1P3/6Q1/2N5/PPP2PPP/2KR1B1R w - - 0 13,13,23,49,5,1,1,Middlegame,7,7,1,0,1,2,2,1,1,1,0,1,2,0,0,0,0,0,0,2,2,4.85,Qf4,g4f4,Qg3,g4g3,4.55,4.53,1.9999999999999574,False,12,4,saransh12387,harsh2769,1968,1145,1-0
r1b2qk1/pp2bp1p/3p2p1/2p1P3/5Q2/2N5/PPP2PPP/2KR1B1R b - - 1 13,13,23,28,5,1,1,Middlegame,7,7,1,0,1,2,2,1,1,1,0,1,2,0,0,0,0,0,0,2,2,4.27,h6,h7h6,dxe5,d6e5,4.51,5.05,54.0,False,12,4,saransh12387,harsh2769,1968,1145,1-0
r1b2qk1/pp2bp2/3p2pp/2p1P3/5Q2/2N5/PPP2PPP/2KR1B1R w - - 0 14,14,23,47,5,1,1,Middlegame,7,7,1,0,1,2,2,1,1,1,0,1,2,0,0,0,0,0,0,2,2,4.84,h4,h2h4,Kb1,c1b1,4.84,4.87,3.000000000000025,False,12,4,saransh12387,harsh2769,1968,1145,1-0
r1b2qk1/pp2bp2/3p2pp/2p1P3/5Q1P/2N5/PPP2PP1/2KR1B1R b - - 0 14,14,23,27,5,1,1,Middlegame,7,7,1,0,1,2,2,1,1,1,0,1,2,0,0,0,0,0,0,2,2,4.95,Qd8,f8d8,dxe5,d6e5,4.75,5.17,41.99999999999999,False,12,4,saransh12387,harsh2769,1968,1145,1-0
r1bq2k1/pp2bp2/3p2pp/2p1P3/5Q1P/2N5/PPP2PP1/2KR1B1R w - - 1 15,15,23,48,5,1,1,Middlegame,7,7,1,0,1,2,2,1,1,1,0,1,2,0,0,0,0,0,0,2,2,5.89,Qxh6,f4h6,exd6,e5d6,5.74,5.06,68.00000000000006,False,12,4,saransh12387,harsh2769,1968,1145,1-0
r1bq2k1/pp2bp2/3p2pQ/2p1P3/7P/2N5/PPP2PP1/2KR1B1R b - - 0 15,15,22,26,6,1,1,Middlegame,7,6,1,0,1,2,2,1,1,1,0,1,2,0,0,0,0,0,0,2,2,5.02,dxe5,d6e5,Be6,c8e6,5.12,8.44,331.99999999999994,False,12,4,saransh12387,harsh2769,1968,1145,1-0
rnbqkbnr/pppppppp/8/8/8/8/PPPPPPPP/RNBQKBNR w KQkq - 0 1,1,30,20,0,0,0,Opening,8,8,2,2,2,2,2,2,1,1,1,1,2,0,0,0,0,0,0,1,1,0.35,e4,e2e4,e4,e2e4,0.39,0.37,2.0000000000000018,True,12,5,saransh12387,harsh2769,1968,1145,1-0
rnbqkbnr/pppppppp/8/8/4P3/8/PPPP1PPP/RNBQKBNR b KQkq - 0 1,1,30,20,0,0,0,Opening,8,8,2,2,2,2,2,2,1,1,1,1,2,0,0,0,0,0,0,1,1,0.34,d5,d7d5,e5,e7e5,0.41,0.81,40.00000000000001,False,12,5,saransh12387,harsh2769,1968,1145,1-0
rnbqkbnr/ppp1pppp/8/3p4/4P3/8/PPPP1PPP/RNBQKBNR w KQkq - 0 2,2,30,31,0,0,0,Opening,8,8,2,2,2,2,2,2,1,1,1,1,2,0,0,0,0,0,0,1,1,0.77,exd5,e4d5,exd5,e4d5,0.82,0.8,1.9999999999999907,True,12,5,saransh12387,harsh2769,1968,1145,1-0
rnbqkbnr/ppp1pppp/8/3P4/8/8/PPPP1PPP/RNBQKBNR b KQkq - 0 2,2,29,28,1,0,0,Opening,8,7,2,2,2,2,2,2,1,1,1,1,2,1,0,0,0,0,0,2,2,0.75,Qxd5,d8d5,Qxd5,d8d5,0.87,0.82,5.000000000000004,True,12,5,saransh12387,harsh2769,1968,1145,1-0
rnb1kbnr/ppp1pppp/8/3q4/8/8/PPPP1PPP/RNBQKBNR w KQkq - 0 3,3,28,29,0,0,0,Opening,7,7,2,2,2,2,2,2,1,1,1,1,2,0,0,0,0,0,0,2,2,0.87,Nc3,b1c3,Nc3,b1c3,0.78,0.66,12.0,True,12,5,saransh12387,harsh2769,1968,1145,1-0
rnb1kbnr/ppp1pppp/8/3q4/8/2N5/PPPP1PPP/R1BQKBNR b KQkq - 1 3,3,28,47,0,0,0,Opening,7,7,2,2,2,2,2,2,1,1,1,1,2,0,0,0,0,0,0,2,2,0.69,Qd8,d5d8,Qd6,d5d6,0.66,0.67,1.0000000000000009,False,12,5,saransh12387,harsh2769,1968,1145,1-0
rnbqkbnr/ppp1pppp/8/8/8/2N5/PPPP1PPP/R1BQKBNR w KQkq - 2 4,4,28,32,0,0,0,Opening,7,7,2,2,2,2,2,2,1,1,1,1,2,0,0,0,0,0,0,2,2,0.69,Nf3,g1f3,d4,d2d4,0.7,0.72,2.0000000000000018,False,12,5,saransh12387,harsh2769,1968,1145,1-0
rnbqkbnr/ppp1pppp/8/8/8/2N2N2/PPPP1PPP/R1BQKB1R b KQkq - 3 4,4,28,31,0,0,0,Opening,7,7,2,2,2,2,2,2,1,1,1,1,2,0,0,0,0,0,0,2,2,0.69,Nf6,g8f6,g6,g7g6,0.76,0.75,1.0000000000000009,False,12,5,saransh12387,harsh2769,1968,1145,1-0
rnbqkb1r/ppp1pppp/5n2/8/8/2N2N2/PPPP1PPP/R1BQKB1R w KQkq - 4 5,5,28,30,0,0,0,Opening,7,7,2,2,2,2,2,2,1,1,1,1,2,0,0,0,0,0,0,2,2,0.71,d4,d2d4,Bc4,f1c4,0.78,0.76,2.0000000000000018,False,12,5,saransh12387,harsh2769,1968,1145,1-0
rnbqkb1r/ppp1pppp/5n2/8/3P4/2N2N2/PPP2PPP/R1BQKB1R b KQkq - 0 5,5,28,32,0,0,0,Opening,7,7,2,2,2,2,2,2,1,1,1,1,2,0,0,0,0,0,0,2,2,0.75,Bf5,c8f5,g6,g7g6,0.83,0.95,12.0,False,12,5,saransh12387,harsh2769,1968,1145,1-0
rn1qkb1r/ppp1pppp/5n2/5b2/3P4/2N2N2/PPP2PPP/R1BQKB1R w KQkq - 1 6,6,28,37,0,0,0,Opening,7,7,2,2,2,2,2,2,1,1,1,1,2,0,0,0,0,0,0,2,2,0.94,Bc4,f1c4,Ne5,f3e5,0.96,0.76,19.999999999999996,False,12,5,saransh12387,harsh2769,1968,1145,1-0
rn1qkb1r/ppp1pppp/5n2/5b2/2BP4/2N2N2/PPP2PPP/R1BQK2R b KQkq - 2 6,6,28,37,0,0,0,Opening,7,7,2,2,2,2,2,2,1,1,1,1,2,0,0,0,0,0,0,2,2,0.57,h6,h7h6,e6,e7e6,0.5,1.63,112.99999999999999,False,12,5,saransh12387,harsh2769,1968,1145,1-0
rn1qkb1r/ppp1ppp1/5n1p/5b2/2BP4/2N2N2/PPP2PPP/R1BQK2R w KQkq - 0 7,7,28,44,0,0,0,Opening,7,7,2,2,2,2,2,2,1,1,1,1,2,0,0,0,0,0,0,2,2,1.61,Bf4,c1f4,Qe2,d1e2,1.68,0.97,71.0,False,12,5,saransh12387,harsh2769,1968,1145,1-0
rn1qkb1r/ppp1ppp1/5n1p/5b2/2BP1B2/2N2N2/PPP2PPP/R2QK2R b KQkq - 1 7,7,28,39,0,0,0,Opening,7,7,2,2,2,2,2,2,1,1,1,1,2,0,0,0,0,0,0,2,2,0.93,e6,e7e6,e6,e7e6,0.9,0.75,15.000000000000002,True,12,5,saransh12387,harsh2769,1968,1145,1-0
rn1qkb1r/ppp2pp1/4pn1p/5b2/2BP1B2/2N2N2/PPP2PPP/R2QK2R w KQkq - 0 8,8,28,50,0,0,0,Opening,7,7,2,2,2,2,2,2,1,1,1,1,2,0,0,0,0,0,0,2,2,0.72,O-O,e1g1,Qe2,d1e2,0.72,0.23,49.0,False,12,5,saransh12387,harsh2769,1968,1145,1-0
rn1qkb1r/ppp2pp1/4pn1p/5b2/2BP1B2/2N2N2/PPP2PPP/R2Q1RK1 b kq - 1 8,8,28,42,0,1,0,Opening,7,7,2,2,2,2,2,2,1,1,1,1,2,0,0,0,0,0,0,2,2,0.19,Bd6,f8d6,Bd6,f8d6,0.23,0.21,2.0000000000000018,True,12,5,saransh12387,harsh2769,1968,1145,1-0
rn1qk2r/ppp2pp1/3bpn1p/5b2/2BP1B2/2N2N2/PPP2PPP/R2Q1RK1 w kq - 2 9,9,28,45,0,1,0,Opening,7,7,2,2,2,2,2,2,1,1,1,1,2,0,0,0,0,0,0,2,2,0.25,Bxd6,f4d6,Ne5,f3e5,0.23,-0.08,31.0,False,12,5,saransh12387,harsh2769,1968,1145,1-0
rn1qk2r/ppp2pp1/3Bpn1p/5b2/2BP4/2N2N2/PPP2PPP/R2Q1RK1 b kq - 0 9,9,27,36,3,1,0,Opening,7,7,2,2,2,1,2,2,1,1,1,0,2,0,0,0,0,0,0,2,2,-0.09,cxd6,c7d6,cxd6,c7d6,-0.12,-0.11,0.9999999999999996,True,12,5,saransh12387,harsh2769,1968,1145,1-0
rn1qk2r/pp3pp1/3ppn1p/5b2/2BP4/2N2N2/PPP2PPP/R2Q1RK1 w kq - 0 10,10,26,37,0,1,0,Opening,7,7,2,2,1,1,2,2,1,1,0,0,2,0,0,0,0,0,0,2,2,-0.02,Re1,f1e1,Bd3,c4d3,0.23,-0.11,34.0,False,12,5,saransh12387,harsh2769,1968,1145,1-0
rn1qk2r/pp3pp1/3ppn1p/5b2/2BP4/2N2N2/PPP2PPP/R2QR1K1 b kq - 1 10,10,26,39,0,1,0,Opening,7,7,2,2,1,1,2,2,1,1,0,0,2,0,0,0,0,0,0,2,2,-0.13,O-O,e8g8,d5,d6d5,-0.11,-0.08,3.0,False,12,5,saransh12387,harsh2769,1968,1145,1-0
rn1q1rk1/pp3pp1/3ppn1p/5b2/2BP4/2N2N2/PPP2PPP/R2QR1K1 w - - 2 11,11,26,42,0,1,1,Opening,7,7,2,2,1,1,2,2,1,1,0,0,2,0,0,0,0,0,0,2,2,-0.09,d5,d4d5,d5,d4d5,-0.15,-0.2,5.000000000000002,True,12,5,saransh12387,harsh2769,1968,1145,1-0
rn1q1rk1/pp3pp1/3ppn1p/3P1b2/2B5/2N2N2/PPP2PPP/R2QR1K1 b - - 0 11,11,26,36,0,1,1,Opening,7,7,2,2,1,1,2,2,1,1,0,0,2,0,0,0,0,0,0,2,2,-0.19,e5,e6e5,e5,e6e5,-0.08,-0.08,0.0,True,12,5,saransh12387,harsh2769,1968,1145,1-0
rn1q1rk1/pp3pp1/3p1n1p/3Ppb2/2B5/2N2N2/PPP2PPP/R2QR1K1 w - - 0 12,12,26,39,0,1,1,Opening,7,7,2,2,1,1,2,2,1,1,0,0,2,0,0,0,0,0,0,2,2,-0.1,h3,h2h3,Bd3,c4d3,-0.06,-0.23,17.0,False,12,5,saransh12387,harsh2769,1968,1145,1-0
rn1q1rk1/pp3pp1/3p1n1p/3Ppb2/2B5/2N2N1P/PPP2PP1/R2QR1K1 b - - 0 12,12,26,38,0,1,1,Opening,7,7,2,2,1,1,2,2,1,1,0,0,2,0,0,0,0,0,0,2,2,-0.23,a6,a7a6,Na6,b8a6,-0.21,-0.06,15.0,False,12,5,saransh12387,harsh2769,1968,1145,1-0
rn1q1rk1/1p3pp1/p2p1n1p/3Ppb2/2B5/2N2N1P/PPP2PP1/R2QR1K1 w - - 0 13,13,26,40,0,1,1,Opening,7,7,2,2,1,1,2,2,1,1,0,0,2,0,0,0,0,0,0,2,2,-0.14,Bd3,c4d3,Bd3,c4d3,-0.11,-0.2,9.000000000000002,True,12,5,saransh12387,harsh2769,1968,1145,1-0
rn1q1rk1/1p3pp1/p2p1n1p/3Ppb2/8/2NB1N1P/PPP2PP1/R2QR1K1 b - - 1 13,13,26,36,0,1,1,Opening,7,7,2,2,1,1,2,2,1,1,0,0,2,0,0,0,0,0,0,2,2,-0.48,Bxd3,f5d3,Bh7,f5h7,-0.2,0.06,26.0,False,12,5,saransh12387,harsh2769,1968,1145,1-0
rn1q1rk1/1p3pp1/p2p1n1p/3Pp3/8/2Nb1N1P/PPP2PP1/R2QR1K1 w - - 0 14,14,25,33,-3,1,1,Opening,7,7,2,2,0,1,2,2,1,1,0,0,2,0,0,0,0,0,0,2,2,0.14,Qxd3,d1d3,cxd3,c2d3,0.06,-0.4,46.0,False,12,5,saransh12387,harsh2769,1968,1145,1-0
rn1q1rk1/1p3pp1/p2p1n1p/3Pp3/8/2NQ1N1P/PPP2PP1/R3R1K1 b - - 0 14,14,24,26,0,1,1,Middlegame,7,7,2,2,0,0,2,2,1,1,0,0,2,0,0,0,0,0,0,2,2,-0.48,Qa5,d8a5,Nbd7,b8d7,-0.45,0.61,106.0,False,12,5,saransh12387,harsh2769,1968,1145,1-0
rn3rk1/1p3pp1/p2p1n1p/q2Pp3/8/2NQ1N1P/PPP2PP1/R3R1K1 w - - 1 15,15,24,46,0,1,1,Middlegame,7,7,2,2,0,0,2,2,1,1,0,0,2,0,0,0,0,0,0,2,2,0.41,Qf5,d3f5,Nh4,f3h4,0.48,-0.48,96.0,False,12,5,saransh12387,harsh2769,1968,1145,1-0
rn3rk1/1p3pp1/p2p1n1p/q2PpQ2/8/2N2N1P/PPP2PP1/R3R1K1 b - - 2 15,15,24,31,0,1,1,Middlegame,7,7,2,2,0,0,2,2,1,1,0,0,2,0,0,0,0,0,0,2,2,-0.63,Nxd5,f6d5,Nbd7,b8d7,-0.46,-0.16,30.000000000000004,False,12,5,saransh12387,harsh2769,1968,1145,1-0
rn3rk1/1p3pp1/p2p3p/q2npQ2/8/2N2N1P/PPP2PP1/R3R1K1 w - - 0 16,16,23,48,-1,1,1,Middlegame,6,7,2,2,0,0,2,2,1,1,0,0,2,0,0,0,0,0,0,2,2,-0.21,Nxd5,c3d5,Nxd5,c3d5,-0.31,-0.31,0.0,True,12,5,saransh12387,harsh2769,1968,1145,1-0
rn3rk1/1p3pp1/p2p3p/q2NpQ2/8/5N1P/PPP2PP1/R3R1K1 b - - 0 16,16,22,27,2,1,1,Middlegame,6,7,2,1,0,0,2,2,1,1,0,0,2,0,0,0,0,0,0,2,2,-0.15,Qxd5,a5d5,Qxd5,a5d5,-0.14,-0.1,4.000000000000001,True,12,5,saransh12387,harsh2769,1968,1145,1-0
rn3rk1/1p3pp1/p2p3p/3qpQ2/8/5N1P/PPP2PP1/R3R1K1 w - - 0 17,17,21,43,-1,1,1,Middlegame,6,7,1,1,0,0,2,2,1,1,0,0,2,0,0,0,0,0,0,2,2,-0.12,Rad1,a1d1,Rad1,a1d1,-0.13,-0.05,8.0,True,12,5,saransh12387,harsh2769,1968,1145,1-0
rn3rk1/1p3pp1/p2p3p/3qpQ2/8/5N1P/PPP2PP1/3RR1K1 b - - 1 17,17,21,29,-1,1,1,Middlegame,6,7,1,1,0,0,2,2,1,1,0,0,2,0,0,0,0,0,0,2,2,-0.06,Qxa2,d5a2,Qxa2,d5a2,-0.03,-0.03,0.0,True,12,5,saransh12387,harsh2769,1968,1145,1-0
rn3rk1/1p3pp1/p2p3p/4pQ2/8/5N1P/qPP2PP1/3RR1K1 w - - 0 18,18,20,43,-2,1,1,Middlegame,5,7,1,1,0,0,2,2,1,1,0,0,2,0,0,0,0,0,0,2,2,-0.05,Rxd6,d1d6,Rxd6,d1d6,0.0,-0.02,2.0,True,12,5,saransh12387,harsh2769,1968,1145,1-0
rn3rk1/1p3pp1/p2R3p/4pQ2/8/5N1P/qPP2PP1/4R1K1 b - - 0 18,18,19,25,-1,1,1,Middlegame,5,6,1,1,0,0,2,2,1,1,0,0,2,0,0,0,0,0,0,2,2,0.0,Qxb2,a2b2,Nc6,b8c6,0.0,0.17,17.0,False,12,5,saransh12387,harsh2769,1968,1145,1-0
rn3rk1/1p3pp1/p2R3p/4pQ2/8/5N1P/1qP2PP1/4R1K1 w - - 0 19,19,18,51,-2,1,1,Middlegame,4,6,1,1,0,0,2,2,1,1,0,0,2,0,0,1,0,0,1,2,2,0.22,Nxe5,f3e5,Rxh6,d6h6,0.22,-0.28,50.0,False,12,5,saransh12387,harsh2769,1968,1145,1-0
rn3rk1/1p3pp1/p2R3p/4NQ2/8/7P/1qP2PP1/4R1K1 b - - 0 19,19,17,27,-1,1,1,Middlegame,4,5,1,1,0,0,2,2,1,1,0,0,2,0,0,1,0,0,1,2,2,-0.22,Qxc2,b2c2,Nc6,b8c6,-0.25,6.13,638.0,False,12,5,saransh12387,harsh2769,1968,1145,1-0
rn3rk1/1p3pp1/p2R3p/4NQ2/8/7P/2q2PP1/4R1K1 w - - 0 20,20,16,53,-2,1,1,Middlegame,3,5,1,1,0,0,2,2,1,1,0,0,2,0,0,0,0,0,2,1,2,6.2,Qxc2,f5c2,Qxc2,f5c2,6.47,6.46,0.9999999999999787,True,12,5,saransh12387,harsh2769,1968,1145,1-0
rn3rk1/1p3pp1/p2R3p/4N3/8/7P/2Q2PP1/4R1K1 b - - 0 20,20,15,15,7,1,1,Middlegame,3,5,1,1,0,0,2,2,1,0,0,0,1,0,0,0,0,0,2,1,2,6.46,Nc6,b8c6,Nc6,b8c6,6.34,6.44,10.000000000000053,True,12,5,saransh12387,harsh2769,1968,1145,1-0
r4rk1/1p3pp1/p1nR3p/4N3/8/7P/2Q2PP1/4R1K1 w - - 1 21,21,15,54,7,1,1,Middlegame,3,5,1,1,0,0,2,2,1,0,0,0,1,0,0,0,0,0,2,1,2,6.38,Nxc6,e5c6,Nxc6,e5c6,6.06,6.03,2.999999999999936,True,12,5,saransh12387,harsh2769,1968,1145,1-0
r4rk1/1p3pp1/p1NR3p/8/8/7P/2Q2PP1/4R1K1 b - - 0 21,21,14,19,10,1,1,Middlegame,3,5,1,0,0,0,2,2,1,0,0,0,1,0,0,0,0,0,2,1,2,6.34,bxc6,b7c6,bxc6,b7c6,6.23,6.07,16.000000000000014,True,12,5,saransh12387,harsh2769,1968,1145,1-0
r4rk1/5pp1/p1pR3p/8/8/7P/2Q2PP1/4R1K1 w - - 0 22,22,13,50,7,1,1,Middlegame,3,5,0,0,0,0,2,2,1,0,0,0,1,0,0,0,2,0,2,1,3,6.18,Rxc6,d6c6,Kh1,g1h1,6.12,5.81,31.00000000000005,False,12,5,saransh12387,harsh2769,1968,1145,1-0
r4rk1/5pp1/p1R4p/8/8/7P/2Q2PP1/4R1K1 b - - 0 22,22,12,16,8,1,1,Middlegame,3,4,0,0,0,0,2,2,1,0,0,0,1,0,0,0,1,0,1,1,2,5.65,Rfd8,f8d8,Rfe8,f8e8,6.1,6.15,5.000000000000071,False,12,5,saransh12387,harsh2769,1968,1145,1-0
r2r2k1/5pp1/p1R4p/8/8/7P/2Q2PP1/4R1K1 w - - 1 23,23,12,49,8,1,1,Middlegame,3,4,0,0,0,0,2,2,1,0,0,0,1,0,0,0,1,0,1,1,2,6.46,Qa4,c2a4,Kh1,g1h1,5.98,6.0,1.9999999999999574,False,12,5,saransh12387,harsh2769,1968,1145,1-0
r2r2k1/5pp1/p1R4p/8/Q7/7P/5PP1/4R1K1 b - - 2 23,23,12,23,8,1,1,Middlegame,3,4,0,0,0,0,2,2,1,0,0,0,1,0,0,0,1,0,1,1,2,6.21,Kh7,g8h7,Rd3,d8d3,6.02,6.22,20.000000000000018,False,12,5,saransh12387,harsh2769,1968,1145,1-0
r2r4/5ppk/p1R4p/8/Q7/7P/5PP1/4R1K1 w - - 3 24,24,12,50,8,1,0,Middlegame,3,4,0,0,0,0,2,2,1,0,0,0,1,0,0,0,1,0,1,1,2,6.16,Rxa6,c6a6,Kh1,g1h1,6.06,6.03,2.999999999999936,False,12,5,saransh12387,harsh2769,1968,1145,1-0
r2r4/5ppk/R6p/8/Q7/7P/5PP1/4R1K1 b - - 0 24,24,11,24,9,1,0,Middlegame,3,3,0,0,0,0,2,2,1,0,0,0,1,0,0,0,0,0,0,1,1,6.19,Rac8,a8c8,Rxa6,a8a6,6.19,5.99,20.000000000000018,False,12,5,saransh12387,harsh2769,1968,1145,1-0
2rr4/5ppk/R6p/8/Q7/7P/5PP1/4R1K1 w - - 1 25,25,11,48,9,1,0,Middlegame,3,3,0,0,0,0,2,2,1,0,0,0,1,0,0,0,0,0,0,1,1,5.95,Qe4+,a4e4,Kh1,g1h1,5.73,6.0,26.999999999999957,False,12,5,saransh12387,harsh2769,1968,1145,1-0
2rr4/5ppk/R6p/8/4Q3/7P/5PP1/4R1K1 b - - 2 25,25,11,4,9,1,0,Middlegame,3,3,0,0,0,0,2,2,1,0,0,0,1,0,0,0,0,0,0,1,1,6.05,g6,g7g6,Kg8,h7g8,6.4,6.09,31.00000000000005,False,12,5,saransh12387,harsh2769,1968,1145,1-0
2rr4/5p1k/R5pp/8/4Q3/7P/5PP1/4R1K1 w - - 0 26,26,11,51,9,1,0,Middlegame,3,3,0,0,0,0,2,2,1,0,0,0,1,0,0,0,0,0,0,1,1,6.09,Rxg6,a6g6,Qb7,e4b7,6.4,5.34,106.00000000000006,False,12,5,saransh12387,harsh2769,1968,1145,1-0
2rr4/5p1k/6Rp/8/4Q3/7P/5PP1/4R1K1 b - - 0 26,26,10,25,10,1,0,Endgame,3,2,0,0,0,0,2,2,1,0,0,0,1,0,0,0,2,0,0,1,2,5.88,fxg6,f7g6,fxg6,f7g6,6.0,6.02,1.9999999999999574,True,12,5,saransh12387,harsh2769,1968,1145,1-0
2rr4/7k/6pp/8/4Q3/7P/5PP1/4R1K1 w - - 0 27,27,9,38,5,1,0,Endgame,3,2,0,0,0,0,1,2,1,0,0,0,1,0,0,0,0,0,0,1,1,6.16,Qe7+,e4e7,Qe7+,e4e7,7.01,7.05,4.0000000000000036,True,12,5,saransh12387,harsh2769,1968,1145,1-0
2rr4/4Q2k/6pp/8/8/7P/5PP1/4R1K1 b - - 1 27,27,9,2,5,1,0,Endgame,3,2,0,0,0,0,1,2,1,0,0,0,1,0,0,0,0,0,0,1,1,7.15,Kg8,h7g8,Kg8,h7g8,6.94,7.69,75.0,True,12,5,saransh12387,harsh2769,1968,1145,1-0
2rr2k1/4Q3/6pp/8/8/7P/5PP1/4R1K1 w - - 2 28,28,9,40,5,1,1,Endgame,3,2,0,0,0,0,1,2,1,0,0,0,1,0,0,0,0,0,0,1,1,7.25,Qf6,e7f6,Kh2,g1h2,7.24,6.25,99.00000000000003,False,12,5,saransh12387,harsh2769,1968,1145,1-0
2rr2k1/8/5Qpp/8/8/7P/5PP1/4R1K1 b - - 3 28,28,9,21,5,1,1,Endgame,3,2,0,0,0,0,1,2,1,0,0,0,1,0,0,0,0,0,0,1,1,6.18,Kh7,g8h7,Re8,d8e8,6.23,10000.0,999377.0,False,12,5,saransh12387,harsh2769,1968,1145,1-0
2rr4/7k/5Qpp/8/8/7P/5PP1/4R1K1 w - - 4 29,29,9,42,5,1,0,Endgame,3,2,0,0,0,0,1,2,1,0,0,0,1,0,0,0,0,0,0,1,1,10000.0,Re7+,e1e7,Re7+,e1e7,10000.0,10000.0,0.0,True,12,5,saransh12387,harsh2769,1968,1145,1-0
2rr4/4R2k/5Qpp/8/8/7P/5PP1/6K1 b - - 5 29,29,9,1,5,1,0,Endgame,3,2,0,0,0,0,1,2,1,0,0,0,1,0,0,0,0,0,0,1,1,10000.0,Kg8,h7g8,Kg8,h7g8,10000.0,10000.0,0.0,True,12,5,saransh12387,harsh2769,1968,1145,1-0
2rr2k1/4R3/5Qpp/8/8/7P/5PP1/6K1 w - - 6 30,30,9,42,5,1,1,Endgame,3,2,0,0,0,0,1,2,1,0,0,0,1,0,0,0,0,0,0,1,1,10000.0,Qxg6+,f6g6,Qg7#,f6g7,10000.0,10000.0,0.0,False,12,5,saransh12387,harsh2769,1968,1145,1-0
2rr2k1/4R3/6Qp/8/8/7P/5PP1/6K1 b - - 0 30,30,8,2,6,1,1,Endgame,3,1,0,0,0,0,1,2,1,0,0,0,1,0,0,0,1,1,0,1,1,10000.0,Kf8,g8f8,Kh8,g8h8,10000.0,10000.0,0.0,False,12,5,saransh12387,harsh2769,1968,1145,1-0
2rr1k2/4R3/6Qp/8/8/7P/5PP1/6K1 w - - 1 31,31,8,43,6,1,0,Endgame,3,1,0,0,0,0,1,2,1,0,0,0,1,0,0,0,1,1,0,1,1,10000.0,Rf7+,e7f7,Qg7#,g6g7,10000.0,10000.0,0.0,False,12,5,saransh12387,harsh2769,1968,1145,1-0
2rr1k2/5R2/6Qp/8/8/7P/5PP1/6K1 b - - 2 31,31,8,1,6,1,0,Endgame,3,1,0,0,0,0,1,2,1,0,0,0,1,0,0,0,1,1,0,1,1,10000.0,Ke8,f8e8,Ke8,f8e8,10000.0,10000.0,0.0,True,12,5,saransh12387,harsh2769,1968,1145,1-0
2rrk3/5R2/6Qp/8/8/7P/5PP1/6K1 w - - 3 32,32,8,39,6,1,0,Endgame,3,1,0,0,0,0,1,2,1,0,0,0,1,0,0,0,1,1,0,1,1,10000.0,Rh7+,f7h7,Qe6#,g6e6,10000.0,10000.0,0.0,False,12,5,saransh12387,harsh2769,1968,1145,1-0
2rrk3/7R/6Qp/8/8/7P/5PP1/6K1 b - - 4 32,32,8,1,6,1,0,Endgame,3,1,0,0,0,0,1,2,1,0,0,0,1,0,0,0,1,1,0,1,1,10000.0,Kf8,e8f8,Kf8,e8f8,10000.0,10000.0,0.0,True,12,5,saransh12387,harsh2769,1968,1145,1-0
2rr1k2/7R/6Qp/8/8/7P/5PP1/6K1 w - - 5 33,33,8,37,6,1,0,Endgame,3,1,0,0,0,0,1,2,1,0,0,0,1,0,0,0,1,1,0,1,1,10000.0,Qg7+,g6g7,Qf7#,g6f7,10000.0,10000.0,0.0,False,12,5,saransh12387,harsh2769,1968,1145,1-0
2rr1k2/6QR/7p/8/8/7P/5PP1/6K1 b - - 6 33,33,8,1,6,1,0,Endgame,3,1,0,0,0,0,1,2,1,0,0,0,1,0,0,0,1,1,0,1,1,10000.0,Ke8,f8e8,Ke8,f8e8,10000.0,10000.0,0.0,True,12,5,saransh12387,harsh2769,1968,1145,1-0
2rrk3/6QR/7p/8/8/7P/5PP1/6K1 w - - 7 34,34,8,30,6,1,0,Endgame,3,1,0,0,0,0,1,2,1,0,0,0,1,0,0,0,1,1,0,1,1,10000.0,Rxh6,h7h6,Rh8#,h7h8,10000.0,10000.0,0.0,False,12,5,saransh12387,harsh2769,1968,1145,1-0
2rrk3/6Q1/7R/8/8/7P/5PP1/6K1 b - - 0 34,34,7,16,7,1,0,Endgame,3,0,0,0,0,0,1,2,1,0,0,0,1,0,0,0,0,3,0,1,0,10000.0,Rd1+,d8d1,Rc1+,c8c1,10000.0,10000.0,0.0,False,12,5,saransh12387,harsh2769,1968,1145,1-0
2r1k3/6Q1/7R/8/8/7P/5PP1/3r2K1 w - - 1 35,35,7,1,7,1,0,Endgame,3,0,0,0,0,0,1,2,1,0,0,0,1,0,0,0,0,3,0,1,0,10000.0,Kh2,g1h2,Kh2,g1h2,10000.0,10000.0,0.0,True,12,5,saransh12387,harsh2769,1968,1145,1-0
2r1k3/6Q1/7R/8/8/7P/5PPK/3r4 b - - 2 35,35,7,25,7,0,0,Endgame,3,0,0,0,0,0,1,2,1,0,0,0,1,0,0,0,0,3,0,1,0,10000.0,Rh1+,d1h1,Rh1+,d1h1,10000.0,10000.0,0.0,True,12,5,saransh12387,harsh2769,1968,1145,1-0
2r1k3/6Q1/7R/8/8/7P/5PPK/7r w - - 3 36,36,7,2,7,0,0,Endgame,3,0,0,0,0,0,1,2,1,0,0,0,1,0,0,0,0,3,0,1,0,10000.0,Kxh1,h2h1,Kxh1,h2h1,10000.0,10000.0,0.0,True,12,5,saransh12387,harsh2769,1968,1145,1-0
2r1k3/6Q1/7R/8/8/7P/5PP1/7K b - - 0 36,36,6,11,12,0,0,Endgame,3,0,0,0,0,0,1,1,1,0,0,0,1,0,0,0,0,3,0,1,0,10000.0,Rc1+,c8c1,Rc1+,c8c1,10000.0,10000.0,0.0,True,12,5,saransh12387,harsh2769,1968,1145,1-0
4k3/6Q1/7R/8/8/7P/5PP1/2r4K w - - 1 37,37,6,1,12,0,0,Endgame,3,0,0,0,0,0,1,1,1,0,0,0,1,0,0,0,0,3,0,1,0,10000.0,Kh2,h1h2,Kh2,h1h2,10000.0,10000.0,0.0,True,12,5,saransh12387,harsh2769,1968,1145,1-0
4k3/6Q1/7R/8/8/7P/5PPK/2r5 b - - 2 37,37,6,15,12,0,0,Endgame,3,0,0,0,0,0,1,1,1,0,0,0,1,0,0,0,0,3,0,1,0,10000.0,Rh1+,c1h1,Rh1+,c1h1,10000.0,10000.0,0.0,True,12,5,saransh12387,harsh2769,1968,1145,1-0
4k3/6Q1/7R/8/8/7P/5PPK/7r w - - 3 38,38,6,2,12,0,0,Endgame,3,0,0,0,0,0,1,1,1,0,0,0,1,0,0,0,0,3,0,1,0,10000.0,Kxh1,h2h1,Kxh1,h2h1,10000.0,10000.0,0.0,True,12,5,saransh12387,harsh2769,1968,1145,1-0
4k3/6Q1/7R/8/8/7P/5PP1/7K b - - 0 38,38,5,1,17,0,0,Endgame,3,0,0,0,0,0,1,0,1,0,0,0,1,0,0,0,0,3,0,1,0,10000.0,Kd8,e8d8,Kd8,e8d8,10000.0,10000.0,0.0,True,12,5,saransh12387,harsh2769,1968,1145,1-0
3k4/6Q1/7R/8/8/7P/5PP1/7K w - - 1 39,39,5,38,17,0,0,Endgame,3,0,0,0,0,0,1,0,1,0,0,0,1,0,0,0,0,3,0,1,0,10000.0,Re6,h6e6,Rh8#,h6h8,10000.0,10000.0,0.0,False,12,5,saransh12387,harsh2769,1968,1145,1-0
3k4/6Q1/4R3/8/8/7P/5PP1/7K b - - 2 39,39,5,1,17,0,0,Endgame,3,0,0,0,0,0,1,0,1,0,0,0,1,0,0,0,0,3,0,1,0,10000.0,Kc8,d8c8,Kc8,d8c8,10000.0,10000.0,0.0,True,12,5,saransh12387,harsh2769,1968,1145,1-0
2k5/6Q1/4R3/8/8/7P/5PP1/7K w - - 3 40,40,5,42,17,0,1,Endgame,3,0,0,0,0,0,1,0,1,0,0,0,1,0,0,0,0,3,0,1,0,10000.0,Qe7,g7e7,Re8#,e6e8,10000.0,10000.0,0.0,False,12,5,saransh12387,harsh2769,1968,1145,1-0
2k5/4Q3/4R3/8/8/7P/5PP1/7K b - - 4 40,40,5,1,17,0,1,Endgame,3,0,0,0,0,0,1,0,1,0,0,0,1,0,0,0,0,3,0,1,0,10000.0,Kb8,c8b8,Kb8,c8b8,10000.0,10000.0,0.0,True,12,5,saransh12387,harsh2769,1968,1145,1-0
1k6/4Q3/4R3/8/8/7P/5PP1/7K w - - 5 41,41,5,36,17,0,0,Endgame,3,0,0,0,0,0,1,0,1,0,0,0,1,0,0,0,0,3,0,1,0,10000.0,g4,g2g4,Qg7,e7g7,10000.0,10000.0,0.0,False,12,5,saransh12387,harsh2769,1968,1145,1-0
1k6/4Q3/4R3/8/6P1/7P/5P2/7K b - - 0 41,41,5,2,17,0,0,Endgame,3,0,0,0,0,0,1,0,1,0,0,0,1,0,0,0,0,3,0,1,0,10000.0,Kc8,b8c8,Ka8,b8a8,10000.0,10000.0,0.0,False,12,5,saransh12387,harsh2769,1968,1145,1-0
2k5/4Q3/4R3/8/6P1/7P/5P2/7K w - - 1 42,42,5,36,17,0,1,Endgame,3,0,0,0,0,0,1,0,1,0,0,0,1,0,0,0,0,3,0,1,0,10000.0,f4,f2f4,Rf6,e6f6,10000.0,10000.0,0.0,False,12,5,saransh12387,harsh2769,1968,1145,1-0
2k5/4Q3/4R3/8/5PP1/7P/8/7K b - - 0 42,42,5,1,17,0,1,Endgame,3,0,0,0,0,0,1,0,1,0,0,0,1,0,0,0,0,3,0,1,0,10000.0,Kb8,c8b8,Kb8,c8b8,10000.0,10000.0,0.0,True,12,5,saransh12387,harsh2769,1968,1145,1-0
1k6/4Q3/4R3/8/5PP1/7P/8/7K w - - 1 43,43,5,35,17,0,0,Endgame,3,0,0,0,0,0,1,0,1,0,0,0,1,0,0,0,0,3,0,1,0,10000.0,g5,g4g5,Qg7,e7g7,10000.0,10000.0,0.0,False,12,5,saransh12387,harsh2769,1968,1145,1-0
1k6/4Q3/4R3/6P1/5P2/7P/8/7K b - - 0 43,43,5,2,17,0,0,Endgame,3,0,0,0,0,0,1,0,1,0,0,0,1,0,0,0,0,3,0,1,0,10000.0,Ka8,b8a8,Kc8,b8c8,10000.0,10000.0,0.0,False,12,5,saransh12387,harsh2769,1968,1145,1-0
k7/4Q3/4R3/6P1/5P2/7P/8/7K w - - 1 44,44,5,33,17,0,0,Endgame,3,0,0,0,0,0,1,0,1,0,0,0,1,0,0,0,0,3,0,1,0,10000.0,h4,h3h4,Rf6,e6f6,10000.0,10000.0,0.0,False,12,5,saransh12387,harsh2769,1968,1145,1-0
k7/4Q3/4R3/6P1/5P1P/8/8/7K b - - 0 44,44,5,1,17,0,0,Endgame,3,0,0,0,0,0,1,0,1,0,0,0,1,0,0,0,0,3,0,1,0,10000.0,Kb8,a8b8,Kb8,a8b8,10000.0,10000.0,0.0,True,12,5,saransh12387,harsh2769,1968,1145,1-0
1k6/4Q3/4R3/6P1/5P1P/8/8/7K w - - 1 45,45,5,33,17,0,0,Endgame,3,0,0,0,0,0,1,0,1,0,0,0,1,0,0,0,0,3,0,1,0,10000.0,f5,f4f5,Rf6,e6f6,10000.0,10000.0,0.0,False,12,5,saransh12387,harsh2769,1968,1145,1-0
1k6/4Q3/4R3/5PP1/7P/8/8/7K b - - 0 45,45,5,2,17,0,0,Endgame,3,0,0,0,0,0,1,0,1,0,0,0,1,0,0,0,0,3,0,1,0,10000.0,Kc8,b8c8,Kc8,b8c8,10000.0,10000.0,0.0,True,12,5,saransh12387,harsh2769,1968,1145,1-0
2k5/4Q3/4R3/5PP1/7P/8/8/7K w - - 1 46,46,5,33,17,0,1,Endgame,3,0,0,0,0,0,1,0,1,0,0,0,1,0,0,0,0,3,0,1,0,10000.0,h5,h4h5,Rf6,e6f6,10000.0,10000.0,0.0,False,12,5,saransh12387,harsh2769,1968,1145,1-0
2k5/4Q3/4R3/5PPP/8/8/8/7K b - - 0 46,46,5,1,17,0,1,Endgame,3,0,0,0,0,0,1,0,1,0,0,0,1,0,0,0,0,3,0,1,0,10000.0,Kb8,c8b8,Kb8,c8b8,10000.0,10000.0,0.0,True,12,5,saransh12387,harsh2769,1968,1145,1-0
1k6/4Q3/4R3/5PPP/8/8/8/7K w - - 1 47,47,5,33,17,0,0,Endgame,3,0,0,0,0,0,1,0,1,0,0,0,1,0,0,0,0,3,0,1,0,10000.0,g6,g5g6,Rg6,e6g6,10000.0,10000.0,0.0,False,12,5,saransh12387,harsh2769,1968,1145,1-0
1k6/4Q3/4R1P1/5P1P/8/8/8/7K b - - 0 47,47,5,2,17,0,0,Endgame,3,0,0,0,0,0,1,0,1,0,0,0,1,0,0,0,0,3,0,1,0,10000.0,Ka8,b8a8,Kc8,b8c8,10000.0,10000.0,0.0,False,12,5,saransh12387,harsh2769,1968,1145,1-0
k7/4Q3/4R1P1/5P1P/8/8/8/7K w - - 1 48,48,5,33,17,0,0,Endgame,3,0,0,0,0,0,1,0,1,0,0,0,1,0,0,0,0,3,0,1,0,10000.0,h6,h5h6,g7,g6g7,10000.0,10000.0,0.0,False,12,5,saransh12387,harsh2769,1968,1145,1-0
k7/4Q3/4R1PP/5P2/8/8/8/7K b - - 0 48,48,5,1,17,0,0,Endgame,3,0,0,0,0,0,1,0,1,0,0,0,1,0,0,0,0,3,0,1,0,10000.0,Kb8,a8b8,Kb8,a8b8,10000.0,10000.0,0.0,True,12,5,saransh12387,harsh2769,1968,1145,1-0
1k6/4Q3/4R1PP/5P2/8/8/8/7K w - - 1 49,49,5,33,17,0,0,Endgame,3,0,0,0,0,0,1,0,1,0,0,0,1,0,0,0,0,3,0,1,0,10000.0,f6,f5f6,h7,h6h7,10000.0,10000.0,0.0,False,12,5,saransh12387,harsh2769,1968,1145,1-0
1k6/4Q3/4RPPP/8/8/8/8/7K b - - 0 49,49,5,2,17,0,0,Endgame,3,0,0,0,0,0,1,0,1,0,0,0,1,0,0,0,0,3,0,1,0,10000.0,Kc8,b8c8,Ka8,b8a8,10000.0,10000.0,0.0,False,12,5,saransh12387,harsh2769,1968,1145,1-0
2k5/4Q3/4RPPP/8/8/8/8/7K w - - 1 50,50,5,29,17,0,1,Endgame,3,0,0,0,0,0,1,0,1,0,0,0,1,0,0,0,0,3,0,1,0,10000.0,g7,g6g7,f7,f6f7,10000.0,10000.0,0.0,False,12,5,saransh12387,harsh2769,1968,1145,1-0
2k5/4Q1P1/4RP1P/8/8/8/8/7K b - - 0 50,50,5,1,17,0,1,Endgame,3,0,0,0,0,0,1,0,1,0,0,0,1,0,0,0,0,3,0,1,0,10000.0,Kb8,c8b8,Kb8,c8b8,10000.0,10000.0,0.0,True,12,5,saransh12387,harsh2769,1968,1145,1-0
1k6/4Q1P1/4RP1P/8/8/8/8/7K w - - 1 51,51,5,30,17,0,0,Endgame,3,0,0,0,0,0,1,0,1,0,0,0,1,0,0,0,0,3,0,1,0,10000.0,h7,h6h7,g8=Q#,g7g8q,10000.0,10000.0,0.0,False,12,5,saransh12387,harsh2769,1968,1145,1-0
1k6/4Q1PP/4RP2/8/8/8/8/7K b - - 0 51,51,5,2,17,0,0,Endgame,3,0,0,0,0,0,1,0,1,0,0,0,1,0,0,0,0,3,0,1,0,10000.0,Ka8,b8a8,Kc8,b8c8,10000.0,10000.0,0.0,False,12,5,saransh12387,harsh2769,1968,1145,1-0
k7/4Q1PP/4RP2/8/8/8/8/7K w - - 1 52,52,5,33,17,0,0,Endgame,3,0,0,0,0,0,1,0,1,0,0,0,1,0,0,0,0,3,0,1,0,10000.0,Qe8+,e7e8,g8=Q#,g7g8q,10000.0,10000.0,0.0,False,12,5,saransh12387,harsh2769,1968,1145,1-0
k3Q3/6PP/4RP2/8/8/8/8/7K b - - 2 52,52,5,2,17,0,0,Endgame,3,0,0,0,0,0,1,0,1,0,0,0,1,0,0,0,0,3,0,1,0,10000.0,Kb7,a8b7,Ka7,a8a7,10000.0,10000.0,0.0,False,12,5,saransh12387,harsh2769,1968,1145,1-0
4Q3/1k4PP/4RP2/8/8/8/8/7K w - - 3 53,53,5,37,17,0,0,Endgame,3,0,0,0,0,0,1,0,1,0,0,0,1,0,0,0,0,3,0,1,0,10000.0,Re7+,e6e7,Qe7+,e8e7,10000.0,11.78,998821.9999999999,False,12,5,saransh12387,harsh2769,1968,1145,1-0
4Q3/1k2R1PP/5P2/8/8/8/8/7K b - - 4 53,53,5,2,17,0,0,Endgame,3,0,0,0,0,0,1,0,1,0,0,0,1,0,0,0,0,3,0,1,0,12.61,Kb6,b7b6,Kb6,b7b6,10000.0,10000.0,0.0,True,12,5,saransh12387,harsh2769,1968,1145,1-0
4Q3/4R1PP/1k3P2/8/8/8/8/7K w - - 5 54,54,5,37,17,0,0,Endgame,3,0,0,0,0,0,1,0,1,0,0,0,1,0,0,0,0,3,0,1,0,10000.0,Rd7,e7d7,g8=Q,g7g8q,10000.0,12.34,998766.0,False,12,5,saransh12387,harsh2769,1968,1145,1-0
4Q3/3R2PP/1k3P2/8/8/8/8/7K b - - 6 54,54,5,5,17,0,0,Endgame,3,0,0,0,0,0,1,0,1,0,0,0,1,0,0,0,0,3,0,1,0,12.48,Ka6,b6a6,Ka5,b6a5,12.63,10000.0,998737.0000000001,False,12,5,saransh12387,harsh2769,1968,1145,1-0
4Q3/3R2PP/k4P2/8/8/8/8/7K w - - 7 55,55,5,41,17,0,0,Endgame,3,0,0,0,0,0,1,0,1,0,0,0,1,0,0,0,0,3,0,1,0,10000.0,g8=R,g7g8r,Qb8,e8b8,10000.0,10000.0,0.0,False,12,5,saransh12387,harsh2769,1968,1145,1-0
4Q1R1/3R3P/k4P2/8/8/8/8/7K b - - 0 55,55,5,3,21,0,0,Endgame,2,0,0,0,0,0,2,0,1,0,0,0,1,0,0,2,0,2,0,2,0,10000.0,Kb6,a6b6,Kb5,a6b5,10000.0,10000.0,0.0,False,12,5,saransh12387,harsh2769,1968,1145,1-0
4Q1R1/3R3P/1k3P2/8/8/8/8/7K w - - 1 56,56,5,45,21,0,0,Endgame,2,0,0,0,0,0,2,0,1,0,0,0,1,0,0,2,0,2,0,2,0,10000.0,h8=R,h7h8r,Rg5,g8g5,10000.0,10000.0,0.0,False,12,5,saransh12387,harsh2769,1968,1145,1-0
4Q1RR/3R4/1k3P2/8/8/8/8/7K b - - 0 56,56,5,5,25,0,0,Endgame,1,0,0,0,0,0,3,0,1,0,0,0,1,0,0,1,0,1,0,1,0,10000.0,Ka6,b6a6,Kc6,b6c6,10000.0,10000.0,0.0,False,12,5,saransh12387,harsh2769,1968,1145,1-0
4Q1RR/3R4/k4P2/8/8/8/8/7K w - - 1 57,57,5,47,25,0,0,Endgame,1,0,0,0,0,0,3,0,1,0,0,0,1,0,0,1,0,1,0,1,0,10000.0,f7,f6f7,Qb8,e8b8,10000.0,10000.0,0.0,False,12,5,saransh12387,harsh2769,1968,1145,1-0
4Q1RR/3R1P2/k7/8/8/8/8/7K b - - 0 57,57,5,3,25,0,0,Endgame,1,0,0,0,0,0,3,0,1,0,0,0,1,0,0,1,0,1,0,1,0,10000.0,Kb6,a6b6,Kb5,a6b5,10000.0,10000.0,0.0,False,12,5,saransh12387,harsh2769,1968,1145,1-0
4Q1RR/3R1P2/1k6/8/8/8/8/7K w - - 1 58,58,5,44,25,0,0,Endgame,1,0,0,0,0,0,3,0,1,0,0,0,1,0,0,1,0,1,0,1,0,10000.0,f8=R,f7f8r,Rh5,h8h5,10000.0,10000.0,0.0,False,12,5,saransh12387,harsh2769,1968,1145,1-0
4QRRR/3R4/1k6/8/8/8/8/7K b - - 0 58,58,5,5,29,0,0,Endgame,0,0,0,0,0,0,4,0,1,0,0,0,1,0,0,0,0,0,0,0,0,10000.0,Ka6,b6a6,Ka5,b6a5,10000.0,10000.0,0.0,False,12,5,saransh12387,harsh2769,1968,1145,1-0
4QRRR/3R4/k7/8/8/8/8/7K w - - 1 59,59,5,51,29,0,0,Endgame,0,0,0,0,0,0,4,0,1,0,0,0,1,0,0,0,0,0,0,0,0,10000.0,Rf6+,f8f6,Qh5,e8h5,10000.0,10000.0,0.0,False,12,5,saransh12387,harsh2769,1968,1145,1-0
4Q1RR/3R4/k4R2/8/8/8/8/7K b - - 2 59,59,5,2,29,0,0,Endgame,0,0,0,0,0,0,4,0,1,0,0,0,1,0,0,0,0,0,0,0,0,10000.0,Kb5,a6b5,Ka5,a6a5,10000.0,10000.0,0.0,False,12,5,saransh12387,harsh2769,1968,1145,1-0
4Q1RR/3R4/5R2/1k6/8/8/8/7K w - - 3 60,60,5,60,29,0,0,Endgame,0,0,0,0,0,0,4,0,1,0,0,0,1,0,0,0,0,0,0,0,0,10000.0,Re6,f6e6,Qb8+,e8b8,10000.0,10000.0,0.0,False,12,5,saransh12387,harsh2769,1968,1145,1-0
4Q1RR/3R4/4R3/1k6/8/8/8/7K b - - 4 60,60,5,5,29,0,0,Endgame,0,0,0,0,0,0,4,0,1,0,0,0,1,0,0,0,0,0,0,0,0,10000.0,Ka4,b5a4,Ka4,b5a4,10000.0,10000.0,0.0,True,12,5,saransh12387,harsh2769,1968,1145,1-0
4Q1RR/3R4/4R3/8/k7/8/8/7K w - - 5 61,61,5,53,29,0,0,Endgame,0,0,0,0,0,0,4,0,1,0,0,0,1,0,0,0,0,0,0,0,0,10000.0,Rg3,g8g3,Rb7+,d7b7,10000.0,10000.0,0.0,False,12,5,saransh12387,harsh2769,1968,1145,1-0
4Q2R/3R4/4R3/8/k7/6R1/8/7K b - - 6 61,61,5,3,29,0,0,Endgame,0,0,0,0,0,0,4,0,1,0,0,0,1,0,0,0,0,0,0,0,0,10000.0,Kb5,a4b5,Kb5,a4b5,10000.0,10000.0,0.0,True,12,5,saransh12387,harsh2769,1968,1145,1-0
4Q2R/3R4/4R3/1k6/8/6R1/8/7K w - - 7 62,62,5,62,29,0,0,Endgame,0,0,0,0,0,0,4,0,1,0,0,0,1,0,0,0,0,0,0,0,0,10000.0,Rh4,h8h4,Qb8+,e8b8,10000.0,10000.0,0.0,False,12,5,saransh12387,harsh2769,1968,1145,1-0
4Q3/3R4/4R3/1k6/7R/6R1/8/7K b - - 8 62,62,5,2,29,0,0,Endgame,0,0,0,0,0,0,4,0,1,0,0,0,1,0,0,0,0,0,0,0,0,10000.0,Ka5,b5a5,Kc5,b5c5,10000.0,10000.0,0.0,False,12,5,saransh12387,harsh2769,1968,1145,1-0
4Q3/3R4/4R3/k7/7R/6R1/8/7K w - - 9 63,63,5,68,29,0,0,Endgame,0,0,0,0,0,0,4,0,1,0,0,0,1,0,0,0,0,0,0,0,0,10000.0,Re5+,e6e5,Qh5#,e8h5,10000.0,10000.0,0.0,False,12,5,saransh12387,harsh2769,1968,1145,1-0
4Q3/3R4/8/k3R3/7R/6R1/8/7K b - - 10 63,63,5,2,29,0,0,Endgame,0,0,0,0,0,0,4,0,1,0,0,0,1,0,0,0,0,0,0,0,0,10000.0,Kb6,a5b6,Kb6,a5b6,10000.0,10000.0,0.0,True,12,5,saransh12387,harsh2769,1968,1145,1-0
4Q3/3R4/1k6/4R3/7R/6R1/8/7K w - - 11 64,64,5,69,29,0,0,Endgame,0,0,0,0,0,0,4,0,1,0,0,0,1,0,0,0,0,0,0,0,0,10000.0,Rd6+,d7d6,Qe6#,e8e6,10000.0,10000.0,0.0,False,12,5,saransh12387,harsh2769,1968,1145,1-0
4Q3/8/1k1R4/4R3/7R/6R1/8/7K b - - 12 64,64,5,3,29,0,0,Endgame,0,0,0,0,0,0,4,0,1,0,0,0,1,0,0,0,0,0,0,0,0,10000.0,Kc7,b6c7,Kc7,b6c7,10000.0,10000.0,0.0,True,12,5,saransh12387,harsh2769,1968,1145,1-0
4Q3/2k5/3R4/4R3/7R/6R1/8/7K w - - 13 65,65,5,73,29,0,0,Endgame,0,0,0,0,0,0,4,0,1,0,0,0,1,0,0,0,0,0,0,0,0,10000.0,Qe7+,e8e7,Qd7+,e8d7,10000.0,10000.0,0.0,False,12,5,saransh12387,harsh2769,1968,1145,1-0
8/2k1Q3/3R4/4R3/7R/6R1/8/7K b - - 14 65,65,5,2,29,0,0,Endgame,0,0,0,0,0,0,4,0,1,0,0,0,1,0,0,0,0,0,0,0,0,10000.0,Kb8,c7b8,Kc8,c7c8,10000.0,10000.0,0.0,False,12,5,saransh12387,harsh2769,1968,1145,1-0
1k6/4Q3/3R4/4R3/7R/6R1/8/7K w - - 15 66,66,5,69,29,0,0,Endgame,0,0,0,0,0,0,4,0,1,0,0,0,1,0,0,0,0,0,0,0,0,10000.0,Rf4,h4f4,Rg8#,g3g8,10000.0,10000.0,0.0,False,12,5,saransh12387,harsh2769,1968,1145,1-0
1k6/4Q3/3R4/4R3/5R2/6R1/8/7K b - - 16 66,66,5,2,29,0,0,Endgame,0,0,0,0,0,0,4,0,1,0,0,0,1,0,0,0,0,0,0,0,0,10000.0,Ka8,b8a8,Kc8,b8c8,10000.0,10000.0,0.0,False,12,5,saransh12387,harsh2769,1968,1145,1-0
k7/4Q3/3R4/4R3/5R2/6R1/8/7K w - - 17 67,67,5,71,29,0,0,Endgame,0,0,0,0,0,0,4,0,1,0,0,0,1,0,0,0,0,0,0,0,0,10000.0,Rg7,g3g7,Rg8#,g3g8,10000.0,10000.0,0.0,False,12,5,saransh12387,harsh2769,1968,1145,1-0
k7/4Q1R1/3R4/4R3/5R2/8/8/7K b - - 18 67,67,5,1,29,0,0,Endgame,0,0,0,0,0,0,4,0,1,0,0,0,1,0,0,0,0,0,0,0,0,10000.0,Kb8,a8b8,Kb8,a8b8,10000.0,10000.0,0.0,True,12,5,saransh12387,harsh2769,1968,1145,1-0
1k6/4Q1R1/3R4/4R3/5R2/8/8/7K w - - 19 68,68,5,64,29,0,0,Endgame,0,0,0,0,0,0,4,0,1,0,0,0,1,0,0,0,0,0,0,0,0,10000.0,Kg2,h1g2,Rg8#,g7g8,10000.0,10000.0,0.0,False,12,5,saransh12387,harsh2769,1968,1145,1-0
1k6/4Q1R1/3R4/4R3/5R2/8/6K1/8 b - - 20 68,68,5,2,29,0,0,Endgame,0,0,0,0,0,0,4,0,1,0,0,0,1,0,0,0,0,0,0,0,0,10000.0,Ka8,b8a8,Kc8,b8c8,10000.0,10000.0,0.0,False,12,5,saransh12387,harsh2769,1968,1145,1-0
k7/4Q1R1/3R4/4R3/5R2/8/6K1/8 w - - 21 69,69,5,67,29,0,0,Endgame,0,0,0,0,0,0,4,0,1,0,0,0,1,0,0,0,0,0,0,0,0,10000.0,Kg3,g2g3,Rg8#,g7g8,10000.0,10000.0,0.0,False,12,5,saransh12387,harsh2769,1968,1145,1-0
k7/4Q1R1/3R4/4R3/5R2/6K1/8/8 b - - 22 69,69,5,1,29,0,0,Endgame,0,0,0,0,0,0,4,0,1,0,0,0,1,0,0,0,0,0,0,0,0,10000.0,Kb8,a8b8,Kb8,a8b8,10000.0,10000.0,0.0,True,12,5,saransh12387,harsh2769,1968,1145,1-0
1k6/4Q1R1/3R4/4R3/5R2/6K1/8/8 w - - 23 70,70,5,65,29,0,0,Endgame,0,0,0,0,0,0,4,0,1,0,0,0,1,0,0,0,0,0,0,0,0,10000.0,Kg4,g3g4,Rg8#,g7g8,10000.0,10000.0,0.0,False,12,5,saransh12387,harsh2769,1968,1145,1-0
1k6/4Q1R1/3R4/4R3/5RK1/8/8/8 b - - 24 70,70,5,2,29,0,0,Endgame,0,0,0,0,0,0,4,0,1,0,0,0,1,0,0,0,0,0,0,0,0,10000.0,Ka8,b8a8,Kc8,b8c8,10000.0,10000.0,0.0,False,12,5,saransh12387,harsh2769,1968,1145,1-0
k7/4Q1R1/3R4/4R3/5RK1/8/8/8 w - - 25 71,71,5,62,29,0,0,Endgame,0,0,0,0,0,0,4,0,1,0,0,0,1,0,0,0,0,0,0,0,0,10000.0,Kf5,g4f5,Rg8#,g7g8,10000.0,10000.0,0.0,False,12,5,saransh12387,harsh2769,1968,1145,1-0
k7/4Q1R1/3R4/4RK2/5R2/8/8/8 b - - 26 71,71,5,1,29,0,0,Endgame,0,0,0,0,0,0,4,0,1,0,0,0,1,0,0,0,0,0,0,0,0,10000.0,Kb8,a8b8,Kb8,a8b8,10000.0,10000.0,0.0,True,12,5,saransh12387,harsh2769,1968,1145,1-0
1k6/4Q1R1/3R4/4RK2/5R2/8/8/8 w - - 27 72,72,5,60,29,0,0,Endgame,0,0,0,0,0,0,4,0,1,0,0,0,1,0,0,0,0,0,0,0,0,10000.0,Ke6,f5e6,Rg8#,g7g8,10000.0,10000.0,0.0,False,12,5,saransh12387,harsh2769,1968,1145,1-0
1k6/4Q1R1/3RK3/4R3/5R2/8/8/8 b - - 28 72,72,5,2,29,0,0,Endgame,0,0,0,0,0,0,4,0,1,0,0,0,1,0,0,0,0,0,0,0,0,10000.0,Ka8,b8a8,Kc8,b8c8,10000.0,10000.0,0.0,False,12,5,saransh12387,harsh2769,1968,1145,1-0
k7/4Q1R1/3RK3/4R3/5R2/8/8/8 w - - 29 73,73,5,60,29,0,0,Endgame,0,0,0,0,0,0,4,0,1,0,0,0,1,0,0,0,0,0,0,0,0,10000.0,Rgf7,g7f7,Rg8#,g7g8,10000.0,10000.0,0.0,False,12,5,saransh12387,harsh2769,1968,1145,1-0
k7/4QR2/3RK3/4R3/5R2/8/8/8 b - - 30 73,73,5,1,29,0,0,Endgame,0,0,0,0,0,0,4,0,1,0,0,0,1,0,0,0,0,0,0,0,0,10000.0,Kb8,a8b8,Kb8,a8b8,10000.0,10000.0,0.0,True,12,5,saransh12387,harsh2769,1968,1145,1-0
1k6/4QR2/3RK3/4R3/5R2/8/8/8 w - - 31 74,74,5,52,29,0,0,Endgame,0,0,0,0,0,0,4,0,1,0,0,0,1,0,0,0,0,0,0,0,0,10000.0,Rf8#,f7f8,Rf8#,f7f8,10000.0,10000.0,0.0,True,12,5,saransh12387,harsh2769,1968,1145,1-0
rnbqkbnr/pppppppp/8/8/8/8/PPPPPPPP/RNBQKBNR w KQkq - 0 1,1,30,20,0,0,0,Opening,8,8,2,2,2,2,2,2,1,1,1,1,2,0,0,0,0,0,0,1,1,0.39,e4,e2e4,e4,e2e4,0.41,0.41,0.0,True,12,6,saransh12387,harsh2769,1968,1141,1-0
rnbqkbnr/pppppppp/8/8/4P3/8/PPPP1PPP/RNBQKBNR b KQkq - 0 1,1,30,20,0,0,0,Opening,8,8,2,2,2,2,2,2,1,1,1,1,2,0,0,0,0,0,0,1,1,0.31,e5,e7e5,e5,e7e5,0.45,0.46,1.0000000000000009,True,12,6,saransh12387,harsh2769,1968,1141,1-0
rnbqkbnr/pppp1ppp/8/4p3/4P3/8/PPPP1PPP/RNBQKBNR w KQkq - 0 2,2,30,29,0,0,0,Opening,8,8,2,2,2,2,2,2,1,1,1,1,2,0,0,0,0,0,0,1,1,0.41,Nf3,g1f3,Nf3,g1f3,0.42,0.41,1.0000000000000009,True,12,6,saransh12387,harsh2769,1968,1141,1-0
rnbqkbnr/pppp1ppp/8/4p3/4P3/5N2/PPPP1PPP/RNBQKB1R b KQkq - 1 2,2,30,29,0,0,0,Opening,8,8,2,2,2,2,2,2,1,1,1,1,2,0,0,0,0,0,0,1,1,0.41,Nc6,b8c6,Nc6,b8c6,0.42,0.47,4.999999999999999,True,12,6,saransh12387,harsh2769,1968,1141,1-0
r1bqkbnr/pppp1ppp/2n5/4p3/4P3/5N2/PPPP1PPP/RNBQKB1R w KQkq - 2 3,3,30,27,0,0,0,Opening,8,8,2,2,2,2,2,2,1,1,1,1,2,0,0,0,0,0,0,1,1,0.48,d4,d2d4,Bb5,f1b5,0.47,0.3,17.0,False,12,6,saransh12387,harsh2769,1968,1141,1-0
r1bqkbnr/pppp1ppp/2n5/4p3/3PP3/5N2/PPP2PPP/RNBQKB1R b KQkq - 0 3,3,30,32,0,0,0,Opening,8,8,2,2,2,2,2,2,1,1,1,1,2,0,0,0,0,0,0,1,1,0.3,Bd6,f8d6,exd4,e5d4,0.23,1.06,83.0,False,12,6,saransh12387,harsh2769,1968,1141,1-0
r1bqk1nr/pppp1ppp/2nb4/4p3/3PP3/5N2/PPP2PPP/RNBQKB1R w KQkq - 1 4,4,30,36,0,0,0,Opening,8,8,2,2,2,2,2,2,1,1,1,1,2,0,0,0,0,0,0,1,1,0.8,Bc4,f1c4,Nc3,b1c3,0.51,0.77,26.0,False,12,6,saransh12387,harsh2769,1968,1141,1-0
r1bqk1nr/pppp1ppp/2nb4/4p3/2BPP3/5N2/PPP2PPP/RNBQK2R b KQkq - 2 4,4,30,31,0,0,0,Opening,8,8,2,2,2,2,2,2,1,1,1,1,2,0,0,0,0,0,0,1,1,0.78,exd4,e5d4,Nxd4,c6d4,0.74,1.22,48.0,False,12,6,saransh12387,harsh2769,1968,1141,1-0
r1bqk1nr/pppp1ppp/2nb4/8/2BpP3/5N2/PPP2PPP/RNBQK2R w KQkq - 0 5,5,29,43,-1,0,0,Opening,7,8,2,2,2,2,2,2,1,1,1,1,2,0,1,0,0,0,0,2,2,1.46,Nxd4,f3d4,O-O,e1g1,1.09,0.44,65.00000000000001,False,12,6,saransh12387,harsh2769,1968,1141,1-0
r1bqk1nr/pppp1ppp/2nb4/8/2BNP3/8/PPP2PPP/RNBQK2R b KQkq - 0 5,5,28,35,0,0,0,Opening,7,7,2,2,2,2,2,2,1,1,1,1,2,0,0,0,0,0,0,2,2,0.59,Nf6,g8f6,Qe7,d8e7,0.59,0.81,22.000000000000007,False,12,6,saransh12387,harsh2769,1968,1141,1-0
r1bqk2r/pppp1ppp/2nb1n2/8/2BNP3/8/PPP2PPP/RNBQK2R w KQkq - 1 6,6,28,48,0,0,0,Opening,7,7,2,2,2,2,2,2,1,1,1,1,2,0,0,0,0,0,0,2,2,0.66,Nxc6,d4c6,Nf5,d4f5,0.67,-0.31,98.0,False,12,6,saransh12387,harsh2769,1968,1141,1-0
r1bqk2r/pppp1ppp/2Nb1n2/8/2B1P3/8/PPP2PPP/RNBQK2R b KQkq - 0 6,6,27,30,3,0,0,Opening,7,7,2,1,2,2,2,2,1,1,1,1,2,0,0,0,0,0,0,2,2,-0.32,bxc6,b7c6,dxc6,d7c6,-0.26,0.31,57.00000000000001,False,12,6,saransh12387,harsh2769,1968,1141,1-0
r1bqk2r/p1pp1ppp/2pb1n2/8/2B1P3/8/PPP2PPP/RNBQK2R w KQkq - 0 7,7,26,44,0,0,0,Opening,7,7,1,1,2,2,2,2,1,1,1,1,2,0,1,0,1,0,0,2,3,0.25,O-O,e1g1,O-O,e1g1,0.31,0.33,2.0000000000000018,True,12,6,saransh12387,harsh2769,1968,1141,1-0
r1bqk2r/p1pp1ppp/2pb1n2/8/2B1P3/8/PPP2PPP/RNBQ1RK1 b kq - 1 7,7,26,30,0,1,0,Opening,7,7,1,1,2,2,2,2,1,1,1,1,2,0,1,0,1,0,0,2,3,0.32,O-O,e8g8,O-O,e8g8,0.27,0.27,0.0,True,12,6,saransh12387,harsh2769,1968,1141,1-0
r1bq1rk1/p1pp1ppp/2pb1n2/8/2B1P3/8/PPP2PPP/RNBQ1RK1 w - - 2 8,8,26,40,0,1,1,Opening,7,7,1,1,2,2,2,2,1,1,1,1,2,0,1,0,1,0,0,2,3,0.27,Re1,f1e1,Nd2,b1d2,0.27,-0.12,39.0,False,12,6,saransh12387,harsh2769,1968,1141,1-0
r1bq1rk1/p1pp1ppp/2pb1n2/8/2B1P3/8/PPP2PPP/RNBQR1K1 b - - 3 8,8,26,27,0,1,1,Opening,7,7,1,1,2,2,2,2,1,1,1,1,2,0,1,0,1,0,0,2,3,-0.18,Re8,f8e8,Bc5,d6c5,-0.31,0.29,60.0,False,12,6,saransh12387,harsh2769,1968,1141,1-0
r1bqr1k1/p1pp1ppp/2pb1n2/8/2B1P3/8/PPP2PPP/RNBQR1K1 w - - 4 9,9,26,43,0,1,1,Opening,7,7,1,1,2,2,2,2,1,1,1,1,2,0,1,0,1,0,0,2,3,0.29,Bg5,c1g5,Nd2,b1d2,0.25,-0.55,80.0,False,12,6,saransh12387,harsh2769,1968,1141,1-0
r1bqr1k1/p1pp1ppp/2pb1n2/6B1/2B1P3/8/PPP2PPP/RN1QR1K1 b - - 5 9,9,26,30,0,1,1,Opening,7,7,1,1,2,2,2,2,1,1,1,1,2,0,1,0,1,0,0,2,3,-0.76,Be5,d6e5,h6,h7h6,-0.61,0.07,68.0,False,12,6,saransh12387,harsh2769,1968,1141,1-0
r1bqr1k1/p1pp1ppp/2p2n2/4b1B1/2B1P3/8/PPP2PPP/RN1QR1K1 w - - 6 10,10,26,46,0,1,1,Opening,7,7,1,1,2,2,2,2,1,1,1,1,2,0,1,0,1,0,0,2,3,-0.08,Nc3,b1c3,Nd2,b1d2,-0.05,-0.13,8.0,False,12,6,saransh12387,harsh2769,1968,1141,1-0
r1bqr1k1/p1pp1ppp/2p2n2/4b1B1/2B1P3/2N5/PPP2PPP/R2QR1K1 b - - 7 10,10,26,27,0,1,1,Opening,7,7,1,1,2,2,2,2,1,1,1,1,2,0,1,0,1,0,0,2,3,-0.11,d6,d7d6,h6,h7h6,-0.06,1.03,109.00000000000001,False,12,6,saransh12387,harsh2769,1968,1141,1-0
r1bqr1k1/p1p2ppp/2pp1n2/4b1B1/2B1P3/2N5/PPP2PPP/R2QR1K1 w - - 0 11,11,26,49,0,1,1,Opening,7,7,1,1,2,2,2,2,1,1,1,1,2,0,1,0,1,0,0,2,3,1.02,f4,f2f4,f4,f2f4,0.94,0.95,1.0000000000000009,True,12,6,saransh12387,harsh2769,1968,1141,1-0
r1bqr1k1/p1p2ppp/2pp1n2/4b1B1/2B1PP2/2N5/PPP3PP/R2QR1K1 b - - 0 11,11,26,30,0,1,1,Opening,7,7,1,1,2,2,2,2,1,1,1,1,2,0,1,0,1,0,0,2,3,0.99,Bxc3,e5c3,Bxc3,e5c3,1.05,1.06,1.0000000000000009,True,12,6,saransh12387,harsh2769,1968,1141,1-0
r1bqr1k1/p1p2ppp/2pp1n2/6B1/2B1PP2/2b5/PPP3PP/R2QR1K1 w - - 0 12,12,25,42,-3,1,1,Opening,7,7,0,1,2,2,2,2,1,1,1,1,2,0,1,0,1,0,0,2,3,1.11,bxc3,b2c3,bxc3,b2c3,1.13,0.94,18.999999999999993,True,12,6,saransh12387,harsh2769,1968,1141,1-0
r1bqr1k1/p1p2ppp/2pp1n2/6B1/2B1PP2/2P5/P1P3PP/R2QR1K1 b - - 0 12,12,24,29,0,1,1,Middlegame,7,7,0,1,2,1,2,2,1,1,1,0,2,1,1,3,1,0,0,3,3,0.95,h6,h7h6,h6,h7h6,0.83,0.83,0.0,True,12,6,saransh12387,harsh2769,1968,1141,1-0
r1bqr1k1/p1p2pp1/2pp1n1p/6B1/2B1PP2/2P5/P1P3PP/R2QR1K1 w - - 0 13,13,24,39,0,1,1,Middlegame,7,7,0,1,2,1,2,2,1,1,1,0,2,1,1,3,1,0,0,3,3,0.68,Bh4,g5h4,Bh4,g5h4,0.81,0.81,0.0,True,12,6,saransh12387,harsh2769,1968,1141,1-0
r1bqr1k1/p1p2pp1/2pp1n1p/8/2B1PP1B/2P5/P1P3PP/R2QR1K1 b - - 1 13,13,24,31,0,1,1,Middlegame,7,7,0,1,2,1,2,2,1,1,1,0,2,1,1,3,1,0,0,3,3,0.79,Qe7,d8e7,d5,d6d5,0.61,1.88,127.0,False,12,6,saransh12387,harsh2769,1968,1141,1-0
r1b1r1k1/p1p1qpp1/2pp1n1p/8/2B1PP1B/2P5/P1P3PP/R2QR1K1 w - - 2 14,14,24,39,0,1,1,Middlegame,7,7,0,1,2,1,2,2,1,1,1,0,2,1,1,3,1,0,0,3,3,1.43,e5,e4e5,Qd4,d1d4,1.58,1.11,47.0,False,12,6,saransh12387,harsh2769,1968,1141,1-0
r1b1r1k1/p1p1qpp1/2pp1n1p/4P3/2B2P1B/2P5/P1P3PP/R2QR1K1 b - - 0 14,14,24,32,0,1,1,Middlegame,7,7,0,1,2,1,2,2,1,1,1,0,2,1,1,3,1,0,0,3,3,1.13,dxe5,d6e5,dxe5,d6e5,1.23,1.27,4.0000000000000036,True,12,6,saransh12387,harsh2769,1968,1141,1-0
r1b1r1k1/p1p1qpp1/2p2n1p/4p3/2B2P1B/2P5/P1P3PP/R2QR1K1 w - - 0 15,15,23,43,-1,1,1,Middlegame,6,7,0,1,2,1,2,2,1,1,1,0,2,1,1,3,3,0,0,3,3,1.34,fxe5,f4e5,Rxe5,e1e5,1.3,0.47,83.0,False,12,6,saransh12387,harsh2769,1968,1141,1-0
r1b1r1k1/p1p1qpp1/2p2n1p/4P3/2B4B/2P5/P1P3PP/R2QR1K1 b - - 0 15,15,22,34,0,1,1,Middlegame,6,6,0,1,2,1,2,2,1,1,1,0,2,1,1,4,3,0,0,4,3,0.38,Qc5+,e7c5,Qc5+,e7c5,0.31,0.34,3.0000000000000027,True,12,6,saransh12387,harsh2769,1968,1141,1-0
r1b1r1k1/p1p2pp1/2p2n1p/2q1P3/2B4B/2P5/P1P3PP/R2QR1K1 w - - 1 16,16,22,5,0,1,1,Middlegame,6,6,0,1,2,1,2,2,1,1,1,0,2,1,1,4,3,0,0,4,3,0.51,Kh1,g1h1,Qd4,d1d4,0.51,-0.38,89.0,False,12,6,saransh12387,harsh2769,1968,1141,1-0
r1b1r1k1/p1p2pp1/2p2n1p/2q1P3/2B4B/2P5/P1P3PP/R2QR2K b - - 2 16,16,22,42,0,0,1,Middlegame,6,6,0,1,2,1,2,2,1,1,1,0,2,1,1,4,3,0,0,4,3,-0.47,Rxe5,e8e5,Qxc4,c5c4,-0.47,4.06,452.99999999999994,False,12,6,saransh12387,harsh2769,1968,1141,1-0
r1b3k1/p1p2pp1/2p2n1p/2q1r3/2B4B/2P5/P1P3PP/R2QR2K w - - 0 17,17,21,39,-1,0,1,Middlegame,5,6,0,1,2,1,2,2,1,1,1,0,2,1,1,3,3,0,0,3,3,3.96,Qd8+,d1d8,Qd8+,d1d8,4.32,4.33,0.9999999999999787,True,12,6,saransh12387,harsh2769,1968,1141,1-0
r1bQ2k1/p1p2pp1/2p2n1p/2q1r3/2B4B/2P5/P1P3PP/R3R2K b - - 1 17,17,21,4,-1,0,1,Middlegame,5,6,0,1,2,1,2,2,1,1,1,0,2,1,1,3,3,0,0,3,3,4.56,Ne8,f6e8,Ne8,f6e8,4.53,4.49,4.0000000000000036,True,12,6,saransh12387,harsh2769,1968,1141,1-0
r1bQn1k1/p1p2pp1/2p4p/2q1r3/2B4B/2P5/P1P3PP/R3R2K w - - 2 18,18,21,44,-1,0,1,Middlegame,5,6,0,1,2,1,2,2,1,1,1,0,2,1,1,3,3,0,0,3,3,4.63,Rxe5,e1e5,Rxe5,e1e5,4.75,4.88,12.99999999999999,True,12,6,saransh12387,harsh2769,1968,1141,1-0
r1bQn1k1/p1p2pp1/2p4p/2q1R3/2B4B/2P5/P1P3PP/R6K b - - 0 18,18,20,31,4,0,1,Middlegame,5,6,0,1,2,1,2,1,1,1,1,0,2,1,1,3,3,0,0,3,3,4.89,Qxe5,c5e5,Qxe5,c5e5,4.9,4.92,1.9999999999999574,True,12,6,saransh12387,harsh2769,1968,1141,1-0
r1bQn1k1/p1p2pp1/2p4p/4q3/2B4B/2P5/P1P3PP/R6K w - - 0 19,19,19,40,-1,0,1,Middlegame,5,6,0,1,2,1,1,1,1,1,1,0,2,1,1,3,3,0,0,3,3,5.01,Re1,a1e1,Re1,a1e1,5.12,5.19,7.000000000000028,True,12,6,saransh12387,harsh2769,1968,1141,1-0
r1bQn1k1/p1p2pp1/2p4p/4q3/2B4B/2P5/P1P3PP/4R2K b - - 1 19,19,19,37,-1,0,1,Middlegame,5,6,0,1,2,1,1,1,1,1,1,0,2,1,1,3,3,0,0,3,3,5.12,Qf4,e5f4,Qxe1+,e5e1,5.96,6.76,79.99999999999999,False,12,6,saransh12387,harsh2769,1968,1141,1-0
r1bQn1k1/p1p2pp1/2p4p/8/2B2q1B/2P5/P1P3PP/4R2K w - - 2 20,20,19,46,-1,0,1,Middlegame,5,6,0,1,2,1,1,1,1,1,1,0,2,1,1,3,3,0,0,3,3,8.0,Qxe8+,d8e8,Qxe8+,d8e8,8.04,8.06,2.000000000000135,True,12,6,saransh12387,harsh2769,1968,1141,1-0
r1b1Q1k1/p1p2pp1/2p4p/8/2B2q1B/2P5/P1P3PP/4R2K b - - 0 20,20,18,1,2,0,1,Middlegame,5,6,0,0,2,1,1,1,1,1,1,0,2,1,1,3,3,0,0,3,3,8.04,Kh7,g8h7,Kh7,g8h7,8.08,8.09,0.9999999999999787,True,12,6,saransh12387,harsh2769,1968,1141,1-0
r1b1Q3/p1p2ppk/2p4p/8/2B2q1B/2P5/P1P3PP/4R2K w - - 1 21,21,18,47,2,0,0,Middlegame,5,6,0,0,2,1,1,1,1,1,1,0,2,1,1,3,3,0,0,3,3,8.11,Bd3+,c4d3,Bxf7,c4f7,8.11,5.82,228.99999999999991,False,12,6,saransh12387,harsh2769,1968,1141,1-0
r1b1Q3/p1p2ppk/2p4p/8/5q1B/2PB4/P1P3PP/4R2K b - - 2 21,21,18,5,2,0,0,Middlegame,5,6,0,0,2,1,1,1,1,1,1,0,2,1,1,3,3,0,0,3,3,5.93,f5,f7f5,f5,f7f5,5.95,6.17,21.999999999999975,True,12,6,saransh12387,harsh2769,1968,1141,1-0
r1b1Q3/p1p3pk/2p4p/5p2/5q1B/2PB4/P1P3PP/4R2K w - - 0 22,22,18,48,2,0,0,Middlegame,5,6,0,0,2,1,1,1,1,1,1,0,2,1,1,3,3,0,0,3,3,6.15,Bg3,h4g3,Bg3,h4g3,6.67,6.78,11.000000000000032,True,12,6,saransh12387,harsh2769,1968,1141,1-0
r1b1Q3/p1p3pk/2p4p/5p2/5q2/2PB2B1/P1P3PP/4R2K b - - 1 22,22,18,28,2,0,0,Middlegame,5,6,0,0,2,1,1,1,1,1,1,0,2,1,1,3,3,0,0,3,3,6.61,Qd2,f4d2,Qa4,f4a4,6.89,7.08,19.00000000000004,False,12,6,saransh12387,harsh2769,1968,1141,1-0
r1b1Q3/p1p3pk/2p4p/5p2/8/2PB2B1/P1Pq2PP/4R2K w - - 2 23,23,18,47,2,0,0,Middlegame,5,6,0,0,2,1,1,1,1,1,1,0,2,1,1,3,3,0,0,3,3,7.07,Qf7,e8f7,Qxc6,e8c6,6.97,5.7,126.99999999999996,False,12,6,saransh12387,harsh2769,1968,1141,1-0
r1b5/p1p2Qpk/2p4p/5p2/8/2PB2B1/P1Pq2PP/4R2K b - - 3 23,23,18,22,2,0,0,Middlegame,5,6,0,0,2,1,1,1,1,1,1,0,2,1,1,3,3,0,0,3,3,5.9,Bb7,c8b7,c5,c6c5,6.26,10000.0,999374.0,False,12,6,saransh12387,harsh2769,1968,1141,1-0
r7/pbp2Qpk/2p4p/5p2/8/2PB2B1/P1Pq2PP/4R2K w - - 4 24,24,18,47,2,0,0,Middlegame,5,6,0,0,2,1,1,1,1,1,1,0,2,1,1,3,3,0,0,3,3,10000.0,Bxf5+,d3f5,Bxf5+,d3f5,10000.0,10000.0,0.0,True,12,6,saransh12387,harsh2769,1968,1141,1-0
r7/pbp2Qpk/2p4p/5B2/8/2P3B1/P1Pq2PP/4R2K b - - 0 24,24,17,1,3,0,0,Middlegame,5,5,0,0,2,1,1,1,1,1,1,0,2,1,1,3,3,0,0,3,3,10000.0,Kh8,h7h8,Kh8,h7h8,10000.0,10000.0,0.0,True,12,6,saransh12387,harsh2769,1968,1141,1-0
r6k/pbp2Qp1/2p4p/5B2/8/2P3B1/P1Pq2PP/4R2K w - - 1 25,25,17,48,3,0,0,Middlegame,5,5,0,0,2,1,1,1,1,1,1,0,2,1,1,3,3,0,0,3,3,10000.0,Re8+,e1e8,Re8+,e1e8,10000.0,10000.0,0.0,True,12,6,saransh12387,harsh2769,1968,1141,1-0
r3R2k/pbp2Qp1/2p4p/5B2/8/2P3B1/P1Pq2PP/7K b - - 2 25,25,17,1,3,0,0,Middlegame,5,5,0,0,2,1,1,1,1,1,1,0,2,1,1,3,3,0,0,3,3,10000.0,Rxe8,a8e8,Rxe8,a8e8,10000.0,10000.0,0.0,True,12,6,saransh12387,harsh2769,1968,1141,1-0
4r2k/pbp2Qp1/2p4p/5B2/8/2P3B1/P1Pq2PP/7K w - - 0 26,26,16,36,-2,0,0,Middlegame,5,5,0,0,2,1,0,1,1,1,1,0,2,1,1,3,3,0,0,3,3,10000.0,Qxe8#,f7e8,Qxe8#,f7e8,10000.0,10000.0,0.0,True,12,6,saransh12387,harsh2769,1968,1141,1-0
rnbqkbnr/pppppppp/8/8/8/8/PPPPPPPP/RNBQKBNR w KQkq - 0 1,1,30,20,0,0,0,Opening,8,8,2,2,2,2,2,2,1,1,1,1,2,0,0,0,0,0,0,1,1,0.46,e4,e2e4,e4,e2e4,0.44,0.46,2.0000000000000018,True,12,7,saransh12387,Szarasiec,1966,1878,1-0
rnbqkbnr/pppppppp/8/8/4P3/8/PPPP1PPP/RNBQKBNR b KQkq - 0 1,1,30,20,0,0,0,Opening,8,8,2,2,2,2,2,2,1,1,1,1,2,0,0,0,0,0,0,1,1,0.44,c6,c7c6,e5,e7e5,0.47,0.59,12.0,False,12,7,saransh12387,Szarasiec,1966,1878,1-0
rnbqkbnr/pp1ppppp/2p5/8/4P3/8/PPPP1PPP/RNBQKBNR w KQkq - 0 2,2,30,30,0,0,0,Opening,8,8,2,2,2,2,2,2,1,1,1,1,2,0,0,0,0,0,0,1,1,0.48,Nf3,g1f3,d4,d2d4,0.42,0.32,9.999999999999998,False,12,7,saransh12387,Szarasiec,1966,1878,1-0
rnbqkbnr/pp1ppppp/2p5/8/4P3/5N2/PPPP1PPP/RNBQKB1R b KQkq - 1 2,2,30,21,0,0,0,Opening,8,8,2,2,2,2,2,2,1,1,1,1,2,0,0,0,0,0,0,1,1,0.34,d5,d7d5,d5,d7d5,0.36,0.32,3.9999999999999982,True,12,7,saransh12387,Szarasiec,1966,1878,1-0
rnbqkbnr/pp2pppp/2p5/3p4/4P3/5N2/PPPP1PPP/RNBQKB1R w KQkq - 0 3,3,30,29,0,0,0,Opening,8,8,2,2,2,2,2,2,1,1,1,1,2,0,0,0,0,0,0,1,1,0.35,e5,e4e5,exd5,e4d5,0.28,0.25,3.0000000000000027,False,12,7,saransh12387,Szarasiec,1966,1878,1-0
rnbqkbnr/pp2pppp/2p5/3pP3/8/5N2/PPPP1PPP/RNBQKB1R b KQkq - 0 3,3,30,28,0,0,0,Opening,8,8,2,2,2,2,2,2,1,1,1,1,2,0,0,0,0,0,0,1,1,0.29,Bg4,c8g4,Bg4,c8g4,0.31,0.32,1.0000000000000009,True,12,7,saransh12387,Szarasiec,1966,1878,1-0
rn1qkbnr/pp2pppp/2p5/3pP3/6b1/5N2/PPPP1PPP/RNBQKB1R w KQkq - 1 4,4,30,26,0,0,0,Opening,8,8,2,2,2,2,2,2,1,1,1,1,2,0,0,0,0,0,0,1,1,0.36,d4,d2d4,d4,d2d4,0.32,0.35,2.9999999999999973,True,12,7,saransh12387,Szarasiec,1966,1878,1-0
rn1qkbnr/pp2pppp/2p5/3pP3/3P2b1/5N2/PPP2PPP/RNBQKB1R b KQkq - 0 4,4,30,30,0,0,0,Opening,8,8,2,2,2,2,2,2,1,1,1,1,2,0,0,0,0,0,0,1,1,0.33,e6,e7e6,e6,e7e6,0.33,0.31,2.0000000000000018,True,12,7,saransh12387,Szarasiec,1966,1878,1-0
rn1qkbnr/pp3ppp/2p1p3/3pP3/3P2b1/5N2/PPP2PPP/RNBQKB1R w KQkq - 0 5,5,30,32,0,0,0,Opening,8,8,2,2,2,2,2,2,1,1,1,1,2,0,0,0,0,0,0,1,1,0.31,c3,c2c3,c3,c2c3,0.35,0.36,1.0000000000000009,True,12,7,saransh12387,Szarasiec,1966,1878,1-0
rn1qkbnr/pp3ppp/2p1p3/3pP3/3P2b1/2P2N2/PP3PPP/RNBQKB1R b KQkq - 0 5,5,30,37,0,0,0,Opening,8,8,2,2,2,2,2,2,1,1,1,1,2,0,0,0,0,0,0,1,1,0.33,c5,c6c5,Nd7,b8d7,0.33,0.27,6.0,False,12,7,saransh12387,Szarasiec,1966,1878,1-0
rn1qkbnr/pp3ppp/4p3/2ppP3/3P2b1/2P2N2/PP3PPP/RNBQKB1R w KQkq - 0 6,6,30,34,0,0,0,Opening,8,8,2,2,2,2,2,2,1,1,1,1,2,0,0,0,0,0,0,1,1,0.27,dxc5,d4c5,Be3,c1e3,0.28,0.19,9.000000000000002,False,12,7,saransh12387,Szarasiec,1966,1878,1-0
rn1qkbnr/pp3ppp/4p3/2PpP3/6b1/2P2N2/PP3PPP/RNBQKB1R b KQkq - 0 6,6,29,36,1,0,0,Opening,8,7,2,2,2,2,2,2,1,1,1,1,2,1,0,0,0,0,0,2,2,0.25,Bxc5,f8c5,Bxf3,g4f3,0.24,3.77,353.0,False,12,7,saransh12387,Szarasiec,1966,1878,1-0
rn1qk1nr/pp3ppp/4p3/2bpP3/6b1/2P2N2/PP3PPP/RNBQKB1R w KQkq - 0 7,7,28,36,0,0,0,Opening,7,7,2,2,2,2,2,2,1,1,1,1,2,0,0,0,0,0,0,2,2,3.93,Qa4+,d1a4,Qa4+,d1a4,3.76,3.78,2.0000000000000018,True,12,7,saransh12387,Szarasiec,1966,1878,1-0
rn1qk1nr/pp3ppp/4p3/2bpP3/Q5b1/2P2N2/PP3PPP/RNB1KB1R b KQkq - 1 7,7,28,6,0,0,0,Opening,7,7,2,2,2,2,2,2,1,1,1,1,2,0,0,0,0,0,0,2,2,3.71,Nc6,b8c6,Nd7,b8d7,3.83,4.01,17.99999999999997,False,12,7,saransh12387,Szarasiec,1966,1878,1-0
r2qk1nr/pp3ppp/2n1p3/2bpP3/Q5b1/2P2N2/PP3PPP/RNB1KB1R w KQkq - 2 8,8,28,43,0,0,0,Opening,7,7,2,2,2,2,2,2,1,1,1,1,2,0,0,0,0,0,0,2,2,3.88,Qxg4,a4g4,Qxg4,a4g4,3.89,3.9,0.9999999999999787,True,12,7,saransh12387,Szarasiec,1966,1878,1-0
r2qk1nr/pp3ppp/2n1p3/2bpP3/6Q1/2P2N2/PP3PPP/RNB1KB1R b KQkq - 0 8,8,27,45,3,0,0,Opening,7,7,2,2,2,1,2,2,1,1,1,0,2,0,0,0,0,0,0,2,2,3.93,g6,g7g6,Qb6,d8b6,3.91,4.72,80.99999999999996,False,12,7,saransh12387,Szarasiec,1966,1878,1-0
r2qk1nr/pp3p1p/2n1p1p1/2bpP3/6Q1/2P2N2/PP3PPP/RNB1KB1R w KQkq - 0 9,9,27,43,3,0,0,Opening,7,7,2,2,2,1,2,2,1,1,1,0,2,0,0,0,0,0,0,2,2,4.64,Bb5,f1b5,Be2,f1e2,4.48,4.38,10.000000000000053,False,12,7,saransh12387,Szarasiec,1966,1878,1-0
r2qk1nr/pp3p1p/2n1p1p1/1BbpP3/6Q1/2P2N2/PP3PPP/RNB1K2R b KQkq - 1 9,9,27,37,3,0,0,Opening,7,7,2,2,2,1,2,2,1,1,1,0,2,0,0,0,0,0,0,2,2,4.4,h5,h7h5,Bxf2+,c5f2,4.53,4.95,41.99999999999999,False,12,7,saransh12387,Szarasiec,1966,1878,1-0
r2qk1nr/pp3p2/2n1p1p1/1BbpP2p/6Q1/2P2N2/PP3PPP/RNB1K2R w KQkq - 0 10,10,27,48,3,0,0,Opening,7,7,2,2,2,1,2,2,1,1,1,0,2,0,0,0,0,0,0,2,2,4.9,Qg5,g4g5,Bxc6+,b5c6,4.72,4.55,16.999999999999993,False,12,7,saransh12387,Szarasiec,1966,1878,1-0
r2qk1nr/pp3p2/2n1p1p1/1BbpP1Qp/8/2P2N2/PP3PPP/RNB1K2R b KQkq - 1 10,10,27,35,3,0,0,Opening,7,7,2,2,2,1,2,2,1,1,1,0,2,0,0,0,0,0,0,2,2,4.43,Be7,c5e7,Bxf2+,c5f2,4.36,4.76,39.99999999999994,False,12,7,saransh12387,Szarasiec,1966,1878,1-0
r2qk1nr/pp2bp2/2n1p1p1/1B1pP1Qp/8/2P2N2/PP3PPP/RNB1K2R w KQkq - 2 11,11,27,44,3,0,0,Opening,7,7,2,2,2,1,2,2,1,1,1,0,2,0,0,0,0,0,0,2,2,4.62,Qg3,g5g3,Qd2,g5d2,4.67,4.09,58.00000000000001,False,12,7,saransh12387,Szarasiec,1966,1878,1-0
r2qk1nr/pp2bp2/2n1p1p1/1B1pP2p/8/2P2NQ1/PP3PPP/RNB1K2R b KQkq - 3 11,11,27,31,3,0,0,Opening,7,7,2,2,2,1,2,2,1,1,1,0,2,0,0,0,0,0,0,2,2,4.04,Qb6,d8b6,Qb6,d8b6,4.11,4.14,2.999999999999936,True,12,7,saransh12387,Szarasiec,1966,1878,1-0
r3k1nr/pp2bp2/1qn1p1p1/1B1pP2p/8/2P2NQ1/PP3PPP/RNB1K2R w KQkq - 4 12,12,27,39,3,0,0,Opening,7,7,2,2,2,1,2,2,1,1,1,0,2,0,0,0,0,0,0,2,2,3.93,Bxc6+,b5c6,a4,a2a4,3.98,3.81,16.999999999999993,False,12,7,saransh12387,Szarasiec,1966,1878,1-0
r3k1nr/pp2bp2/1qB1p1p1/3pP2p/8/2P2NQ1/PP3PPP/RNB1K2R b KQkq - 0 12,12,26,4,6,0,0,Opening,7,7,2,1,2,1,2,2,1,1,1,0,2,0,0,0,0,0,0,2,2,3.98,bxc6,b7c6,bxc6,b7c6,3.98,3.79,18.999999999999993,True,12,7,saransh12387,Szarasiec,1966,1878,1-0
r3k1nr/p3bp2/1qp1p1p1/3pP2p/8/2P2NQ1/PP3PPP/RNB1K2R w KQkq - 0 13,13,25,32,3,0,0,Opening,7,7,2,1,1,1,2,2,1,1,0,0,2,0,0,0,1,0,0,2,2,4.03,Nbd2,b1d2,O-O,e1g1,3.58,3.79,20.999999999999996,False,12,7,saransh12387,Szarasiec,1966,1878,1-0
r3k1nr/p3bp2/1qp1p1p1/3pP2p/8/2P2NQ1/PP1N1PPP/R1B1K2R b KQkq - 1 13,13,25,42,3,0,0,Opening,7,7,2,1,1,1,2,2,1,1,0,0,2,0,0,0,1,0,0,2,2,3.77,Nh6,g8h6,Nh6,g8h6,4.16,3.86,30.00000000000003,True,12,7,saransh12387,Szarasiec,1966,1878,1-0
r3k2r/p3bp2/1qp1p1pn/3pP2p/8/2P2NQ1/PP1N1PPP/R1B1K2R w KQkq - 2 14,14,25,29,3,0,0,Opening,7,7,2,1,1,1,2,2,1,1,0,0,2,0,0,0,1,0,0,2,2,3.77,Nb3,d2b3,O-O,e1g1,3.93,3.22,71.0,False,12,7,saransh12387,Szarasiec,1966,1878,1-0
r3k2r/p3bp2/1qp1p1pn/3pP2p/8/1NP2NQ1/PP3PPP/R1B1K2R b KQkq - 3 14,14,25,44,3,0,0,Opening,7,7,2,1,1,1,2,2,1,1,0,0,2,0,0,0,1,0,0,2,2,3.69,Nf5,h6f5,g5,g6g5,3.99,3.92,7.000000000000028,False,12,7,saransh12387,Szarasiec,1966,1878,1-0
r3k2r/p3bp2/1qp1p1p1/3pPn1p/8/1NP2NQ1/PP3PPP/R1B1K2R w KQkq - 4 15,15,25,33,3,0,0,Opening,7,7,2,1,1,1,2,2,1,1,0,0,2,0,0,0,1,0,0,2,2,3.95,Qf4,g3f4,Qf4,g3f4,3.83,3.94,10.999999999999988,True,12,7,saransh12387,Szarasiec,1966,1878,1-0
r3k2r/p3bp2/1qp1p1p1/3pPn1p/5Q2/1NP2N2/PP3PPP/R1B1K2R b KQkq - 5 15,15,25,48,3,0,0,Opening,7,7,2,1,1,1,2,2,1,1,0,0,2,0,0,0,1,0,0,2,2,3.6,Kd7,e8d7,c5,c6c5,3.85,4.89,103.99999999999996,False,12,7,saransh12387,Szarasiec,1966,1878,1-0
r6r/p2kbp2/1qp1p1p1/3pPn1p/5Q2/1NP2N2/PP3PPP/R1B1K2R w KQ - 6 16,16,25,39,3,0,0,Opening,7,7,2,1,1,1,2,2,1,1,0,0,2,0,0,0,1,0,0,2,2,4.28,Nbd4,b3d4,Qa4,f4a4,4.24,3.1,114.00000000000001,False,12,7,saransh12387,Szarasiec,1966,1878,1-0
r6r/p2kbp2/1qp1p1p1/3pPn1p/3N1Q2/2P2N2/PP3PPP/R1B1K2R b KQ - 7 16,16,25,52,3,0,0,Opening,7,7,2,1,1,1,2,2,1,1,0,0,2,0,0,0,1,0,0,2,2,2.73,g5,g6g5,g5,g6g5,3.28,3.12,15.99999999999997,True,12,7,saransh12387,Szarasiec,1966,1878,1-0
r6r/p2kbp2/1qp1p3/3pPnpp/3N1Q2/2P2N2/PP3PPP/R1B1K2R w KQ - 0 17,17,25,38,3,0,0,Opening,7,7,2,1,1,1,2,2,1,1,0,0,2,0,0,0,1,0,0,2,2,3.05,Nxg5,f3g5,Nxg5,f3g5,3.69,3.35,33.999999999999986,True,12,7,saransh12387,Szarasiec,1966,1878,1-0
r6r/p2kbp2/1qp1p3/3pPnNp/3N1Q2/2P5/PP3PPP/R1B1K2R b KQ - 0 17,17,24,50,4,0,0,Middlegame,7,6,2,1,1,1,2,2,1,1,0,0,2,0,0,0,2,0,0,2,3,3.6,Bxg5,e7g5,Bxg5,e7g5,3.56,3.5,6.000000000000005,True,12,7,saransh12387,Szarasiec,1966,1878,1-0
r6r/p2k1p2/1qp1p3/3pPnbp/3N1Q2/2P5/PP3PPP/R1B1K2R w KQ - 0 18,18,23,37,1,0,0,Middlegame,7,6,1,1,1,1,2,2,1,1,0,0,2,0,0,0,2,0,0,2,3,3.63,Qxg5,f4g5,Qxg5,f4g5,3.45,3.62,16.999999999999993,True,12,7,saransh12387,Szarasiec,1966,1878,1-0
r6r/p2k1p2/1qp1p3/3pPnQp/3N4/2P5/PP3PPP/R1B1K2R b KQ - 0 18,18,22,42,4,0,0,Middlegame,7,6,1,1,1,0,2,2,1,1,0,0,2,0,0,0,2,0,0,2,3,3.56,Nxd4,f5d4,Rag8,a8g8,3.61,3.53,8.000000000000007,False,12,7,saransh12387,Szarasiec,1966,1878,1-0
r6r/p2k1p2/1qp1p3/3pP1Qp/3n4/2P5/PP3PPP/R1B1K2R w KQ - 0 19,19,21,37,1,0,0,Middlegame,7,6,0,1,1,0,2,2,1,1,0,0,2,0,0,0,2,0,0,2,3,3.41,cxd4,c3d4,cxd4,c3d4,3.71,3.71,0.0,True,12,7,saransh12387,Szarasiec,1966,1878,1-0
r6r/p2k1p2/1qp1p3/3pP1Qp/3P4/8/PP3PPP/R1B1K2R b KQ - 0 19,19,20,35,4,0,0,Middlegame,7,6,0,0,1,0,2,2,1,1,0,0,2,0,0,0,2,0,0,2,3,3.76,Rag8,a8g8,Rag8,a8g8,3.51,3.57,6.000000000000005,True,12,7,saransh12387,Szarasiec,1966,1878,1-0
6rr/p2k1p2/1qp1p3/3pP1Qp/3P4/8/PP3PPP/R1B1K2R w KQ - 1 20,20,20,36,4,0,0,Middlegame,7,6,0,0,1,0,2,2,1,1,0,0,2,0,0,0,2,0,0,2,3,3.57,Qf6,g5f6,Qf6,g5f6,3.46,3.54,8.000000000000007,True,12,7,saransh12387,Szarasiec,1966,1878,1-0
6rr/p2k1p2/1qp1pQ2/3pP2p/3P4/8/PP3PPP/R1B1K2R b KQ - 2 20,20,20,33,4,0,0,Middlegame,7,6,0,0,1,0,2,2,1,1,0,0,2,0,0,0,2,0,0,2,3,3.66,Ke8,d7e8,Rxg2,g8g2,3.78,3.93,15.000000000000036,False,12,7,saransh12387,Szarasiec,1966,1878,1-0
4k1rr/p4p2/1qp1pQ2/3pP2p/3P4/8/PP3PPP/R1B1K2R w KQ - 3 21,21,20,36,4,0,0,Middlegame,7,6,0,0,1,0,2,2,1,1,0,0,2,0,0,0,2,0,0,2,3,3.8,O-O,e1g1,Qf3,f6f3,3.67,4.09,41.99999999999999,False,12,7,saransh12387,Szarasiec,1966,1878,1-0
4k1rr/p4p2/1qp1pQ2/3pP2p/3P4/8/PP3PPP/R1B2RK1 b - - 4 21,21,20,27,4,1,0,Middlegame,7,6,0,0,1,0,2,2,1,1,0,0,2,0,0,0,2,0,0,2,3,4.43,Qxd4,b6d4,Qc7,b6c7,4.78,5.22,43.99999999999995,False,12,7,saransh12387,Szarasiec,1966,1878,1-0
4k1rr/p4p2/2p1pQ2/3pP2p/3q4/8/PP3PPP/R1B2RK1 w - - 0 22,22,19,30,3,1,0,Middlegame,6,6,0,0,1,0,2,2,1,1,0,0,2,0,0,0,2,0,1,2,3,5.11,Be3,c1e3,Bg5,c1g5,5.37,4.19,117.99999999999997,False,12,7,saransh12387,Szarasiec,1966,1878,1-0
4k1rr/p4p2/2p1pQ2/3pP2p/3q4/4B3/PP3PPP/R4RK1 b - - 1 22,22,19,31,3,1,0,Middlegame,6,6,0,0,1,0,2,2,1,1,0,0,2,0,0,0,2,0,1,2,3,4.18,Qg4,d4g4,Rxg2+,g8g2,4.52,4.35,16.999999999999993,False,12,7,saransh12387,Szarasiec,1966,1878,1-0
4k1rr/p4p2/2p1pQ2/3pP2p/6q1/4B3/PP3PPP/R4RK1 w - - 2 23,23,19,40,3,1,0,Middlegame,6,6,0,0,1,0,2,2,1,1,0,0,2,0,0,0,2,0,1,2,3,4.76,g3,g2g3,g3,g2g3,4.25,4.44,19.00000000000004,True,12,7,saransh12387,Szarasiec,1966,1878,1-0
4k1rr/p4p2/2p1pQ2/3pP2p/6q1/4B1P1/PP3P1P/R4RK1 b - - 0 23,23,19,29,3,1,0,Middlegame,6,6,0,0,1,0,2,2,1,1,0,0,2,0,0,0,2,0,1,2,3,4.62,h4,h5h4,d4,d5d4,4.31,4.27,4.0000000000000036,False,12,7,saransh12387,Szarasiec,1966,1878,1-0
4k1rr/p4p2/2p1pQ2/3pP3/6qp/4B1P1/PP3P1P/R4RK1 w - - 0 24,24,19,39,3,1,0,Middlegame,6,6,0,0,1,0,2,2,1,1,0,0,2,0,0,0,2,0,1,2,3,4.37,Rac1,a1c1,Bc5,e3c5,4.35,3.34,100.99999999999997,False,12,7,saransh12387,Szarasiec,1966,1878,1-0
4k1rr/p4p2/2p1pQ2/3pP3/6qp/4B1P1/PP3P1P/2R2RK1 b - - 1 24,24,19,31,3,1,0,Middlegame,6,6,0,0,1,0,2,2,1,1,0,0,2,0,0,0,2,0,1,2,3,3.38,hxg3,h4g3,hxg3,h4g3,3.07,2.98,8.999999999999986,True,12,7,saransh12387,Szarasiec,1966,1878,1-0
4k1rr/p4p2/2p1pQ2/3pP3/6q1/4B1p1/PP3P1P/2R2RK1 w - - 0 25,25,18,44,2,1,0,Middlegame,5,6,0,0,1,0,2,2,1,1,0,0,2,0,0,1,1,0,1,3,2,3.06,fxg3,f2g3,fxg3,f2g3,2.69,3.05,35.999999999999986,True,12,7,saransh12387,Szarasiec,1966,1878,1-0
4k1rr/p4p2/2p1pQ2/3pP3/6q1/4B1P1/PP5P/2R2RK1 b - - 0 25,25,17,33,3,1,0,Middlegame,5,5,0,0,1,0,2,2,1,1,0,0,2,0,0,1,1,1,1,3,2,3.25,Qh3,g4h3,Rxh2,h8h2,3.12,3.77,64.99999999999999,False,12,7,saransh12387,Szarasiec,1966,1878,1-0
4k1rr/p4p2/2p1pQ2/3pP3/8/4B1Pq/PP5P/2R2RK1 w - - 1 26,26,17,45,3,1,0,Middlegame,5,5,0,0,1,0,2,2,1,1,0,0,2,0,0,1,1,1,1,3,2,4.37,Qxf7+,f6f7,Qf2,f6f2,3.85,3.44,41.000000000000014,False,12,7,saransh12387,Szarasiec,1966,1878,1-0
4k1rr/p4Q2/2p1p3/3pP3/8/4B1Pq/PP5P/2R2RK1 b - - 0 26,26,16,1,4,1,0,Middlegame,5,4,0,0,1,0,2,2,1,1,0,0,2,0,0,1,1,2,1,3,2,4.08,Kd8,e8d8,Kd8,e8d8,4.49,4.47,2.000000000000046,True,12,7,saransh12387,Szarasiec,1966,1878,1-0
3k2rr/p4Q2/2p1p3/3pP3/8/4B1Pq/PP5P/2R2RK1 w - - 1 27,27,16,50,4,1,0,Middlegame,5,4,0,0,1,0,2,2,1,1,0,0,2,0,0,1,1,2,1,3,2,4.43,Qf2,f7f2,Qf6+,f7f6,4.39,4.66,27.000000000000046,False,12,7,saransh12387,Szarasiec,1966,1878,1-0
3k2rr/p7/2p1p3/3pP3/8/4B1Pq/PP3Q1P/2R2RK1 b - - 2 27,27,16,30,4,1,0,Middlegame,5,4,0,0,1,0,2,2,1,1,0,0,2,0,0,1,1,2,1,3,2,4.67,Kd7,d8d7,Kd7,d8d7,4.61,4.53,8.000000000000007,True,12,7,saransh12387,Szarasiec,1966,1878,1-0
6rr/p2k4/2p1p3/3pP3/8/4B1Pq/PP3Q1P/2R2RK1 w - - 3 28,28,16,36,4,1,0,Middlegame,5,4,0,0,1,0,2,2,1,1,0,0,2,0,0,1,1,2,1,3,2,4.53,Bc5,e3c5,Qg2,f2g2,4.67,3.78,89.00000000000001,False,12,7,saransh12387,Szarasiec,1966,1878,1-0
6rr/p2k4/2p1p3/2BpP3/8/6Pq/PP3Q1P/2R2RK1 b - - 4 28,28,16,32,4,1,0,Middlegame,5,4,0,0,1,0,2,2,1,1,0,0,2,0,0,1,1,2,1,3,2,4.19,Rh7,h8h7,Rg7,g8g7,4.57,4.56,1.0000000000000675,False,12,7,saransh12387,Szarasiec,1966,1878,1-0
6r1/p2k3r/2p1p3/2BpP3/8/6Pq/PP3Q1P/2R2RK1 w - - 5 29,29,16,37,4,1,0,Middlegame,5,4,0,0,1,0,2,2,1,1,0,0,2,0,0,1,1,2,1,3,2,4.66,Bxa7,c5a7,Qg2,f2g2,4.4,3.26,114.00000000000006,False,12,7,saransh12387,Szarasiec,1966,1878,1-0
6r1/B2k3r/2p1p3/3pP3/8/6Pq/PP3Q1P/2R2RK1 b - - 0 29,29,15,35,5,1,0,Middlegame,5,3,0,0,1,0,2,2,1,1,0,0,2,0,0,1,0,3,1,3,1,4.13,Rhg7,h7g7,Rgh8,g8h8,3.81,4.61,80.00000000000003,False,12,7,saransh12387,Szarasiec,1966,1878,1-0
6r1/B2k2r1/2p1p3/3pP3/8/6Pq/PP3Q1P/2R2RK1 w - - 1 30,30,15,37,5,1,0,Middlegame,5,3,0,0,1,0,2,2,1,1,0,0,2,0,0,1,0,3,1,3,1,5.08,Rc3,c1c3,Rc3,c1c3,4.78,5.34,55.99999999999996,True,12,7,saransh12387,Szarasiec,1966,1878,1-0
6r1/B2k2r1/2p1p3/3pP3/8/2R3Pq/PP3Q1P/5RK1 b - - 2 30,30,15,32,5,1,0,Middlegame,5,3,0,0,1,0,2,2,1,1,0,0,2,0,0,1,0,3,1,3,1,5.98,d4,d5d4,d4,d5d4,6.62,5.68,94.00000000000004,True,12,7,saransh12387,Szarasiec,1966,1878,1-0
6r1/B2k2r1/2p1p3/4P3/3p4/2R3Pq/PP3Q1P/5RK1 w - - 0 31,31,15,38,5,1,0,Middlegame,5,3,0,0,1,0,2,2,1,1,0,0,2,0,0,1,0,3,1,3,1,5.86,Rf3,c3f3,Bxd4,a7d4,5.98,5.74,24.00000000000002,False,12,7,saransh12387,Szarasiec,1966,1878,1-0
6r1/B2k2r1/2p1p3/4P3/3p4/5RPq/PP3Q1P/5RK1 b - - 1 31,31,15,32,5,1,0,Middlegame,5,3,0,0,1,0,2,2,1,1,0,0,2,0,0,1,0,3,1,3,1,5.6,Rg4,g7g4,Rh8,g8h8,7.51,6.42,108.99999999999999,False,12,7,saransh12387,Szarasiec,1966,1878,1-0
6r1/B2k4/2p1p3/4P3/3p2r1/5RPq/PP3Q1P/5RK1 w - - 2 32,32,15,31,5,1,0,Middlegame,5,3,0,0,1,0,2,2,1,1,0,0,2,0,0,1,0,3,1,3,1,6.48,Bxd4,a7d4,Rf7+,f3f7,6.97,5.99,97.99999999999996,False,12,7,saransh12387,Szarasiec,1966,1878,1-0
6r1/3k4/2p1p3/4P3/3B2r1/5RPq/PP3Q1P/5RK1 b - - 0 32,32,14,33,6,1,0,Middlegame,5,2,0,0,1,0,2,2,1,1,0,0,2,0,0,1,2,3,0,3,2,6.03,c5,c6c5,c5,c6c5,6.67,6.25,41.99999999999999,True,12,7,saransh12387,Szarasiec,1966,1878,1-0
6r1/3k4/4p3/2p1P3/3B2r1/5RPq/PP3Q1P/5RK1 w - - 0 33,33,14,29,6,1,0,Middlegame,5,2,0,0,1,0,2,2,1,1,0,0,2,0,0,1,2,3,0,3,2,6.69,Bxc5,d4c5,Bxc5,d4c5,6.8,6.63,16.999999999999993,True,12,7,saransh12387,Szarasiec,1966,1878,1-0
6r1/3k4/4p3/2B1P3/6r1/5RPq/PP3Q1P/5RK1 b - - 0 33,33,13,35,7,1,0,Middlegame,5,1,0,0,1,0,2,2,1,1,0,0,2,0,0,1,1,4,0,3,1,6.7,Kc6,d7c6,Kc8,d7c8,7.22,7.51,29.000000000000004,False,12,7,saransh12387,Szarasiec,1966,1878,1-0
6r1/8/2k1p3/2B1P3/6r1/5RPq/PP3Q1P/5RK1 w - - 1 34,34,13,36,7,1,0,Middlegame,5,1,0,0,1,0,2,2,1,1,0,0,2,0,0,1,1,4,0,3,1,8.33,Bd6,c5d6,Ba7,c5a7,9.05,7.06,199.0000000000001,False,12,7,saransh12387,Szarasiec,1966,1878,1-0
6r1/8/2kBp3/4P3/6r1/5RPq/PP3Q1P/5RK1 b - - 2 34,34,13,34,7,1,0,Middlegame,5,1,0,0,1,0,2,2,1,1,0,0,2,0,0,1,1,4,0,3,1,6.87,Rh8,g8h8,Rxg3+,g4g3,9.11,10000.0,999089.0,False,12,7,saransh12387,Szarasiec,1966,1878,1-0
7r/8/2kBp3/4P3/6r1/5RPq/PP3Q1P/5RK1 w - - 3 35,35,13,37,7,1,0,Middlegame,5,1,0,0,1,0,2,2,1,1,0,0,2,0,0,1,1,4,0,3,1,10000.0,Rc1+,f1c1,Qc5+,f2c5,10000.0,10000.0,0.0,False,12,7,saransh12387,Szarasiec,1966,1878,1-0
7r/8/2kBp3/4P3/6r1/5RPq/PP3Q1P/2R3K1 b - - 4 35,35,13,5,7,1,0,Middlegame,5,1,0,0,1,0,2,2,1,1,0,0,2,0,0,1,1,4,0,3,1,10000.0,Kd7,c6d7,Rc4,g4c4,10000.0,10000.0,0.0,False,12,7,saransh12387,Szarasiec,1966,1878,1-0
7r/3k4/3Bp3/4P3/6r1/5RPq/PP3Q1P/2R3K1 w - - 5 36,36,13,45,7,1,0,Middlegame,5,1,0,0,1,0,2,2,1,1,0,0,2,0,0,1,1,4,0,3,1,10000.0,Rf7+,f3f7,Qa7+,f2a7,10000.0,10000.0,0.0,False,12,7,saransh12387,Szarasiec,1966,1878,1-0
7r/3k1R2/3Bp3/4P3/6r1/6Pq/PP3Q1P/2R3K1 b - - 6 36,36,13,2,7,1,0,Middlegame,5,1,0,0,1,0,2,2,1,1,0,0,2,0,0,1,1,4,0,3,1,10000.0,Kd8,d7d8,Kd8,d7d8,10000.0,10000.0,0.0,True,12,7,saransh12387,Szarasiec,1966,1878,1-0
3k3r/5R2/3Bp3/4P3/6r1/6Pq/PP3Q1P/2R3K1 w - - 7 37,37,13,51,7,1,0,Middlegame,5,1,0,0,1,0,2,2,1,1,0,0,2,0,0,1,1,4,0,3,1,10000.0,Rf8+,f7f8,Qf6+,f2f6,10000.0,10000.0,0.0,False,12,7,saransh12387,Szarasiec,1966,1878,1-0
3k1R1r/8/3Bp3/4P3/6r1/6Pq/PP3Q1P/2R3K1 b - - 8 37,37,13,2,7,1,0,Middlegame,5,1,0,0,1,0,2,2,1,1,0,0,2,0,0,1,1,4,0,3,1,10000.0,Rxf8,h8f8,Rxf8,h8f8,10000.0,10000.0,0.0,True,12,7,saransh12387,Szarasiec,1966,1878,1-0
3k1r2/8/3Bp3/4P3/6r1/6Pq/PP3Q1P/2R3K1 w - - 0 38,38,12,41,2,1,0,Middlegame,5,1,0,0,1,0,1,2,1,1,0,0,2,0,0,1,1,4,0,3,1,10000.0,Qxf8+,f2f8,Qxf8+,f2f8,10000.0,10000.0,0.0,True,12,7,saransh12387,Szarasiec,1966,1878,1-0
3k1Q2/8/3Bp3/4P3/6r1/6Pq/PP5P/2R3K1 b - - 0 38,38,11,1,7,1,0,Middlegame,5,1,0,0,1,0,1,1,1,1,0,0,2,0,0,1,1,4,0,3,1,10000.0,Kd7,d8d7,Kd7,d8d7,10000.0,10000.0,0.0,True,12,7,saransh12387,Szarasiec,1966,1878,1-0
5Q2/3k4/3Bp3/4P3/6r1/6Pq/PP5P/2R3K1 w - - 1 39,39,11,41,7,1,0,Middlegame,5,1,0,0,1,0,1,1,1,1,0,0,2,0,0,1,1,4,0,3,1,10000.0,Rc7#,c1c7,Qe7#,f8e7,10000.0,10000.0,0.0,False,12,7,saransh12387,Szarasiec,1966,1878,1-0
rnbqkbnr/pppppppp/8/8/8/8/PPPPPPPP/RNBQKBNR w KQkq - 0 1,1,30,20,0,0,0,Opening,8,8,2,2,2,2,2,2,1,1,1,1,2,0,0,0,0,0,0,1,1,0.56,e4,e2e4,e4,e2e4,0.4,0.36,4.0000000000000036,True,12,8,saransh12387,YungCassius,1963,2030,0-1
rnbqkbnr/pppppppp/8/8/4P3/8/PPPP1PPP/RNBQKBNR b KQkq - 0 1,1,30,20,0,0,0,Opening,8,8,2,2,2,2,2,2,1,1,1,1,2,0,0,0,0,0,0,1,1,0.41,e5,e7e5,c6,c7c6,0.45,0.49,3.9999999999999982,False,12,8,saransh12387,YungCassius,1963,2030,0-1
rnbqkbnr/pppp1ppp/8/4p3/4P3/8/PPPP1PPP/RNBQKBNR w KQkq - 0 2,2,30,29,0,0,0,Opening,8,8,2,2,2,2,2,2,1,1,1,1,2,0,0,0,0,0,0,1,1,0.46,Nf3,g1f3,Nf3,g1f3,0.41,0.41,0.0,True,12,8,saransh12387,YungCassius,1963,2030,0-1
rnbqkbnr/pppp1ppp/8/4p3/4P3/5N2/PPPP1PPP/RNBQKB1R b KQkq - 1 2,2,30,29,0,0,0,Opening,8,8,2,2,2,2,2,2,1,1,1,1,2,0,0,0,0,0,0,1,1,0.37,Nc6,b8c6,Nc6,b8c6,0.43,0.42,1.0000000000000009,True,12,8,saransh12387,YungCassius,1963,2030,0-1
r1bqkbnr/pppp1ppp/2n5/4p3/4P3/5N2/PPPP1PPP/RNBQKB1R w KQkq - 2 3,3,30,27,0,0,0,Opening,8,8,2,2,2,2,2,2,1,1,1,1,2,0,0,0,0,0,0,1,1,0.38,Bc4,f1c4,Bb5,f1b5,0.34,0.33,1.0000000000000009,False,12,8,saransh12387,YungCassius,1963,2030,0-1
r1bqkbnr/pppp1ppp/2n5/4p3/2B1P3/5N2/PPPP1PPP/RNBQK2R b KQkq - 3 3,3,30,31,0,0,0,Opening,8,8,2,2,2,2,2,2,1,1,1,1,2,0,0,0,0,0,0,1,1,0.29,Nf6,g8f6,Bc5,f8c5,0.38,0.37,1.0000000000000009,False,12,8,saransh12387,YungCassius,1963,2030,0-1
r1bqkb1r/pppp1ppp/2n2n2/4p3/2B1P3/5N2/PPPP1PPP/RNBQK2R w KQkq - 4 4,4,30,33,0,0,0,Opening,8,8,2,2,2,2,2,2,1,1,1,1,2,0,0,0,0,0,0,1,1,0.38,d3,d2d3,d3,d2d3,0.32,0.36,3.9999999999999982,True,12,8,saransh12387,YungCassius,1963,2030,0-1
r1bqkb1r/pppp1ppp/2n2n2/4p3/2B1P3/3P1N2/PPP2PPP/RNBQK2R b KQkq - 0 4,4,30,29,0,0,0,Opening,8,8,2,2,2,2,2,2,1,1,1,1,2,0,0,0,0,0,0,1,1,0.41,Bc5,f8c5,Bc5,f8c5,0.37,0.51,14.000000000000002,True,12,8,saransh12387,YungCassius,1963,2030,0-1
r1bqk2r/pppp1ppp/2n2n2/2b1p3/2B1P3/3P1N2/PPP2PPP/RNBQK2R w KQkq - 1 5,5,30,38,0,0,0,Opening,8,8,2,2,2,2,2,2,1,1,1,1,2,0,0,0,0,0,0,1,1,0.38,O-O,e1g1,c3,c2c3,0.41,0.43,2.0000000000000018,False,12,8,saransh12387,YungCassius,1963,2030,0-1
r1bqk2r/pppp1ppp/2n2n2/2b1p3/2B1P3/3P1N2/PPP2PPP/RNBQ1RK1 b kq - 2 5,5,30,36,0,1,0,Opening,8,8,2,2,2,2,2,2,1,1,1,1,2,0,0,0,0,0,0,1,1,0.41,d6,d7d6,d6,d7d6,0.38,0.37,1.0000000000000009,True,12,8,saransh12387,YungCassius,1963,2030,0-1
r1bqk2r/ppp2ppp/2np1n2/2b1p3/2B1P3/3P1N2/PPP2PPP/RNBQ1RK1 w kq - 0 6,6,30,35,0,1,0,Opening,8,8,2,2,2,2,2,2,1,1,1,1,2,0,0,0,0,0,0,1,1,0.41,c3,c2c3,c3,c2c3,0.38,0.39,1.0000000000000009,True,12,8,saransh12387,YungCassius,1963,2030,0-1
r1bqk2r/ppp2ppp/2np1n2/2b1p3/2B1P3/2PP1N2/PP3PPP/RNBQ1RK1 b kq - 0 6,6,30,40,0,1,0,Opening,8,8,2,2,2,2,2,2,1,1,1,1,2,0,0,0,0,0,0,1,1,0.31,a5,a7a5,a5,a7a5,0.37,0.39,2.0000000000000018,True,12,8,saransh12387,YungCassius,1963,2030,0-1
r1bqk2r/1pp2ppp/2np1n2/p1b1p3/2B1P3/2PP1N2/PP3PPP/RNBQ1RK1 w kq - 0 7,7,30,36,0,1,0,Opening,8,8,2,2,2,2,2,2,1,1,1,1,2,0,0,0,0,0,0,1,1,0.36,Nbd2,b1d2,Re1,f1e1,0.4,0.4,0.0,False,12,8,saransh12387,YungCassius,1963,2030,0-1
r1bqk2r/1pp2ppp/2np1n2/p1b1p3/2B1P3/2PP1N2/PP1N1PPP/R1BQ1RK1 b kq - 1 7,7,30,42,0,1,0,Opening,8,8,2,2,2,2,2,2,1,1,1,1,2,0,0,0,0,0,0,1,1,0.38,O-O,e8g8,O-O,e8g8,0.41,0.37,3.9999999999999982,True,12,8,saransh12387,YungCassius,1963,2030,0-1
r1bq1rk1/1pp2ppp/2np1n2/p1b1p3/2B1P3/2PP1N2/PP1N1PPP/R1BQ1RK1 w - - 2 8,8,30,30,0,1,1,Opening,8,8,2,2,2,2,2,2,1,1,1,1,2,0,0,0,0,0,0,1,1,0.4,h3,h2h3,Re1,f1e1,0.38,0.38,0.0,False,12,8,saransh12387,YungCassius,1963,2030,0-1
r1bq1rk1/1pp2ppp/2np1n2/p1b1p3/2B1P3/2PP1N1P/PP1N1PP1/R1BQ1RK1 b - - 0 8,8,30,39,0,1,1,Opening,8,8,2,2,2,2,2,2,1,1,1,1,2,0,0,0,0,0,0,1,1,0.24,Be6,c8e6,h6,h7h6,0.29,0.27,1.9999999999999962,False,12,8,saransh12387,YungCassius,1963,2030,0-1
r2q1rk1/1pp2ppp/2npbn2/p1b1p3/2B1P3/2PP1N1P/PP1N1PP1/R1BQ1RK1 w - - 1 9,9,30,30,0,1,1,Opening,8,8,2,2,2,2,2,2,1,1,1,1,2,0,0,0,0,0,0,1,1,0.36,Bxe6,c4e6,Bb5,c4b5,0.32,0.0,32.0,False,12,8,saransh12387,YungCassius,1963,2030,0-1
r2q1rk1/1pp2ppp/2npBn2/p1b1p3/4P3/2PP1N1P/PP1N1PP1/R1BQ1RK1 b - - 0 9,9,29,38,3,1,1,Opening,8,8,2,2,2,1,2,2,1,1,1,0,2,0,0,0,0,0,0,1,1,0.02,fxe6,f7e6,fxe6,f7e6,0.0,0.05,5.0,True,12,8,saransh12387,YungCassius,1963,2030,0-1
r2q1rk1/1pp3pp/2nppn2/p1b1p3/4P3/2PP1N1P/PP1N1PP1/R1BQ1RK1 w - - 0 10,10,28,27,0,1,1,Opening,8,8,2,2,1,1,2,2,1,1,0,0,2,0,1,0,0,0,0,1,2,0.11,Re1,f1e1,a4,a2a4,0.06,0.04,1.9999999999999998,False,12,8,saransh12387,YungCassius,1963,2030,0-1
r2q1rk1/1pp3pp/2nppn2/p1b1p3/4P3/2PP1N1P/PP1N1PP1/R1BQR1K1 b - - 1 10,10,28,39,0,1,1,Opening,8,8,2,2,1,1,2,2,1,1,0,0,2,0,1,0,0,0,0,1,2,0.01,Qe8,d8e8,d5,d6d5,0.05,0.22,17.0,False,12,8,saransh12387,YungCassius,1963,2030,0-1
r3qrk1/1pp3pp/2nppn2/p1b1p3/4P3/2PP1N1P/PP1N1PP1/R1BQR1K1 w - - 2 11,11,28,29,0,1,1,Opening,8,8,2,2,1,1,2,2,1,1,0,0,2,0,1,0,0,0,0,1,2,0.19,Nc4,d2c4,Nb3,d2b3,0.21,-0.09,30.0,False,12,8,saransh12387,YungCassius,1963,2030,0-1
r3qrk1/1pp3pp/2nppn2/p1b1p3/2N1P3/2PP1N1P/PP3PP1/R1BQR1K1 b - - 3 11,11,28,42,0,1,1,Opening,8,8,2,2,1,1,2,2,1,1,0,0,2,0,1,0,0,0,0,1,2,-0.16,b5,b7b5,b5,b7b5,0.01,0.0,1.0,True,12,8,saransh12387,YungCassius,1963,2030,0-1
r3qrk1/2p3pp/2nppn2/ppb1p3/2N1P3/2PP1N1P/PP3PP1/R1BQR1K1 w - - 0 12,12,28,38,0,1,1,Opening,8,8,2,2,1,1,2,2,1,1,0,0,2,0,1,0,0,0,0,1,2,0.0,d4,d3d4,Ne3,c4e3,-0.01,-1.16,114.99999999999999,False,12,8,saransh12387,YungCassius,1963,2030,0-1
r3qrk1/2p3pp/2nppn2/ppb1p3/2NPP3/2P2N1P/PP3PP1/R1BQR1K1 b - - 0 12,12,28,41,0,1,1,Opening,8,8,2,2,1,1,2,2,1,1,0,0,2,0,1,0,0,0,0,1,2,-0.99,bxc4,b5c4,exd4,e5d4,-1.21,0.17,138.0,False,12,8,saransh12387,YungCassius,1963,2030,0-1
r3qrk1/2p3pp/2nppn2/p1b1p3/2pPP3/2P2N1P/PP3PP1/R1BQR1K1 w - - 0 13,13,27,33,-3,1,1,Opening,8,8,1,2,1,1,2,2,1,1,0,0,2,0,2,0,1,0,0,1,3,0.6,dxc5,d4c5,dxc5,d4c5,0.61,0.58,3.0000000000000027,True,12,8,saransh12387,YungCassius,1963,2030,0-1
r3qrk1/2p3pp/2nppn2/p1P1p3/2p1P3/2P2N1P/PP3PP1/R1BQR1K1 b - - 0 13,13,26,34,0,1,1,Opening,8,8,1,2,1,0,2,2,1,1,0,0,2,1,2,0,1,0,0,2,3,0.52,Rd8,a8d8,d5,d6d5,0.55,0.59,3.9999999999999925,False,12,8,saransh12387,YungCassius,1963,2030,0-1
3rqrk1/2p3pp/2nppn2/p1P1p3/2p1P3/2P2N1P/PP3PP1/R1BQR1K1 w - - 1 14,14,26,35,0,1,1,Opening,8,8,1,2,1,0,2,2,1,1,0,0,2,1,2,0,1,0,0,2,3,0.64,cxd6,c5d6,cxd6,c5d6,0.56,0.56,0.0,True,12,8,saransh12387,YungCassius,1963,2030,0-1
3rqrk1/2p3pp/2nPpn2/p3p3/2p1P3/2P2N1P/PP3PP1/R1BQR1K1 b - - 0 14,14,25,29,1,1,1,Opening,8,7,1,2,1,0,2,2,1,1,0,0,2,0,2,0,5,0,0,1,4,0.56,Rxd6,d8d6,cxd6,c7d6,0.57,2.06,149.00000000000003,False,12,8,saransh12387,YungCassius,1963,2030,0-1
4qrk1/2p3pp/2nrpn2/p3p3/2p1P3/2P2N1P/PP3PP1/R1BQR1K1 w - - 0 15,15,24,34,0,1,1,Middlegame,7,7,1,2,1,0,2,2,1,1,0,0,2,0,2,0,5,0,0,2,4,1.91,Qa4,d1a4,Qe2,d1e2,1.77,0.1,167.0,False,12,8,saransh12387,YungCassius,1963,2030,0-1
4qrk1/2p3pp/2nrpn2/p3p3/Q1p1P3/2P2N1P/PP3PP1/R1B1R1K1 b - - 1 15,15,24,34,0,1,1,Middlegame,7,7,1,2,1,0,2,2,1,1,0,0,2,0,2,0,5,0,0,2,4,0.15,Qg6,e8g6,Nd4,c6d4,0.15,2.46,231.0,False,12,8,saransh12387,YungCassius,1963,2030,0-1
5rk1/2p3pp/2nrpnq1/p3p3/Q1p1P3/2P2N1P/PP3PP1/R1B1R1K1 w - - 2 16,16,24,34,0,1,1,Middlegame,7,7,1,2,1,0,2,2,1,1,0,0,2,0,2,0,5,0,0,2,4,2.48,Qxc4,a4c4,Nh4,f3h4,2.35,2.33,2.0000000000000018,False,12,8,saransh12387,YungCassius,1963,2030,0-1
5rk1/2p3pp/2nrpnq1/p3p3/2Q1P3/2P2N1P/PP3PP1/R1B1R1K1 b - - 0 16,16,23,40,1,1,1,Middlegame,7,6,1,2,1,0,2,2,1,1,0,0,2,0,1,0,4,0,0,2,4,2.41,Nh5,f6h5,h6,h7h6,2.33,2.6,27.0,False,12,8,saransh12387,YungCassius,1963,2030,0-1
5rk1/2p3pp/2nrp1q1/p3p2n/2Q1P3/2P2N1P/PP3PP1/R1B1R1K1 w - - 1 17,17,23,39,1,1,1,Middlegame,7,6,1,2,1,0,2,2,1,1,0,0,2,0,1,0,4,0,0,2,4,2.52,b3,b2b3,Kh2,g1h2,2.54,-2.39,493.0,False,12,8,saransh12387,YungCassius,1963,2030,0-1
5rk1/2p3pp/2nrp1q1/p3p2n/2Q1P3/1PP2N1P/P4PP1/R1B1R1K1 b - - 0 17,17,23,40,1,1,1,Middlegame,7,6,1,2,1,0,2,2,1,1,0,0,2,0,1,0,4,0,0,2,4,-2.52,Rxf3,f8f3,Rxf3,f8f3,-2.79,-2.61,18.000000000000014,True,12,8,saransh12387,YungCassius,1963,2030,0-1
6k1/2p3pp/2nrp1q1/p3p2n/2Q1P3/1PP2r1P/P4PP1/R1B1R1K1 w - - 0 18,18,22,33,-2,1,1,Middlegame,7,6,0,2,1,0,2,2,1,1,0,0,2,0,1,0,4,0,0,2,4,-2.57,Ba3,c1a3,Be3,c1e3,-2.88,-5.75,287.0,False,12,8,saransh12387,YungCassius,1963,2030,0-1
6k1/2p3pp/2nrp1q1/p3p2n/2Q1P3/BPP2r1P/P4PP1/R3R1K1 b - - 1 18,18,22,42,-2,1,1,Middlegame,7,6,0,2,1,0,2,2,1,1,0,0,2,0,1,0,4,0,0,2,4,-6.74,Nf4,h5f4,Nf4,h5f4,-7.55,-7.85,29.999999999999982,True,12,8,saransh12387,YungCassius,1963,2030,0-1
6k1/2p3pp/2nrp1q1/p3p3/2Q1Pn2/BPP2r1P/P4PP1/R3R1K1 w - - 2 19,19,22,33,-2,1,1,Middlegame,7,6,0,2,1,0,2,2,1,1,0,0,2,0,1,0,4,0,0,2,4,-7.85,g3,g2g3,Qf1,c4f1,-8.05,-10000.0,999195.0000000001,False,12,8,saransh12387,YungCassius,1963,2030,0-1
6k1/2p3pp/2nrp1q1/p3p3/2Q1Pn2/BPP2rPP/P4P2/R3R1K1 b - - 0 19,19,22,40,-2,1,1,Middlegame,7,6,0,2,1,0,2,2,1,1,0,0,2,0,1,0,4,0,0,2,4,-10000.0,Rxg3+,f3g3,Nxh3+,f4h3,-10000.0,-10000.0,0.0,False,12,8,saransh12387,YungCassius,1963,2030,0-1
rnbqkbnr/pppppppp/8/8/8/8/PPPPPPPP/RNBQKBNR w KQkq - 0 1,1,30,20,0,0,0,Opening,8,8,2,2,2,2,2,2,1,1,1,1,2,0,0,0,0,0,0,1,1,0.41,e4,e2e4,e4,e2e4,0.38,0.38,0.0,True,12,9,saransh12387,JaredEBatiz,1960,929,1-0
rnbqkbnr/pppppppp/8/8/4P3/8/PPPP1PPP/RNBQKBNR b KQkq - 0 1,1,30,20,0,0,0,Opening,8,8,2,2,2,2,2,2,1,1,1,1,2,0,0,0,0,0,0,1,1,0.37,c6,c7c6,e5,e7e5,0.38,0.49,10.999999999999998,False,12,9,saransh12387,JaredEBatiz,1960,929,1-0
rnbqkbnr/pp1ppppp/2p5/8/4P3/8/PPPP1PPP/RNBQKBNR w KQkq - 0 2,2,30,30,0,0,0,Opening,8,8,2,2,2,2,2,2,1,1,1,1,2,0,0,0,0,0,0,1,1,0.49,Nf3,g1f3,c4,c2c4,0.52,0.36,16.000000000000004,False,12,9,saransh12387,JaredEBatiz,1960,929,1-0
rnbqkbnr/pp1ppppp/2p5/8/4P3/5N2/PPPP1PPP/RNBQKB1R b KQkq - 1 2,2,30,21,0,0,0,Opening,8,8,2,2,2,2,2,2,1,1,1,1,2,0,0,0,0,0,0,1,1,0.36,d5,d7d5,d5,d7d5,0.27,0.29,1.9999999999999962,True,12,9,saransh12387,JaredEBatiz,1960,929,1-0
rnbqkbnr/pp2pppp/2p5/3p4/4P3/5N2/PPPP1PPP/RNBQKB1R w KQkq - 0 3,3,30,29,0,0,0,Opening,8,8,2,2,2,2,2,2,1,1,1,1,2,0,0,0,0,0,0,1,1,0.39,Nc3,b1c3,exd5,e4d5,0.39,0.24,15.000000000000002,False,12,9,saransh12387,JaredEBatiz,1960,929,1-0
rnbqkbnr/pp2pppp/2p5/3p4/4P3/2N2N2/PPPP1PPP/R1BQKB1R b KQkq - 1 3,3,30,30,0,0,0,Opening,8,8,2,2,2,2,2,2,1,1,1,1,2,0,0,0,0,0,0,1,1,0.24,dxe4,d5e4,dxe4,d5e4,0.35,0.35,0.0,True,12,9,saransh12387,JaredEBatiz,1960,929,1-0
rnbqkbnr/pp2pppp/2p5/8/4p3/2N2N2/PPPP1PPP/R1BQKB1R w KQkq - 0 4,4,29,30,-1,0,0,Opening,7,8,2,2,2,2,2,2,1,1,1,1,2,0,1,0,0,0,0,2,2,0.35,Nxe4,c3e4,Nxe4,c3e4,0.33,0.34,1.0000000000000009,True,12,9,saransh12387,JaredEBatiz,1960,929,1-0
rnbqkbnr/pp2pppp/2p5/8/4N3/5N2/PPPP1PPP/R1BQKB1R b KQkq - 0 4,4,28,32,0,0,0,Opening,7,7,2,2,2,2,2,2,1,1,1,1,2,0,0,0,0,0,0,2,2,0.31,Nf6,g8f6,Nf6,g8f6,0.35,0.35,0.0,True,12,9,saransh12387,JaredEBatiz,1960,929,1-0
rnbqkb1r/pp2pppp/2p2n2/8/4N3/5N2/PPPP1PPP/R1BQKB1R w KQkq - 1 5,5,28,32,0,0,0,Opening,7,7,2,2,2,2,2,2,1,1,1,1,2,0,0,0,0,0,0,2,2,0.38,Qe2,d1e2,Nxf6+,e4f6,0.4,0.43,2.9999999999999973,False,12,9,saransh12387,JaredEBatiz,1960,929,1-0
rnbqkb1r/pp2pppp/2p2n2/8/4N3/5N2/PPPPQPPP/R1B1KB1R b KQkq - 2 5,5,28,35,0,0,0,Opening,7,7,2,2,2,2,2,2,1,1,1,1,2,0,0,0,0,0,0,2,2,0.51,Bf5,c8f5,Nxe4,f6e4,0.48,0.46,1.9999999999999962,False,12,9,saransh12387,JaredEBatiz,1960,929,1-0
rn1qkb1r/pp2pppp/2p2n2/5b2/4N3/5N2/PPPPQPPP/R1B1KB1R w KQkq - 3 6,6,28,32,0,0,0,Opening,7,7,2,2,2,2,2,2,1,1,1,1,2,0,0,0,0,0,0,2,2,0.51,Nxf6+,e4f6,Nxf6+,e4f6,0.36,0.4,4.0000000000000036,True,12,9,saransh12387,JaredEBatiz,1960,929,1-0
rn1qkb1r/pp2pppp/2p2N2/5b2/8/5N2/PPPPQPPP/R1B1KB1R b KQkq - 0 6,6,27,1,3,0,0,Opening,7,7,2,1,2,2,2,2,1,1,1,1,2,0,0,0,0,0,0,2,2,0.44,gxf6,g7f6,gxf6,g7f6,0.43,0.4,2.9999999999999973,True,12,9,saransh12387,JaredEBatiz,1960,929,1-0
rn1qkb1r/pp2pp1p/2p2p2/5b2/8/5N2/PPPPQPPP/R1B1KB1R w KQkq - 0 7,7,26,30,0,0,0,Opening,7,7,1,1,2,2,2,2,1,1,1,1,2,0,1,0,1,0,0,2,3,0.4,d4,d2d4,d3,d2d3,0.42,0.24,18.0,False,12,9,saransh12387,JaredEBatiz,1960,929,1-0
rn1qkb1r/pp2pp1p/2p2p2/5b2/3P4/5N2/PPP1QPPP/R1B1KB1R b KQkq - 0 7,7,26,32,0,0,0,Opening,7,7,1,1,2,2,2,2,1,1,1,1,2,0,1,0,1,0,0,2,3,0.37,e6,e7e6,Qd5,d8d5,0.41,0.64,23.000000000000004,False,12,9,saransh12387,JaredEBatiz,1960,929,1-0
rn1qkb1r/pp3p1p/2p1pp2/5b2/3P4/5N2/PPP1QPPP/R1B1KB1R w KQkq - 0 8,8,26,35,0,0,0,Opening,7,7,1,1,2,2,2,2,1,1,1,1,2,0,1,0,1,0,0,2,3,0.56,Qc4,e2c4,g3,g2g3,0.6,0.21,39.0,False,12,9,saransh12387,JaredEBatiz,1960,929,1-0
rn1qkb1r/pp3p1p/2p1pp2/5b2/2QP4/5N2/PPP2PPP/R1B1KB1R b KQkq - 1 8,8,26,35,0,0,0,Opening,7,7,1,1,2,2,2,2,1,1,1,1,2,0,1,0,1,0,0,2,3,0.18,Nd7,b8d7,a5,a7a5,0.18,0.13,4.999999999999999,False,12,9,saransh12387,JaredEBatiz,1960,929,1-0
r2qkb1r/pp1n1p1p/2p1pp2/5b2/2QP4/5N2/PPP2PPP/R1B1KB1R w KQkq - 2 9,9,26,39,0,0,0,Opening,7,7,1,1,2,2,2,2,1,1,1,1,2,0,1,0,1,0,0,2,3,0.12,Bf4,c1f4,Qe2,c4e2,0.12,-0.38,50.0,False,12,9,saransh12387,JaredEBatiz,1960,929,1-0
r2qkb1r/pp1n1p1p/2p1pp2/5b2/2QP1B2/5N2/PPP2PPP/R3KB1R b KQkq - 3 9,9,26,35,0,0,0,Opening,7,7,1,1,2,2,2,2,1,1,1,1,2,0,1,0,1,0,0,2,3,-0.36,Bg4,f5g4,Nb6,d7b6,-0.41,0.23,64.0,False,12,9,saransh12387,JaredEBatiz,1960,929,1-0
r2qkb1r/pp1n1p1p/2p1pp2/8/2QP1Bb1/5N2/PPP2PPP/R3KB1R w KQkq - 4 10,10,26,46,0,0,0,Opening,7,7,1,1,2,2,2,2,1,1,1,1,2,0,1,0,1,0,0,2,3,0.22,Qb3,c4b3,Qb3,c4b3,0.16,0.15,1.0000000000000009,True,12,9,saransh12387,JaredEBatiz,1960,929,1-0
r2qkb1r/pp1n1p1p/2p1pp2/8/3P1Bb1/1Q3N2/PPP2PPP/R3KB1R b KQkq - 5 10,10,26,34,0,0,0,Opening,7,7,1,1,2,2,2,2,1,1,1,1,2,0,1,0,1,0,0,2,3,0.12,f5,f6f5,Nb6,d7b6,0.05,2.05,199.99999999999997,False,12,9,saransh12387,JaredEBatiz,1960,929,1-0
r2qkb1r/pp1n1p1p/2p1p3/5p2/3P1Bb1/1Q3N2/PPP2PPP/R3KB1R w KQkq - 0 11,11,26,48,0,0,0,Opening,7,7,1,1,2,2,2,2,1,1,1,1,2,0,1,0,1,0,0,2,3,2.12,h3,h2h3,Qxb7,b3b7,2.15,0.43,172.0,False,12,9,saransh12387,JaredEBatiz,1960,929,1-0
r2qkb1r/pp1n1p1p/2p1p3/5p2/3P1Bb1/1Q3N1P/PPP2PP1/R3KB1R b KQkq - 0 11,11,26,37,0,0,0,Opening,7,7,1,1,2,2,2,2,1,1,1,1,2,0,1,0,1,0,0,2,3,0.44,Bxf3,g4f3,Bxf3,g4f3,0.37,0.44,7.000000000000001,True,12,9,saransh12387,JaredEBatiz,1960,929,1-0
r2qkb1r/pp1n1p1p/2p1p3/5p2/3P1B2/1Q3b1P/PPP2PP1/R3KB1R w KQkq - 0 12,12,25,44,-3,0,0,Opening,7,7,0,1,2,2,2,2,1,1,1,1,2,0,1,0,1,0,0,2,3,0.37,Qxf3,b3f3,Qxf3,b3f3,0.4,0.34,6.0,True,12,9,saransh12387,JaredEBatiz,1960,929,1-0
r2qkb1r/pp1n1p1p/2p1p3/5p2/3P1B2/5Q1P/PPP2PP1/R3KB1R b KQkq - 0 12,12,24,34,0,0,0,Middlegame,7,7,0,1,2,1,2,2,1,1,1,0,2,0,1,0,1,0,0,2,3,0.34,Nf6,d7f6,Nf6,d7f6,0.4,0.42,1.9999999999999962,True,12,9,saransh12387,JaredEBatiz,1960,929,1-0
r2qkb1r/pp3p1p/2p1pn2/5p2/3P1B2/5Q1P/PPP2PP1/R3KB1R w KQkq - 1 13,13,24,48,0,0,0,Middlegame,7,7,0,1,2,1,2,2,1,1,1,0,2,0,1,0,1,0,0,2,3,0.36,O-O-O,e1c1,O-O-O,e1c1,0.33,0.09,24.000000000000004,True,12,9,saransh12387,JaredEBatiz,1960,929,1-0
r2qkb1r/pp3p1p/2p1pn2/5p2/3P1B2/5Q1P/PPP2PP1/2KR1B1R b kq - 2 13,13,24,36,0,1,0,Middlegame,7,7,0,1,2,1,2,2,1,1,1,0,2,0,1,0,1,0,0,2,3,0.05,Bd6,f8d6,Qd5,d8d5,-0.12,0.86,98.0,False,12,9,saransh12387,JaredEBatiz,1960,929,1-0
r2qk2r/pp3p1p/2pbpn2/5p2/3P1B2/5Q1P/PPP2PP1/2KR1B1R w kq - 3 14,14,24,42,0,1,0,Middlegame,7,7,0,1,2,1,2,2,1,1,1,0,2,0,1,0,1,0,0,2,3,0.9,Bc4,f1c4,Be3,f4e3,0.92,0.34,58.00000000000001,False,12,9,saransh12387,JaredEBatiz,1960,929,1-0
r2qk2r/pp3p1p/2pbpn2/5p2/2BP1B2/5Q1P/PPP2PP1/2KR3R b kq - 4 14,14,24,38,0,1,0,Middlegame,7,7,0,1,2,1,2,2,1,1,1,0,2,0,1,0,1,0,0,2,3,0.3,Ne4,f6e4,Bxf4+,d6f4,0.44,0.97,53.0,False,12,9,saransh12387,JaredEBatiz,1960,929,1-0
r2qk2r/pp3p1p/2pbp3/5p2/2BPnB2/5Q1P/PPP2PP1/2KR3R w kq - 5 15,15,24,45,0,1,0,Middlegame,7,7,0,1,2,1,2,2,1,1,1,0,2,0,1,0,1,0,0,2,3,0.96,Rhe1,h1e1,Be3,f4e3,1.12,0.76,36.00000000000001,False,12,9,saransh12387,JaredEBatiz,1960,929,1-0
r2qk2r/pp3p1p/2pbp3/5p2/2BPnB2/5Q1P/PPP2PP1/2KRR3 b kq - 6 15,15,24,43,0,1,0,Middlegame,7,7,0,1,2,1,2,2,1,1,1,0,2,0,1,0,1,0,0,2,3,0.9,Qc7,d8c7,Qh4,d8h4,0.89,1.2,30.999999999999993,False,12,9,saransh12387,JaredEBatiz,1960,929,1-0
r3k2r/ppq2p1p/2pbp3/5p2/2BPnB2/5Q1P/PPP2PP1/2KRR3 w kq - 7 16,16,24,44,0,1,0,Middlegame,7,7,0,1,2,1,2,2,1,1,1,0,2,0,1,0,1,0,0,2,3,1.25,Bxd6,f4d6,Be3,f4e3,1.42,0.58,84.0,False,12,9,saransh12387,JaredEBatiz,1960,929,1-0
r3k2r/ppq2p1p/2pBp3/5p2/2BPn3/5Q1P/PPP2PP1/2KRR3 b kq - 0 16,16,23,34,3,1,0,Middlegame,7,7,0,1,2,0,2,2,1,1,1,0,2,0,1,0,1,0,0,2,3,0.51,Qxd6,c7d6,Nxd6,e4d6,0.53,1.92,139.0,False,12,9,saransh12387,JaredEBatiz,1960,929,1-0
r3k2r/pp3p1p/2pqp3/5p2/2BPn3/5Q1P/PPP2PP1/2KRR3 w kq - 0 17,17,22,38,0,1,0,Middlegame,7,7,0,1,1,0,2,2,1,1,0,0,2,0,1,0,1,0,0,2,3,2.01,d5,d4d5,g4,g2g4,2.1,-0.01,211.0,False,12,9,saransh12387,JaredEBatiz,1960,929,1-0
r3k2r/pp3p1p/2pqp3/3P1p2/2B1n3/5Q1P/PPP2PP1/2KRR3 b kq - 0 17,17,22,44,0,1,0,Middlegame,7,7,0,1,1,0,2,2,1,1,0,0,2,0,1,0,1,0,0,2,3,-0.17,Qc5,d6c5,cxd5,c6d5,-0.11,4.67,478.0,False,12,9,saransh12387,JaredEBatiz,1960,929,1-0
r3k2r/pp3p1p/2p1p3/2qP1p2/2B1n3/5Q1P/PPP2PP1/2KRR3 w kq - 1 18,18,22,39,0,1,0,Middlegame,7,7,0,1,1,0,2,2,1,1,0,0,2,0,1,0,1,0,0,2,3,4.47,Bb3,c4b3,dxe6,d5e6,4.63,1.7,293.0,False,12,9,saransh12387,JaredEBatiz,1960,929,1-0
r3k2r/pp3p1p/2p1p3/2qP1p2/4n3/1B3Q1P/PPP2PP1/2KRR3 b kq - 2 18,18,22,44,0,1,0,Middlegame,7,7,0,1,1,0,2,2,1,1,0,0,2,0,1,0,1,0,0,2,3,2.18,O-O-O,e8c8,cxd5,c6d5,2.21,2.34,12.99999999999999,False,12,9,saransh12387,JaredEBatiz,1960,929,1-0
2kr3r/pp3p1p/2p1p3/2qP1p2/4n3/1B3Q1P/PPP2PP1/2KRR3 w - - 3 19,19,22,32,0,1,1,Middlegame,7,7,0,1,1,0,2,2,1,1,0,0,2,0,1,0,1,0,0,2,3,2.54,dxc6,d5c6,dxe6,d5e6,2.62,-0.4,302.0,False,12,9,saransh12387,JaredEBatiz,1960,929,1-0
2kr3r/pp3p1p/2P1p3/2q2p2/4n3/1B3Q1P/PPP2PP1/2KRR3 b - - 0 19,19,21,49,1,1,1,Middlegame,7,6,0,1,1,0,2,2,1,1,0,0,2,1,1,0,1,0,0,2,3,-0.12,Kb8,c8b8,bxc6,b7c6,-0.12,2.3,242.0,False,12,9,saransh12387,JaredEBatiz,1960,929,1-0
1k1r3r/pp3p1p/2P1p3/2q2p2/4n3/1B3Q1P/PPP2PP1/2KRR3 w - - 1 20,20,21,37,1,1,0,Middlegame,7,6,0,1,1,0,2,2,1,1,0,0,2,1,1,0,1,0,0,2,3,2.31,cxb7,c6b7,Qf4+,f3f4,2.31,0.49,182.0,False,12,9,saransh12387,JaredEBatiz,1960,929,1-0
1k1r3r/pP3p1p/4p3/2q2p2/4n3/1B3Q1P/PPP2PP1/2KRR3 b - - 0 20,20,20,49,2,1,0,Middlegame,7,5,0,1,1,0,2,2,1,1,0,0,2,1,1,0,2,2,0,2,3,0.48,Nxf2,e4f2,Qxf2,c5f2,0.42,0.12,30.0,False,12,9,saransh12387,JaredEBatiz,1960,929,1-0
1k1r3r/pP3p1p/4p3/2q2p2/8/1B3Q1P/PPP2nP1/2KRR3 w - - 0 21,21,19,40,1,1,0,Middlegame,6,5,0,1,1,0,2,2,1,1,0,0,2,1,1,0,2,2,1,2,3,0.04,Qg3+,f3g3,Rxd8+,d1d8,0.0,-0.18,18.0,False,12,9,saransh12387,JaredEBatiz,1960,929,1-0
1k1r3r/pP3p1p/4p3/2q2p2/8/1B4QP/PPP2nP1/2KRR3 b - - 1 21,21,19,7,1,1,0,Middlegame,6,5,0,1,1,0,2,2,1,1,0,0,2,1,1,0,2,2,1,2,3,-0.28,Kxb7,b8b7,Kxb7,b8b7,-0.2,-0.23,3.0,True,12,9,saransh12387,JaredEBatiz,1960,929,1-0
3r3r/pk3p1p/4p3/2q2p2/8/1B4QP/PPP2nP1/2KRR3 w - - 0 22,22,18,42,0,1,0,Middlegame,5,5,0,1,1,0,2,2,1,1,0,0,2,0,1,0,2,1,1,2,3,-0.15,Rxd8,d1d8,Rxd8,d1d8,-0.16,-0.08,8.0,True,12,9,saransh12387,JaredEBatiz,1960,929,1-0
3R3r/pk3p1p/4p3/2q2p2/8/1B4QP/PPP2nP1/2K1R3 b - - 0 22,22,17,38,5,1,0,Middlegame,5,5,0,1,1,0,2,1,1,1,0,0,2,0,1,0,2,1,1,2,3,-0.16,Rxd8,h8d8,Rxd8,h8d8,-0.08,-0.08,0.0,True,12,9,saransh12387,JaredEBatiz,1960,929,1-0
3r4/pk3p1p/4p3/2q2p2/8/1B4QP/PPP2nP1/2K1R3 w - - 0 23,23,16,36,0,1,0,Middlegame,5,5,0,1,1,0,1,1,1,1,0,0,2,0,1,0,2,1,1,2,3,-0.06,Qg7,g3g7,Qf3+,g3f3,-0.11,-10000.0,999989.0,False,12,9,saransh12387,JaredEBatiz,1960,929,1-0
3r4/pk3pQp/4p3/2q2p2/8/1B5P/PPP2nP1/2K1R3 b - - 1 23,23,16,51,0,1,0,Middlegame,5,5,0,1,1,0,1,1,1,1,0,0,2,0,1,0,2,1,1,2,3,-10000.0,Nd3+,f2d3,Qe3+,c5e3,-10000.0,-4.18,999582.0,False,12,9,saransh12387,JaredEBatiz,1960,929,1-0
3r4/pk3pQp/4p3/2q2p2/8/1B1n3P/PPP3P1/2K1R3 w - - 2 24,24,16,3,0,1,0,Middlegame,5,5,0,1,1,0,1,1,1,1,0,0,2,0,1,0,2,1,1,2,3,-4.39,Kb1,c1b1,Kb1,c1b1,-4.31,-4.44,13.000000000000078,True,12,9,saransh12387,JaredEBatiz,1960,929,1-0
3r4/pk3pQp/4p3/2q2p2/8/1B1n3P/PPP3P1/1K2R3 b - - 3 24,24,16,51,0,0,0,Middlegame,5,5,0,1,1,0,1,1,1,1,0,0,2,0,1,0,2,1,1,2,3,-4.57,Nxe1,d3e1,Nxe1,d3e1,-4.28,-4.42,13.999999999999968,True,12,9,saransh12387,JaredEBatiz,1960,929,1-0
3r4/pk3pQp/4p3/2q2p2/8/1B5P/PPP3P1/1K2n3 w - - 0 25,25,15,27,-5,0,0,Middlegame,5,5,0,1,1,0,0,1,1,1,0,0,2,0,1,0,2,1,1,2,3,-4.44,Qxf7+,g7f7,a3,a2a3,-4.84,-5.1,25.99999999999998,False,12,9,saransh12387,JaredEBatiz,1960,929,1-0
3r4/pk3Q1p/4p3/2q2p2/8/1B5P/PPP3P1/1K2n3 b - - 0 25,25,14,9,-4,0,0,Middlegame,5,4,0,1,1,0,0,1,1,1,0,0,2,0,0,0,2,1,1,2,3,-5.17,Ka8,b7a8,Qc7,c5c7,-5.3,-3.02,227.99999999999997,False,12,9,saransh12387,JaredEBatiz,1960,929,1-0
k2r4/p4Q1p/4p3/2q2p2/8/1B5P/PPP3P1/1K2n3 w - - 1 26,26,14,28,-4,0,0,Middlegame,5,4,0,1,1,0,0,1,1,1,0,0,2,0,0,0,2,1,1,2,3,-2.91,a3,a2a3,a3,a2a3,-3.27,-3.44,16.999999999999993,True,12,9,saransh12387,JaredEBatiz,1960,929,1-0
k2r4/p4Q1p/4p3/2q2p2/8/PB5P/1PP3P1/1K2n3 b - - 0 26,26,14,44,-4,0,0,Middlegame,5,4,0,1,1,0,0,1,1,1,0,0,2,0,0,0,2,1,1,2,3,-3.6,Qc8,c5c8,Nxg2,e1g2,-3.78,-3.2,57.999999999999964,False,12,9,saransh12387,JaredEBatiz,1960,929,1-0
k1qr4/p4Q1p/4p3/5p2/8/PB5P/1PP3P1/1K2n3 w - - 1 27,27,14,29,-4,0,0,Middlegame,5,4,0,1,1,0,0,1,1,1,0,0,2,0,0,0,2,1,1,2,3,-2.99,Qxh7,f7h7,Bxe6,b3e6,-3.29,-5.2,191.0,False,12,9,saransh12387,JaredEBatiz,1960,929,1-0
k1qr4/p6Q/4p3/5p2/8/PB5P/1PP3P1/1K2n3 b - - 0 27,27,13,30,-3,0,0,Middlegame,5,3,0,1,1,0,0,1,1,1,0,0,2,0,0,0,1,2,1,2,2,-4.19,Rd2,d8d2,Rd1+,d8d1,-4.85,-3.09,175.99999999999997,False,12,9,saransh12387,JaredEBatiz,1960,929,1-0
k1q5/p6Q/4p3/5p2/8/PB5P/1PPr2P1/1K2n3 w - - 1 28,28,13,28,-3,0,0,Middlegame,5,3,0,1,1,0,0,1,1,1,0,0,2,0,0,0,1,2,1,2,2,-2.81,Qh4,h7h4,c3,c2c3,-3.15,-3.73,58.00000000000001,False,12,9,saransh12387,JaredEBatiz,1960,929,1-0
k1q5/p7/4p3/5p2/7Q/PB5P/1PPr2P1/1K2n3 b - - 2 28,28,13,36,-3,0,0,Middlegame,5,3,0,1,1,0,0,1,1,1,0,0,2,0,0,0,1,2,1,2,2,-4.38,Nxc2,e1c2,Rd1+,d2d1,-5.47,-4.69,77.99999999999994,False,12,9,saransh12387,JaredEBatiz,1960,929,1-0
k1q5/p7/4p3/5p2/7Q/PB5P/1Pnr2P1/1K6 w - - 0 29,29,12,29,-4,0,0,Middlegame,4,3,0,1,1,0,0,1,1,1,0,0,2,0,0,0,1,1,1,2,2,-4.72,Qg3,h4g3,Qh5,h4h5,-4.71,-10000.0,999529.0000000001,False,12,9,saransh12387,JaredEBatiz,1960,929,1-0
k1q5/p7/4p3/5p2/8/PB4QP/1Pnr2P1/1K6 b - - 1 29,29,12,35,-4,0,0,Middlegame,4,3,0,1,1,0,0,1,1,1,0,0,2,0,0,0,1,1,1,2,2,-10000.0,Rd1+,d2d1,Rd1+,d2d1,-10000.0,-10000.0,0.0,True,12,9,saransh12387,JaredEBatiz,1960,929,1-0
k1q5/p7/4p3/5p2/8/PB4QP/1Pn3P1/1K1r4 w - - 2 30,30,12,1,-4,0,0,Middlegame,4,3,0,1,1,0,0,1,1,1,0,0,2,0,0,0,1,1,1,2,2,-10000.0,Ka2,b1a2,Ka2,b1a2,-10000.0,-10000.0,0.0,True,12,9,saransh12387,JaredEBatiz,1960,929,1-0
rnbqkbnr/pppppppp/8/8/8/8/PPPPPPPP/RNBQKBNR w KQkq - 0 1,1,30,20,0,0,0,Opening,8,8,2,2,2,2,2,2,1,1,1,1,2,0,0,0,0,0,0,1,1,0.37,e4,e2e4,e4,e2e4,0.35,0.37,2.0000000000000018,True,12,10,saransh12387,JaredEBatiz,1960,929,1-0
rnbqkbnr/pppppppp/8/8/4P3/8/PPPP1PPP/RNBQKBNR b KQkq - 0 1,1,30,20,0,0,0,Opening,8,8,2,2,2,2,2,2,1,1,1,1,2,0,0,0,0,0,0,1,1,0.38,c6,c7c6,e5,e7e5,0.37,0.72,35.0,False,12,10,saransh12387,JaredEBatiz,1960,929,1-0
rnbqkbnr/pp1ppppp/2p5/8/4P3/8/PPPP1PPP/RNBQKBNR w KQkq - 0 2,2,30,30,0,0,0,Opening,8,8,2,2,2,2,2,2,1,1,1,1,2,0,0,0,0,0,0,1,1,0.53,Nf3,g1f3,c4,c2c4,0.44,0.34,9.999999999999998,False,12,10,saransh12387,JaredEBatiz,1960,929,1-0
rnbqkbnr/pp1ppppp/2p5/8/4P3/5N2/PPPP1PPP/RNBQKB1R b KQkq - 1 2,2,30,21,0,0,0,Opening,8,8,2,2,2,2,2,2,1,1,1,1,2,0,0,0,0,0,0,1,1,0.38,d5,d7d5,d5,d7d5,0.32,0.29,3.0000000000000027,True,12,10,saransh12387,JaredEBatiz,1960,929,1-0
rnbqkbnr/pp2pppp/2p5/3p4/4P3/5N2/PPPP1PPP/RNBQKB1R w KQkq - 0 3,3,30,29,0,0,0,Opening,8,8,2,2,2,2,2,2,1,1,1,1,2,0,0,0,0,0,0,1,1,0.34,e5,e4e5,exd5,e4d5,0.33,0.26,7.000000000000001,False,12,10,saransh12387,JaredEBatiz,1960,929,1-0
rnbqkbnr/pp2pppp/2p5/3pP3/8/5N2/PPPP1PPP/RNBQKB1R b KQkq - 0 3,3,30,28,0,0,0,Opening,8,8,2,2,2,2,2,2,1,1,1,1,2,0,0,0,0,0,0,1,1,0.23,Bf5,c8f5,Bg4,c8g4,0.25,0.47,21.999999999999996,False,12,10,saransh12387,JaredEBatiz,1960,929,1-0
rn1qkbnr/pp2pppp/2p5/3pPb2/8/5N2/PPPP1PPP/RNBQKB1R w KQkq - 1 4,4,30,27,0,0,0,Opening,8,8,2,2,2,2,2,2,1,1,1,1,2,0,0,0,0,0,0,1,1,0.46,d4,d2d4,Be2,f1e2,0.49,0.52,3.0000000000000027,False,12,10,saransh12387,JaredEBatiz,1960,929,1-0
rn1qkbnr/pp2pppp/2p5/3pPb2/3P4/5N2/PPP2PPP/RNBQKB1R b KQkq - 0 4,4,30,31,0,0,0,Opening,8,8,2,2,2,2,2,2,1,1,1,1,2,0,0,0,0,0,0,1,1,0.5,e6,e7e6,e6,e7e6,0.52,0.48,4.0000000000000036,True,12,10,saransh12387,JaredEBatiz,1960,929,1-0
rn1qkbnr/pp3ppp/2p1p3/3pPb2/3P4/5N2/PPP2PPP/RNBQKB1R w KQkq - 0 5,5,30,33,0,0,0,Opening,8,8,2,2,2,2,2,2,1,1,1,1,2,0,0,0,0,0,0,1,1,0.45,c3,c2c3,Be2,f1e2,0.44,0.44,0.0,False,12,10,saransh12387,JaredEBatiz,1960,929,1-0
rn1qkbnr/pp3ppp/2p1p3/3pPb2/3P4/2P2N2/PP3PPP/RNBQKB1R b KQkq - 0 5,5,30,39,0,0,0,Opening,8,8,2,2,2,2,2,2,1,1,1,1,2,0,0,0,0,0,0,1,1,0.44,c5,c6c5,c5,c6c5,0.32,0.34,2.0000000000000018,True,12,10,saransh12387,JaredEBatiz,1960,929,1-0
rn1qkbnr/pp3ppp/4p3/2ppPb2/3P4/2P2N2/PP3PPP/RNBQKB1R w KQkq - 0 6,6,30,35,0,0,0,Opening,8,8,2,2,2,2,2,2,1,1,1,1,2,0,0,0,0,0,0,1,1,0.32,Bd3,f1d3,Be2,f1e2,0.29,0.24,4.999999999999999,False,12,10,saransh12387,JaredEBatiz,1960,929,1-0
rn1qkbnr/pp3ppp/4p3/2ppPb2/3P4/2PB1N2/PP3PPP/RNBQK2R b KQkq - 1 6,6,30,36,0,0,0,Opening,8,8,2,2,2,2,2,2,1,1,1,1,2,0,0,0,0,0,0,1,1,0.11,Bxd3,f5d3,Bxd3,f5d3,0.18,0.18,0.0,True,12,10,saransh12387,JaredEBatiz,1960,929,1-0
rn1qkbnr/pp3ppp/4p3/2ppP3/3P4/2Pb1N2/PP3PPP/RNBQK2R w KQkq - 0 7,7,29,30,-3,0,0,Opening,8,8,2,2,1,2,2,2,1,1,0,1,2,0,0,0,0,0,0,1,1,0.23,Qxd3,d1d3,Qxd3,d1d3,0.23,0.26,3.0,True,12,10,saransh12387,JaredEBatiz,1960,929,1-0
rn1qkbnr/pp3ppp/4p3/2ppP3/3P4/2PQ1N2/PP3PPP/RNB1K2R b KQkq - 0 7,7,28,32,0,0,0,Opening,8,8,2,2,1,1,2,2,1,1,0,0,2,0,0,0,0,0,0,1,1,0.17,cxd4,c5d4,Nc6,b8c6,0.16,0.52,36.0,False,12,10,saransh12387,JaredEBatiz,1960,929,1-0
rn1qkbnr/pp3ppp/4p3/3pP3/3p4/2PQ1N2/PP3PPP/RNB1K2R w KQkq - 0 8,8,27,43,-1,0,0,Opening,7,8,2,2,1,1,2,2,1,1,0,0,2,0,1,0,0,0,0,2,2,0.5,cxd4,c3d4,cxd4,c3d4,0.44,0.45,1.0000000000000009,True,12,10,saransh12387,JaredEBatiz,1960,929,1-0
rn1qkbnr/pp3ppp/4p3/3pP3/3P4/3Q1N2/PP3PPP/RNB1K2R b KQkq - 0 8,8,26,33,0,0,0,Opening,7,7,2,2,1,1,2,2,1,1,0,0,2,0,0,0,0,0,0,2,2,0.41,Nc6,b8c6,Ne7,g8e7,0.43,0.48,4.999999999999999,False,12,10,saransh12387,JaredEBatiz,1960,929,1-0
r2qkbnr/pp3ppp/2n1p3/3pP3/3P4/3Q1N2/PP3PPP/RNB1K2R w KQkq - 1 9,9,26,43,0,0,0,Opening,7,7,2,2,1,1,2,2,1,1,0,0,2,0,0,0,0,0,0,2,2,0.45,O-O,e1g1,Nc3,b1c3,0.47,0.46,0.9999999999999953,False,12,10,saransh12387,JaredEBatiz,1960,929,1-0
r2qkbnr/pp3ppp/2n1p3/3pP3/3P4/3Q1N2/PP3PPP/RNB2RK1 b kq - 2 9,9,26,39,0,1,0,Opening,7,7,2,2,1,1,2,2,1,1,0,0,2,0,0,0,0,0,0,2,2,0.47,Nge7,g8e7,Nge7,g8e7,0.44,0.48,3.9999999999999982,True,12,10,saransh12387,JaredEBatiz,1960,929,1-0
r2qkb1r/pp2nppp/2n1p3/3pP3/3P4/3Q1N2/PP3PPP/RNB2RK1 w kq - 3 10,10,26,38,0,1,0,Opening,7,7,2,2,1,1,2,2,1,1,0,0,2,0,0,0,0,0,0,2,2,0.5,Nc3,b1c3,Nc3,b1c3,0.45,0.45,0.0,True,12,10,saransh12387,JaredEBatiz,1960,929,1-0
r2qkb1r/pp2nppp/2n1p3/3pP3/3P4/2NQ1N2/PP3PPP/R1B2RK1 b kq - 4 10,10,26,30,0,1,0,Opening,7,7,2,2,1,1,2,2,1,1,0,0,2,0,0,0,0,0,0,2,2,0.45,a6,a7a6,Nf5,e7f5,0.46,0.56,10.000000000000004,False,12,10,saransh12387,JaredEBatiz,1960,929,1-0
r2qkb1r/1p2nppp/p1n1p3/3pP3/3P4/2NQ1N2/PP3PPP/R1B2RK1 w kq - 0 11,11,26,41,0,1,0,Opening,7,7,2,2,1,1,2,2,1,1,0,0,2,0,0,0,0,0,0,2,2,0.56,Bg5,c1g5,Bd2,c1d2,0.59,0.31,27.999999999999996,False,12,10,saransh12387,JaredEBatiz,1960,929,1-0
r2qkb1r/1p2nppp/p1n1p3/3pP1B1/3P4/2NQ1N2/PP3PPP/R4RK1 b kq - 1 11,11,26,30,0,1,0,Opening,7,7,2,2,1,1,2,2,1,1,0,0,2,0,0,0,0,0,0,2,2,0.38,h6,h7h6,h6,h7h6,0.37,0.44,7.000000000000001,True,12,10,saransh12387,JaredEBatiz,1960,929,1-0
r2qkb1r/1p2npp1/p1n1p2p/3pP1B1/3P4/2NQ1N2/PP3PPP/R4RK1 w kq - 0 12,12,26,48,0,1,0,Opening,7,7,2,2,1,1,2,2,1,1,0,0,2,0,0,0,0,0,0,2,2,0.45,Bh4,g5h4,Bd2,g5d2,0.37,-1.42,179.0,False,12,10,saransh12387,JaredEBatiz,1960,929,1-0
r2qkb1r/1p2npp1/p1n1p2p/3pP3/3P3B/2NQ1N2/PP3PPP/R4RK1 b kq - 1 12,12,26,31,0,1,0,Opening,7,7,2,2,1,1,2,2,1,1,0,0,2,0,0,0,0,0,0,2,2,-1.12,Qb6,d8b6,g5,g7g5,-1.14,-0.35,78.99999999999999,False,12,10,saransh12387,JaredEBatiz,1960,929,1-0
r3kb1r/1p2npp1/pqn1p2p/3pP3/3P3B/2NQ1N2/PP3PPP/R4RK1 w kq - 2 13,13,26,43,0,1,0,Opening,7,7,2,2,1,1,2,2,1,1,0,0,2,0,0,0,0,0,0,2,2,-0.35,a3,a2a3,Bg3,h4g3,-0.21,-1.39,118.0,False,12,10,saransh12387,JaredEBatiz,1960,929,1-0
r3kb1r/1p2npp1/pqn1p2p/3pP3/3P3B/P1NQ1N2/1P3PPP/R4RK1 b kq - 0 13,13,26,36,0,1,0,Opening,7,7,2,2,1,1,2,2,1,1,0,0,2,0,0,0,0,0,0,2,2,-1.37,Nf5,e7f5,g5,g7g5,-1.22,1.42,263.99999999999994,False,12,10,saransh12387,JaredEBatiz,1960,929,1-0
r3kb1r/1p3pp1/pqn1p2p/3pPn2/3P3B/P1NQ1N2/1P3PPP/R4RK1 w kq - 1 14,14,26,43,0,1,0,Opening,7,7,2,2,1,1,2,2,1,1,0,0,2,0,0,0,0,0,0,2,2,1.55,Rfd1,f1d1,Nxd5,c3d5,1.61,-0.39,200.0,False,12,10,saransh12387,JaredEBatiz,1960,929,1-0
r3kb1r/1p3pp1/pqn1p2p/3pPn2/3P3B/P1NQ1N2/1P3PPP/R2R2K1 b kq - 2 14,14,26,41,0,1,0,Opening,7,7,2,2,1,1,2,2,1,1,0,0,2,0,0,0,0,0,0,2,2,-0.51,Nxh4,f5h4,Nxh4,f5h4,-0.53,-0.51,2.0000000000000018,True,12,10,saransh12387,JaredEBatiz,1960,929,1-0
r3kb1r/1p3pp1/pqn1p2p/3pP3/3P3n/P1NQ1N2/1P3PPP/R2R2K1 w kq - 0 15,15,25,40,-3,1,0,Opening,7,7,2,2,0,1,2,2,1,1,0,0,2,0,0,0,0,0,0,2,2,-0.53,Nxh4,f3h4,Nxh4,f3h4,-0.56,-0.54,2.0000000000000018,True,12,10,saransh12387,JaredEBatiz,1960,929,1-0
r3kb1r/1p3pp1/pqn1p2p/3pP3/3P3N/P1NQ4/1P3PPP/R2R2K1 b kq - 0 15,15,24,39,0,1,0,Middlegame,7,7,2,1,0,1,2,2,1,1,0,0,2,0,0,0,0,0,0,2,2,-0.51,Be7,f8e7,Be7,f8e7,-0.48,-0.51,3.0000000000000027,True,12,10,saransh12387,JaredEBatiz,1960,929,1-0
r3k2r/1p2bpp1/pqn1p2p/3pP3/3P3N/P1NQ4/1P3PPP/R2R2K1 w kq - 1 16,16,24,44,0,1,0,Middlegame,7,7,2,1,0,1,2,2,1,1,0,0,2,0,0,0,0,0,0,2,2,-0.48,Nf3,h4f3,Nf3,h4f3,-0.5,-0.51,1.0000000000000009,True,12,10,saransh12387,JaredEBatiz,1960,929,1-0
r3k2r/1p2bpp1/pqn1p2p/3pP3/3P4/P1NQ1N2/1P3PPP/R2R2K1 b kq - 2 16,16,24,44,0,1,0,Middlegame,7,7,2,1,0,1,2,2,1,1,0,0,2,0,0,0,0,0,0,2,2,-0.54,O-O,e8g8,O-O,e8g8,-0.54,-0.55,1.0000000000000009,True,12,10,saransh12387,JaredEBatiz,1960,929,1-0
r4rk1/1p2bpp1/pqn1p2p/3pP3/3P4/P1NQ1N2/1P3PPP/R2R2K1 w - - 3 17,17,24,41,0,1,1,Middlegame,7,7,2,1,0,1,2,2,1,1,0,0,2,0,0,0,0,0,0,2,2,-0.51,b4,b2b4,Kh1,g1h1,-0.53,-0.54,1.0000000000000009,False,12,10,saransh12387,JaredEBatiz,1960,929,1-0
r4rk1/1p2bpp1/pqn1p2p/3pP3/1P1P4/P1NQ1N2/5PPP/R2R2K1 b - - 0 17,17,24,38,0,1,1,Middlegame,7,7,2,1,0,1,2,2,1,1,0,0,2,0,0,0,0,0,0,2,2,-0.52,Rac8,a8c8,Na7,c6a7,-0.53,-0.29,24.000000000000004,False,12,10,saransh12387,JaredEBatiz,1960,929,1-0
2r2rk1/1p2bpp1/pqn1p2p/3pP3/1P1P4/P1NQ1N2/5PPP/R2R2K1 w - - 1 18,18,24,40,0,1,1,Middlegame,7,7,2,1,0,1,2,2,1,1,0,0,2,0,0,0,0,0,0,2,2,-0.24,Na4,c3a4,Na4,c3a4,-0.22,-0.34,12.000000000000002,True,12,10,saransh12387,JaredEBatiz,1960,929,1-0
2r2rk1/1p2bpp1/pqn1p2p/3pP3/NP1P4/P2Q1N2/5PPP/R2R2K1 b - - 2 18,18,24,36,0,1,1,Middlegame,7,7,2,1,0,1,2,2,1,1,0,0,2,0,0,0,0,0,0,2,2,-0.16,Qc7,b6c7,Qd8,b6d8,-0.14,-0.05,9.000000000000002,False,12,10,saransh12387,JaredEBatiz,1960,929,1-0
2r2rk1/1pq1bpp1/p1n1p2p/3pP3/NP1P4/P2Q1N2/5PPP/R2R2K1 w - - 3 19,19,24,38,0,1,1,Middlegame,7,7,2,1,0,1,2,2,1,1,0,0,2,0,0,0,0,0,0,2,2,-0.22,Rac1,a1c1,Rdc1,d1c1,-0.24,-0.24,0.0,False,12,10,saransh12387,JaredEBatiz,1960,929,1-0
2r2rk1/1pq1bpp1/p1n1p2p/3pP3/NP1P4/P2Q1N2/5PPP/2RR2K1 b - - 4 19,19,24,36,0,1,1,Middlegame,7,7,2,1,0,1,2,2,1,1,0,0,2,0,0,0,0,0,0,2,2,-0.13,b5,b7b5,Qb8,c7b8,-0.14,0.51,65.0,False,12,10,saransh12387,JaredEBatiz,1960,929,1-0
2r2rk1/2q1bpp1/p1n1p2p/1p1pP3/NP1P4/P2Q1N2/5PPP/2RR2K1 w - - 0 20,20,24,38,0,1,1,Middlegame,7,7,2,1,0,1,2,2,1,1,0,0,2,0,0,0,0,0,0,2,2,0.51,Nc5,a4c5,Nc5,a4c5,0.58,0.55,2.9999999999999916,True,12,10,saransh12387,JaredEBatiz,1960,929,1-0
2r2rk1/2q1bpp1/p1n1p2p/1pNpP3/1P1P4/P2Q1N2/5PPP/2RR2K1 b - - 1 20,20,24,35,0,1,1,Middlegame,7,7,2,1,0,1,2,2,1,1,0,0,2,0,0,0,0,0,0,2,2,0.59,Bxc5,e7c5,Bxc5,e7c5,0.62,0.57,5.000000000000004,True,12,10,saransh12387,JaredEBatiz,1960,929,1-0
2r2rk1/2q2pp1/p1n1p2p/1pbpP3/1P1P4/P2Q1N2/5PPP/2RR2K1 w - - 0 21,21,23,36,-3,1,1,Middlegame,7,7,1,1,0,1,2,2,1,1,0,0,2,0,0,0,0,0,0,2,2,0.6,Rxc5,c1c5,Rxc5,c1c5,0.56,0.59,2.9999999999999916,True,12,10,saransh12387,JaredEBatiz,1960,929,1-0
2r2rk1/2q2pp1/p1n1p2p/1pRpP3/1P1P4/P2Q1N2/5PPP/3R2K1 b - - 0 21,21,22,31,0,1,1,Middlegame,7,7,1,1,0,0,2,2,1,1,0,0,2,0,0,0,0,0,0,2,2,0.57,Rfd8,f8d8,Qd7,c7d7,0.59,0.73,14.000000000000002,False,12,10,saransh12387,JaredEBatiz,1960,929,1-0
2rr2k1/2q2pp1/p1n1p2p/1pRpP3/1P1P4/P2Q1N2/5PPP/3R2K1 w - - 1 22,22,22,38,0,1,1,Middlegame,7,7,1,1,0,0,2,2,1,1,0,0,2,0,0,0,0,0,0,2,2,0.71,Rdc1,d1c1,h4,h2h4,0.66,0.58,8.000000000000007,False,12,10,saransh12387,JaredEBatiz,1960,929,1-0
2rr2k1/2q2pp1/p1n1p2p/1pRpP3/1P1P4/P2Q1N2/5PPP/2R3K1 b - - 2 22,22,22,30,0,1,1,Middlegame,7,7,1,1,0,0,2,2,1,1,0,0,2,0,0,0,0,0,0,2,2,0.61,Qb8,c7b8,Qd7,c7d7,0.64,4.7,406.00000000000006,False,12,10,saransh12387,JaredEBatiz,1960,929,1-0
1qrr2k1/5pp1/p1n1p2p/1pRpP3/1P1P4/P2Q1N2/5PPP/2R3K1 w - - 3 23,23,22,40,0,1,1,Middlegame,7,7,1,1,0,0,2,2,1,1,0,0,2,0,0,0,0,0,0,2,2,4.54,Rxc6,c5c6,Rxc6,c5c6,4.31,4.22,8.999999999999986,True,12,10,saransh12387,JaredEBatiz,1960,929,1-0
1qrr2k1/5pp1/p1R1p2p/1p1pP3/1P1P4/P2Q1N2/5PPP/2R3K1 b - - 0 23,23,21,21,3,1,1,Middlegame,7,7,1,0,0,0,2,2,1,1,0,0,2,0,0,0,0,0,0,2,2,4.41,Rxc6,c8c6,Rxc6,c8c6,4.49,4.22,27.000000000000046,True,12,10,saransh12387,JaredEBatiz,1960,929,1-0
1q1r2k1/5pp1/p1r1p2p/1p1pP3/1P1P4/P2Q1N2/5PPP/2R3K1 w - - 0 24,24,20,36,-2,1,1,Middlegame,7,7,1,0,0,0,1,2,1,1,0,0,2,0,0,0,0,0,0,2,2,4.45,Rxc6,c1c6,Rxc6,c1c6,4.46,4.46,0.0,True,12,10,saransh12387,JaredEBatiz,1960,929,1-0
1q1r2k1/5pp1/p1R1p2p/1p1pP3/1P1P4/P2Q1N2/5PPP/6K1 b - - 0 24,24,19,21,3,1,1,Middlegame,7,7,1,0,0,0,1,1,1,1,0,0,2,0,0,0,0,0,0,2,2,4.37,Qb7,b8b7,a5,a6a5,4.55,4.54,0.9999999999999787,False,12,10,saransh12387,JaredEBatiz,1960,929,1-0
3r2k1/1q3pp1/p1R1p2p/1p1pP3/1P1P4/P2Q1N2/5PPP/6K1 w - - 1 25,25,19,37,3,1,1,Middlegame,7,7,1,0,0,0,1,1,1,1,0,0,2,0,0,0,0,0,0,2,2,4.59,Rc5,c6c5,Rc1,c6c1,4.48,4.39,9.000000000000075,False,12,10,saransh12387,JaredEBatiz,1960,929,1-0
3r2k1/1q3pp1/p3p2p/1pRpP3/1P1P4/P2Q1N2/5PPP/6K1 b - - 2 25,25,19,24,3,1,1,Middlegame,7,7,1,0,0,0,1,1,1,1,0,0,2,0,0,0,0,0,0,2,2,4.31,h5,h6h5,a5,a6a5,4.3,5.18,87.99999999999999,False,12,10,saransh12387,JaredEBatiz,1960,929,1-0
3r2k1/1q3pp1/p3p3/1pRpP2p/1P1P4/P2Q1N2/5PPP/6K1 w - - 0 26,26,19,35,3,1,1,Middlegame,7,7,1,0,0,0,1,1,1,1,0,0,2,0,0,0,0,0,0,2,2,5.55,h3,h2h3,Qc2,d3c2,5.16,4.86,29.999999999999982,False,12,10,saransh12387,JaredEBatiz,1960,929,1-0
3r2k1/1q3pp1/p3p3/1pRpP2p/1P1P4/P2Q1N1P/5PP1/6K1 b - - 0 26,26,19,24,3,1,1,Middlegame,7,7,1,0,0,0,1,1,1,1,0,0,2,0,0,0,0,0,0,2,2,4.78,g6,g7g6,a5,a6a5,5.3,5.34,4.0000000000000036,False,12,10,saransh12387,JaredEBatiz,1960,929,1-0
3r2k1/1q3p2/p3p1p1/1pRpP2p/1P1P4/P2Q1N1P/5PP1/6K1 w - - 0 27,27,19,35,3,1,1,Middlegame,7,7,1,0,0,0,1,1,1,1,0,0,2,0,0,0,0,0,0,2,2,5.13,Qc3,d3c3,Qc2,d3c2,4.96,4.93,3.000000000000025,False,12,10,saransh12387,JaredEBatiz,1960,929,1-0
3r2k1/1q3p2/p3p1p1/1pRpP2p/1P1P4/P1Q2N1P/5PP1/6K1 b - - 1 27,27,19,25,3,1,1,Middlegame,7,7,1,0,0,0,1,1,1,1,0,0,2,0,0,0,0,0,0,2,2,4.94,Kg7,g8g7,a5,a6a5,4.97,5.2,23.000000000000043,False,12,10,saransh12387,JaredEBatiz,1960,929,1-0
3r4/1q3pk1/p3p1p1/1pRpP2p/1P1P4/P1Q2N1P/5PP1/6K1 w - - 2 28,28,19,28,3,1,0,Middlegame,7,7,1,0,0,0,1,1,1,1,0,0,2,0,0,0,0,0,0,2,2,5.93,Ng5,f3g5,Rc7,c5c7,5.87,5.04,83.0,False,12,10,saransh12387,JaredEBatiz,1960,929,1-0
3r4/1q3pk1/p3p1p1/1pRpP1Np/1P1P4/P1Q4P/5PP1/6K1 b - - 3 28,28,19,26,3,1,0,Middlegame,7,7,1,0,0,0,1,1,1,1,0,0,2,0,0,0,0,0,0,2,2,5.1,Qe7,b7e7,Qe7,b7e7,5.16,5.2,4.0000000000000036,True,12,10,saransh12387,JaredEBatiz,1960,929,1-0
3r4/4qpk1/p3p1p1/1pRpP1Np/1P1P4/P1Q4P/5PP1/6K1 w - - 4 29,29,19,32,3,1,0,Middlegame,7,7,1,0,0,0,1,1,1,1,0,0,2,0,0,0,0,0,0,2,2,5.03,h4,h3h4,Qc1,c3c1,5.31,5.31,0.0,False,12,10,saransh12387,JaredEBatiz,1960,929,1-0
3r4/4qpk1/p3p1p1/1pRpP1Np/1P1P3P/P1Q5/5PP1/6K1 b - - 0 29,29,19,26,3,1,0,Middlegame,7,7,1,0,0,0,1,1,1,1,0,0,2,0,0,0,0,0,0,2,2,5.1,f6,f7f6,Rd7,d8d7,5.26,6.45,119.00000000000004,False,12,10,saransh12387,JaredEBatiz,1960,929,1-0
3r4/4q1k1/p3ppp1/1pRpP1Np/1P1P3P/P1Q5/5PP1/6K1 w - - 0 30,30,19,34,3,1,0,Middlegame,7,7,1,0,0,0,1,1,1,1,0,0,2,0,0,0,0,0,0,2,2,6.58,exf6+,e5f6,Rc7,c5c7,6.52,5.8,71.99999999999997,False,12,10,saransh12387,JaredEBatiz,1960,929,1-0
3r4/4q1k1/p3pPp1/1pRp2Np/1P1P3P/P1Q5/5PP1/6K1 b - - 0 30,30,18,6,4,1,0,Middlegame,7,6,1,0,0,0,1,1,1,1,0,0,2,1,0,1,0,1,0,3,3,6.13,Qxf6,e7f6,Qxf6,e7f6,6.02,5.95,6.99999999999994,True,12,10,saransh12387,JaredEBatiz,1960,929,1-0
3r4/6k1/p3pqp1/1pRp2Np/1P1P3P/P1Q5/5PP1/6K1 w - - 0 31,31,17,33,3,1,0,Middlegame,6,6,1,0,0,0,1,1,1,1,0,0,2,0,0,1,0,0,0,3,3,5.63,Rc7+,c5c7,Qg3,c3g3,6.05,5.58,46.99999999999997,False,12,10,saransh12387,JaredEBatiz,1960,929,1-0
3r4/2R3k1/p3pqp1/1p1p2Np/1P1P3P/P1Q5/5PP1/6K1 b - - 1 31,31,17,7,3,1,0,Middlegame,6,6,1,0,0,0,1,1,1,1,0,0,2,0,0,1,0,0,0,3,3,5.55,Kh6,g7h6,Kg8,g7g8,5.63,10000.0,999437.0000000001,False,12,10,saransh12387,JaredEBatiz,1960,929,1-0
3r4/2R5/p3pqpk/1p1p2Np/1P1P3P/P1Q5/5PP1/6K1 w - - 2 32,32,17,40,3,1,0,Middlegame,6,6,1,0,0,0,1,1,1,1,0,0,2,0,0,1,0,0,0,3,3,10000.0,Rh7#,c7h7,Rh7#,c7h7,10000.0,10000.0,0.0,True,12,10,saransh12387,JaredEBatiz,1960,929,1-0
rnbqkbnr/pppppppp/8/8/8/8/PPPPPPPP/RNBQKBNR w KQkq - 0 1,1,30,20,0,0,0,Opening,8,8,2,2,2,2,2,2,1,1,1,1,2,0,0,0,0,0,0,1,1,0.36,e4,e2e4,e4,e2e4,0.36,0.36,0.0,True,12,11,saransh12387,oyindre,1960,1958,1-0
rnbqkbnr/pppppppp/8/8/4P3/8/PPPP1PPP/RNBQKBNR b KQkq - 0 1,1,30,20,0,0,0,Opening,8,8,2,2,2,2,2,2,1,1,1,1,2,0,0,0,0,0,0,1,1,0.34,c5,c7c5,e5,e7e5,0.32,0.44,12.0,False,12,11,saransh12387,oyindre,1960,1958,1-0
rnbqkbnr/pp1ppppp/8/2p5/4P3/8/PPPP1PPP/RNBQKBNR w KQkq - 0 2,2,30,30,0,0,0,Opening,8,8,2,2,2,2,2,2,1,1,1,1,2,0,0,0,0,0,0,1,1,0.41,Nc3,b1c3,Nf3,g1f3,0.4,0.36,4.0000000000000036,False,12,11,saransh12387,oyindre,1960,1958,1-0
rnbqkbnr/pp1ppppp/8/2p5/4P3/2N5/PPPP1PPP/R1BQKBNR b KQkq - 1 2,2,30,22,0,0,0,Opening,8,8,2,2,2,2,2,2,1,1,1,1,2,0,0,0,0,0,0,1,1,0.37,d6,d7d6,Nc6,b8c6,0.39,0.49,9.999999999999998,False,12,11,saransh12387,oyindre,1960,1958,1-0
rnbqkbnr/pp2pppp/3p4/2p5/4P3/2N5/PPPP1PPP/R1BQKBNR w KQkq - 0 3,3,30,32,0,0,0,Opening,8,8,2,2,2,2,2,2,1,1,1,1,2,0,0,0,0,0,0,1,1,0.49,g3,g2g3,Nf3,g1f3,0.5,0.03,47.0,False,12,11,saransh12387,oyindre,1960,1958,1-0
rnbqkbnr/pp2pppp/3p4/2p5/4P3/2N3P1/PPPP1P1P/R1BQKBNR b KQkq - 0 3,3,30,29,0,0,0,Opening,8,8,2,2,2,2,2,2,1,1,1,1,2,0,0,0,0,0,0,1,1,0.1,Nf6,g8f6,g6,g7g6,0.24,0.23,0.9999999999999981,False,12,11,saransh12387,oyindre,1960,1958,1-0
rnbqkb1r/pp2pppp/3p1n2/2p5/4P3/2N3P1/PPPP1P1P/R1BQKBNR w KQkq - 1 4,4,30,33,0,0,0,Opening,8,8,2,2,2,2,2,2,1,1,1,1,2,0,0,0,0,0,0,1,1,0.19,Bg2,f1g2,Nge2,g1e2,0.21,0.2,0.9999999999999981,False,12,11,saransh12387,oyindre,1960,1958,1-0
rnbqkb1r/pp2pppp/3p1n2/2p5/4P3/2N3P1/PPPP1PBP/R1BQK1NR b KQkq - 2 4,4,30,32,0,0,0,Opening,8,8,2,2,2,2,2,2,1,1,1,1,2,0,0,0,0,0,0,1,1,0.18,a6,a7a6,g6,g7g6,0.16,0.55,39.0,False,12,11,saransh12387,oyindre,1960,1958,1-0
rnbqkb1r/1p2pppp/p2p1n2/2p5/4P3/2N3P1/PPPP1PBP/R1BQK1NR w KQkq - 0 5,5,30,30,0,0,0,Opening,8,8,2,2,2,2,2,2,1,1,1,1,2,0,0,0,0,0,0,1,1,0.5,Nge2,g1e2,Nd5,c3d5,0.39,0.29,10.000000000000004,False,12,11,saransh12387,oyindre,1960,1958,1-0
rnbqkb1r/1p2pppp/p2p1n2/2p5/4P3/2N3P1/PPPPNPBP/R1BQK2R b KQkq - 1 5,5,30,31,0,0,0,Opening,8,8,2,2,2,2,2,2,1,1,1,1,2,0,0,0,0,0,0,1,1,0.27,Nc6,b8c6,e5,e7e5,0.32,0.59,26.999999999999996,False,12,11,saransh12387,oyindre,1960,1958,1-0
r1bqkb1r/1p2pppp/p1np1n2/2p5/4P3/2N3P1/PPPPNPBP/R1BQK2R w KQkq - 2 6,6,30,27,0,0,0,Opening,8,8,2,2,2,2,2,2,1,1,1,1,2,0,0,0,0,0,0,1,1,0.61,O-O,e1g1,Nd5,c3d5,0.64,0.33,31.0,False,12,11,saransh12387,oyindre,1960,1958,1-0
r1bqkb1r/1p2pppp/p1np1n2/2p5/4P3/2N3P1/PPPPNPBP/R1BQ1RK1 b kq - 3 6,6,30,36,0,1,0,Opening,8,8,2,2,2,2,2,2,1,1,1,1,2,0,0,0,0,0,0,1,1,0.38,e6,e7e6,e6,e7e6,0.36,0.28,7.9999999999999964,True,12,11,saransh12387,oyindre,1960,1958,1-0
r1bqkb1r/1p3ppp/p1nppn2/2p5/4P3/2N3P1/PPPPNPBP/R1BQ1RK1 w kq - 0 7,7,30,25,0,1,0,Opening,8,8,2,2,2,2,2,2,1,1,1,1,2,0,0,0,0,0,0,1,1,0.39,d4,d2d4,d4,d2d4,0.36,0.35,1.0000000000000009,True,12,11,saransh12387,oyindre,1960,1958,1-0
r1bqkb1r/1p3ppp/p1nppn2/2p5/3PP3/2N3P1/PPP1NPBP/R1BQ1RK1 b kq - 0 7,7,30,36,0,1,0,Opening,8,8,2,2,2,2,2,2,1,1,1,1,2,0,0,0,0,0,0,1,1,0.36,cxd4,c5d4,cxd4,c5d4,0.34,0.34,0.0,True,12,11,saransh12387,oyindre,1960,1958,1-0
r1bqkb1r/1p3ppp/p1nppn2/8/3pP3/2N3P1/PPP1NPBP/R1BQ1RK1 w kq - 0 8,8,29,31,-1,1,0,Opening,7,8,2,2,2,2,2,2,1,1,1,1,2,0,1,0,0,0,0,2,2,0.32,Nxd4,e2d4,Nxd4,e2d4,0.29,0.28,0.9999999999999953,True,12,11,saransh12387,oyindre,1960,1958,1-0
r1bqkb1r/1p3ppp/p1nppn2/8/3NP3/2N3P1/PPP2PBP/R1BQ1RK1 b kq - 0 8,8,28,34,0,1,0,Opening,7,7,2,2,2,2,2,2,1,1,1,1,2,0,0,0,0,0,0,2,2,0.28,Nxd4,c6d4,Bd7,c8d7,0.3,0.71,41.0,False,12,11,saransh12387,oyindre,1960,1958,1-0
r1bqkb1r/1p3ppp/p2ppn2/8/3nP3/2N3P1/PPP2PBP/R1BQ1RK1 w kq - 0 9,9,27,34,-3,1,0,Opening,7,7,1,2,2,2,2,2,1,1,1,1,2,0,0,0,0,0,0,2,2,0.75,Qxd4,d1d4,Qxd4,d1d4,0.66,0.6,6.000000000000005,True,12,11,saransh12387,oyindre,1960,1958,1-0
r1bqkb1r/1p3ppp/p2ppn2/8/3QP3/2N3P1/PPP2PBP/R1B2RK1 b kq - 0 9,9,26,27,0,1,0,Opening,7,7,1,1,2,2,2,2,1,1,1,1,2,0,0,0,0,0,0,2,2,0.65,Be7,f8e7,e5,e6e5,0.62,1.08,46.00000000000001,False,12,11,saransh12387,oyindre,1960,1958,1-0
r1bqk2r/1p2bppp/p2ppn2/8/3QP3/2N3P1/PPP2PBP/R1B2RK1 w kq - 1 10,10,26,42,0,1,0,Opening,7,7,1,1,2,2,2,2,1,1,1,1,2,0,0,0,0,0,0,2,2,0.96,f4,f2f4,e5,e4e5,1.1,0.13,97.00000000000001,False,12,11,saransh12387,oyindre,1960,1958,1-0
r1bqk2r/1p2bppp/p2ppn2/8/3QPP2/2N3P1/PPP3BP/R1B2RK1 b kq - 0 10,10,26,28,0,1,0,Opening,7,7,1,1,2,2,2,2,1,1,1,1,2,0,0,0,0,0,0,2,2,0.05,O-O,e8g8,O-O,e8g8,-0.11,0.01,12.0,True,12,11,saransh12387,oyindre,1960,1958,1-0
r1bq1rk1/1p2bppp/p2ppn2/8/3QPP2/2N3P1/PPP3BP/R1B2RK1 w - - 1 11,11,26,42,0,1,1,Opening,7,7,1,1,2,2,2,2,1,1,1,1,2,0,0,0,0,0,0,2,2,0.0,Kh1,g1h1,Rd1,f1d1,0.08,-0.15,23.0,False,12,11,saransh12387,oyindre,1960,1958,1-0
r1bq1rk1/1p2bppp/p2ppn2/8/3QPP2/2N3P1/PPP3BP/R1B2R1K b - - 2 11,11,26,25,0,0,1,Opening,7,7,1,1,2,2,2,2,1,1,1,1,2,0,0,0,0,0,0,2,2,-0.16,h6,h7h6,Rb8,a8b8,-0.09,0.32,41.0,False,12,11,saransh12387,oyindre,1960,1958,1-0
r1bq1rk1/1p2bpp1/p2ppn1p/8/3QPP2/2N3P1/PPP3BP/R1B2R1K w - - 0 12,12,26,42,0,0,1,Opening,7,7,1,1,2,2,2,2,1,1,1,1,2,0,0,0,0,0,0,2,2,0.22,h3,h2h3,Be3,c1e3,0.19,-0.1,29.000000000000004,False,12,11,saransh12387,oyindre,1960,1958,1-0
r1bq1rk1/1p2bpp1/p2ppn1p/8/3QPP2/2N3PP/PPP3B1/R1B2R1K b - - 0 12,12,26,26,0,0,1,Opening,7,7,1,1,2,2,2,2,1,1,1,1,2,0,0,0,0,0,0,2,2,-0.13,Qc7,d8c7,Bd7,c8d7,-0.15,-0.21,6.0,False,12,11,saransh12387,oyindre,1960,1958,1-0
r1b2rk1/1pq1bpp1/p2ppn1p/8/3QPP2/2N3PP/PPP3B1/R1B2R1K w - - 1 13,13,26,41,0,0,1,Opening,7,7,1,1,2,2,2,2,1,1,1,1,2,0,0,0,0,0,0,2,2,-0.12,e5,e4e5,Be3,c1e3,-0.16,-0.45,29.000000000000004,False,12,11,saransh12387,oyindre,1960,1958,1-0
r1b2rk1/1pq1bpp1/p2ppn1p/4P3/3Q1P2/2N3PP/PPP3B1/R1B2R1K b - - 0 13,13,26,32,0,0,1,Opening,7,7,1,1,2,2,2,2,1,1,1,1,2,0,0,0,0,0,0,2,2,-0.47,dxe5,d6e5,dxe5,d6e5,-0.36,-0.52,16.000000000000004,True,12,11,saransh12387,oyindre,1960,1958,1-0
r1b2rk1/1pq1bpp1/p3pn1p/4p3/3Q1P2/2N3PP/PPP3B1/R1B2R1K w - - 0 14,14,25,48,-1,0,1,Opening,6,7,1,1,2,2,2,2,1,1,1,1,2,0,1,0,0,0,0,2,2,-0.51,fxe5,f4e5,fxe5,f4e5,-0.62,-0.43,19.0,True,12,11,saransh12387,oyindre,1960,1958,1-0
r1b2rk1/1pq1bpp1/p3pn1p/4P3/3Q4/2N3PP/PPP3B1/R1B2R1K b - - 0 14,14,24,36,0,0,1,Middlegame,6,6,1,1,2,2,2,2,1,1,1,1,2,0,0,1,0,0,0,3,2,-0.43,Nh7,f6h7,Nd7,f6d7,-0.42,-0.22,20.0,False,12,11,saransh12387,oyindre,1960,1958,1-0
r1b2rk1/1pq1bppn/p3p2p/4P3/3Q4/2N3PP/PPP3B1/R1B2R1K w - - 1 15,15,24,55,0,0,1,Middlegame,6,6,1,1,2,2,2,2,1,1,1,1,2,0,0,1,0,0,0,3,2,-0.34,Bf4,c1f4,Kh2,h1h2,-0.22,-0.85,63.0,False,12,11,saransh12387,oyindre,1960,1958,1-0
r1b2rk1/1pq1bppn/p3p2p/4P3/3Q1B2/2N3PP/PPP3B1/R4R1K b - - 2 15,15,24,35,0,0,1,Middlegame,6,6,1,1,2,2,2,2,1,1,1,1,2,0,0,1,0,0,0,3,2,-0.58,Rb8,a8b8,Bd7,c8d7,-0.59,0.3,88.99999999999999,False,12,11,saransh12387,oyindre,1960,1958,1-0
1rb2rk1/1pq1bppn/p3p2p/4P3/3Q1B2/2N3PP/PPP3B1/R4R1K w - - 3 16,16,24,53,0,0,1,Middlegame,6,6,1,1,2,2,2,2,1,1,1,1,2,0,0,1,0,0,0,3,2,0.65,Rae1,a1e1,Ne4,c3e4,0.69,-0.45,113.99999999999999,False,12,11,saransh12387,oyindre,1960,1958,1-0
1rb2rk1/1pq1bppn/p3p2p/4P3/3Q1B2/2N3PP/PPP3B1/4RR1K b - - 4 16,16,24,33,0,0,1,Middlegame,6,6,1,1,2,2,2,2,1,1,1,1,2,0,0,1,0,0,0,3,2,-0.49,b5,b7b5,Bd7,c8d7,-0.43,-0.42,1.0000000000000009,False,12,11,saransh12387,oyindre,1960,1958,1-0
1rb2rk1/2q1bppn/p3p2p/1p2P3/3Q1B2/2N3PP/PPP3B1/4RR1K w - - 0 17,17,24,53,0,0,1,Middlegame,6,6,1,1,2,2,2,2,1,1,1,1,2,0,0,1,0,0,0,3,2,-0.45,Qd1,d4d1,Ne4,c3e4,-0.43,-1.32,89.00000000000001,False,12,11,saransh12387,oyindre,1960,1958,1-0
1rb2rk1/2q1bppn/p3p2p/1p2P3/5B2/2N3PP/PPP3B1/3QRR1K b - - 1 17,17,24,37,0,0,1,Middlegame,6,6,1,1,2,2,2,2,1,1,1,1,2,0,0,1,0,0,0,3,2,-1.29,Bb7,c8b7,Bb4,e7b4,-0.63,-0.65,2.0000000000000018,False,12,11,saransh12387,oyindre,1960,1958,1-0
1r3rk1/1bq1bppn/p3p2p/1p2P3/5B2/2N3PP/PPP3B1/3QRR1K w - - 2 18,18,24,44,0,0,1,Middlegame,6,6,1,1,2,2,2,2,1,1,1,1,2,0,0,1,0,0,0,3,2,-0.57,Bxb7,g2b7,Qg4,d1g4,-0.74,-0.64,9.999999999999998,False,12,11,saransh12387,oyindre,1960,1958,1-0
1r3rk1/1Bq1bppn/p3p2p/1p2P3/5B2/2N3PP/PPP5/3QRR1K b - - 0 18,18,23,38,3,0,1,Middlegame,6,6,1,1,2,1,2,2,1,1,1,0,2,0,0,1,0,0,0,3,2,-0.82,Qxb7+,c7b7,Qxb7+,c7b7,-0.83,-0.77,5.999999999999995,True,12,11,saransh12387,oyindre,1960,1958,1-0
1r3rk1/1q2bppn/p3p2p/1p2P3/5B2/2N3PP/PPP5/3QRR1K w - - 0 19,19,22,8,0,0,1,Middlegame,6,6,1,1,1,1,2,2,1,1,0,0,2,0,0,1,0,0,0,3,2,-1.02,Kh2,h1h2,Ne4,c3e4,-0.87,-1.55,68.0,False,12,11,saransh12387,oyindre,1960,1958,1-0
1r3rk1/1q2bppn/p3p2p/1p2P3/5B2/2N3PP/PPP4K/3QRR2 b - - 1 19,19,22,37,0,0,1,Middlegame,6,6,1,1,1,1,2,2,1,1,0,0,2,0,0,1,0,0,0,3,2,-1.44,Bg5,e7g5,Bb4,e7b4,-1.38,-0.16,122.0,False,12,11,saransh12387,oyindre,1960,1958,1-0
1r3rk1/1q3ppn/p3p2p/1p2P1b1/5B2/2N3PP/PPP4K/3QRR2 w - - 2 20,20,22,38,0,0,1,Middlegame,6,6,1,1,1,1,2,2,1,1,0,0,2,0,0,1,0,0,0,3,2,-0.11,Ne4,c3e4,Ne4,c3e4,-0.1,-0.15,4.999999999999999,True,12,11,saransh12387,oyindre,1960,1958,1-0
1r3rk1/1q3ppn/p3p2p/1p2P1b1/4NB2/6PP/PPP4K/3QRR2 b - - 3 20,20,22,30,0,0,1,Middlegame,6,6,1,1,1,1,2,2,1,1,0,0,2,0,0,1,0,0,0,3,2,-0.08,Bxf4,g5f4,Qc7,b7c7,-0.09,-0.13,4.000000000000001,False,12,11,saransh12387,oyindre,1960,1958,1-0
1r3rk1/1q3ppn/p3p2p/1p2P3/4Nb2/6PP/PPP4K/3QRR2 w - - 0 21,21,21,39,-3,0,1,Middlegame,6,6,1,1,0,1,2,2,1,1,0,0,2,0,0,1,0,0,0,3,2,-0.1,gxf4,g3f4,gxf4,g3f4,-0.15,-0.14,0.9999999999999981,True,12,11,saransh12387,oyindre,1960,1958,1-0
1r3rk1/1q3ppn/p3p2p/1p2P3/4NP2/7P/PPP4K/3QRR2 b - - 0 21,21,20,27,0,0,1,Middlegame,6,6,1,1,0,0,2,2,1,1,0,0,2,0,0,1,0,0,0,3,2,-0.16,Qe7,b7e7,Rbd8,b8d8,-0.16,0.44,60.0,False,12,11,saransh12387,oyindre,1960,1958,1-0
1r3rk1/4qppn/p3p2p/1p2P3/4NP2/7P/PPP4K/3QRR2 w - - 1 22,22,20,40,0,0,1,Middlegame,6,6,1,1,0,0,2,2,1,1,0,0,2,0,0,1,0,0,0,3,2,0.33,Rg1,f1g1,Qh5,d1h5,0.24,0.37,13.0,False,12,11,saransh12387,oyindre,1960,1958,1-0
1r3rk1/4qppn/p3p2p/1p2P3/4NP2/7P/PPP4K/3QR1R1 b - - 2 22,22,20,32,0,0,1,Middlegame,6,6,1,1,0,0,2,2,1,1,0,0,2,0,0,1,0,0,0,3,2,0.3,Kh8,g8h8,Rbd8,b8d8,0.27,0.26,1.0000000000000009,False,12,11,saransh12387,oyindre,1960,1958,1-0
1r3r1k/4qppn/p3p2p/1p2P3/4NP2/7P/PPP4K/3QR1R1 w - - 3 23,23,20,44,0,0,0,Middlegame,6,6,1,1,0,0,2,2,1,1,0,0,2,0,0,1,0,0,0,3,2,0.31,Qh5,d1h5,Re3,e1e3,0.24,0.21,3.0,False,12,11,saransh12387,oyindre,1960,1958,1-0
1r3r1k/4qppn/p3p2p/1p2P2Q/4NP2/7P/PPP4K/4R1R1 b - - 4 23,23,20,32,0,0,0,Middlegame,6,6,1,1,0,0,2,2,1,1,0,0,2,0,0,1,0,0,0,3,2,0.19,Rbd8,b8d8,Rbd8,b8d8,0.27,0.18,9.000000000000002,True,12,11,saransh12387,oyindre,1960,1958,1-0
3r1r1k/4qppn/p3p2p/1p2P2Q/4NP2/7P/PPP4K/4R1R1 w - - 5 24,24,20,44,0,0,0,Middlegame,6,6,1,1,0,0,2,2,1,1,0,0,2,0,0,1,0,0,0,3,2,0.14,Rd1,e1d1,Rg2,g1g2,0.11,-0.26,37.0,False,12,11,saransh12387,oyindre,1960,1958,1-0
3r1r1k/4qppn/p3p2p/1p2P2Q/4NP2/7P/PPP4K/3R2R1 b - - 6 24,24,20,34,0,0,0,Middlegame,6,6,1,1,0,0,2,2,1,1,0,0,2,0,0,1,0,0,0,3,2,-0.24,f6,f7f6,Rxd1,d8d1,-0.15,-0.04,10.999999999999998,False,12,11,saransh12387,oyindre,1960,1958,1-0
3r1r1k/4q1pn/p3pp1p/1p2P2Q/4NP2/7P/PPP4K/3R2R1 w - - 0 25,25,20,51,0,0,0,Middlegame,6,6,1,1,0,0,2,2,1,1,0,0,2,0,0,1,0,0,0,3,2,-0.04,Rxd8,d1d8,Nd6,e4d6,-0.17,-0.17,0.0,False,12,11,saransh12387,oyindre,1960,1958,1-0
3R1r1k/4q1pn/p3pp1p/1p2P2Q/4NP2/7P/PPP4K/6R1 b - - 0 25,25,19,22,5,0,0,Middlegame,6,6,1,1,0,0,2,1,1,1,0,0,2,0,0,1,0,0,0,3,2,-0.16,Rxd8,f8d8,Rxd8,f8d8,-0.19,-0.19,0.0,True,12,11,saransh12387,oyindre,1960,1958,1-0
3r3k/4q1pn/p3pp1p/1p2P2Q/4NP2/7P/PPP4K/6R1 w - - 0 26,26,18,44,0,0,0,Middlegame,6,6,1,1,0,0,1,1,1,1,0,0,2,0,0,1,0,0,0,3,2,-0.19,Nd6,e4d6,Nd6,e4d6,-0.19,-0.19,0.0,True,12,11,saransh12387,oyindre,1960,1958,1-0
3r3k/4q1pn/p2Npp1p/1p2P2Q/5P2/7P/PPP4K/6R1 b - - 1 26,26,18,25,0,0,0,Middlegame,6,6,1,1,0,0,1,1,1,1,0,0,2,0,0,1,0,0,0,3,2,-0.19,Rf8,d8f8,Rf8,d8f8,-0.19,-0.19,0.0,True,12,11,saransh12387,oyindre,1960,1958,1-0
5r1k/4q1pn/p2Npp1p/1p2P2Q/5P2/7P/PPP4K/6R1 w - - 2 27,27,18,44,0,0,0,Middlegame,6,6,1,1,0,0,1,1,1,1,0,0,2,0,0,1,0,0,0,3,2,-0.19,Qe2,h5e2,c4,c2c4,-0.24,-0.37,13.0,False,12,11,saransh12387,oyindre,1960,1958,1-0
5r1k/4q1pn/p2Npp1p/1p2P3/5P2/7P/PPP1Q2K/6R1 b - - 3 27,27,18,24,0,0,0,Middlegame,6,6,1,1,0,0,1,1,1,1,0,0,2,0,0,1,0,0,0,3,2,-0.33,fxe5,f6e5,fxe5,f6e5,-0.35,-0.32,2.9999999999999973,True,12,11,saransh12387,oyindre,1960,1958,1-0
5r1k/4q1pn/p2Np2p/1p2p3/5P2/7P/PPP1Q2K/6R1 w - - 0 28,28,17,48,-1,0,0,Middlegame,5,6,1,1,0,0,1,1,1,1,0,0,2,0,1,2,2,0,0,3,3,-0.33,Qxe5,e2e5,Qxe5,e2e5,-0.44,-0.44,0.0,True,12,11,saransh12387,oyindre,1960,1958,1-0
5r1k/4q1pn/p2Np2p/1p2Q3/5P2/7P/PPP4K/6R1 b - - 0 28,28,16,27,0,0,0,Middlegame,5,5,1,1,0,0,1,1,1,1,0,0,2,0,0,2,1,0,0,3,3,-0.42,Nf6,h7f6,Rf6,f8f6,-0.37,0.51,88.0,False,12,11,saransh12387,oyindre,1960,1958,1-0
5r1k/4q1p1/p2Npn1p/1p2Q3/5P2/7P/PPP4K/6R1 w - - 1 29,29,16,46,0,0,0,Middlegame,5,5,1,1,0,0,1,1,1,1,0,0,2,0,0,2,1,0,0,3,3,0.55,Nf5,d6f5,Nf5,d6f5,0.58,0.58,0.0,True,12,11,saransh12387,oyindre,1960,1958,1-0
5r1k/4q1p1/p3pn1p/1p2QN2/5P2/7P/PPP4K/6R1 b - - 2 29,29,16,34,0,0,0,Middlegame,5,5,1,1,0,0,1,1,1,1,0,0,2,0,0,2,1,0,0,3,3,0.59,Qf7,e7f7,Qb4,e7b4,0.58,2.95,237.0,False,12,11,saransh12387,oyindre,1960,1958,1-0
5r1k/5qp1/p3pn1p/1p2QN2/5P2/7P/PPP4K/6R1 w - - 3 30,30,16,45,0,0,0,Middlegame,5,5,1,1,0,0,1,1,1,1,0,0,2,0,0,2,1,0,0,3,3,2.98,Nxg7,f5g7,Rxg7,g1g7,2.23,0.59,164.0,False,12,11,saransh12387,oyindre,1960,1958,1-0
5r1k/5qN1/p3pn1p/1p2Q3/5P2/7P/PPP4K/6R1 b - - 0 30,30,15,29,1,0,0,Middlegame,5,4,1,1,0,0,1,1,1,1,0,0,2,0,0,2,2,0,0,3,3,0.57,Qxg7,f7g7,Nd7,f6d7,0.64,3.75,311.0,False,12,11,saransh12387,oyindre,1960,1958,1-0
5r1k/6q1/p3pn1p/1p2Q3/5P2/7P/PPP4K/6R1 w - - 0 31,31,14,39,-2,0,0,Middlegame,5,4,0,1,0,0,1,1,1,1,0,0,2,0,0,2,2,0,0,3,3,3.98,Rxg7,g1g7,Rxg7,g1g7,4.15,4.06,9.000000000000075,True,12,11,saransh12387,oyindre,1960,1958,1-0
5r1k/6R1/p3pn1p/1p2Q3/5P2/7P/PPP4K/8 b - - 0 31,31,13,19,7,0,0,Middlegame,5,4,0,1,0,0,1,1,1,0,0,0,1,0,0,2,2,0,0,3,3,4.15,Kxg7,h8g7,Kxg7,h8g7,4.24,4.16,8.000000000000007,True,12,11,saransh12387,oyindre,1960,1958,1-0
5r2/6k1/p3pn1p/1p2Q3/5P2/7P/PPP4K/8 w - - 0 32,32,12,29,2,0,0,Middlegame,5,4,0,1,0,0,0,1,1,0,0,0,1,0,0,2,2,0,0,3,3,4.18,Qxe6,e5e6,Qxe6,e5e6,4.26,4.29,3.000000000000025,True,12,11,saransh12387,oyindre,1960,1958,1-0
5r2/6k1/p3Qn1p/1p6/5P2/7P/PPP4K/8 b - - 0 32,32,11,22,3,0,0,Middlegame,5,3,0,1,0,0,0,1,1,0,0,0,1,0,0,2,1,1,0,3,2,4.24,Re8,f8e8,Re8,f8e8,4.3,4.25,4.999999999999982,True,12,11,saransh12387,oyindre,1960,1958,1-0
4r3/6k1/p3Qn1p/1p6/5P2/7P/PPP4K/8 w - - 1 33,33,11,33,3,0,0,Middlegame,5,3,0,1,0,0,0,1,1,0,0,0,1,0,0,2,1,1,0,3,2,4.41,Qxa6,e6a6,Qxa6,e6a6,4.33,4.46,12.99999999999999,True,12,11,saransh12387,oyindre,1960,1958,1-0
4r3/6k1/Q4n1p/1p6/5P2/7P/PPP4K/8 b - - 0 33,33,10,29,4,0,0,Endgame,5,2,0,1,0,0,0,1,1,0,0,0,1,0,0,2,2,1,0,3,2,4.3,Re2+,e8e2,Re4,e8e4,4.55,4.55,0.0,False,12,11,saransh12387,oyindre,1960,1958,1-0
8/6k1/Q4n1p/1p6/5P2/7P/PPP1r2K/8 w - - 1 34,34,10,3,4,0,0,Endgame,5,2,0,1,0,0,0,1,1,0,0,0,1,0,0,2,2,1,0,3,2,4.54,Kg3,h2g3,Kg3,h2g3,4.6,4.54,5.999999999999961,True,12,11,saransh12387,oyindre,1960,1958,1-0
8/6k1/Q4n1p/1p6/5P2/6KP/PPP1r3/8 b - - 2 34,34,10,28,4,0,0,Endgame,5,2,0,1,0,0,0,1,1,0,0,0,1,0,0,2,2,1,0,3,2,4.57,Rxc2,e2c2,Rxc2,e2c2,4.75,4.66,8.999999999999986,True,12,11,saransh12387,oyindre,1960,1958,1-0
8/6k1/Q4n1p/1p6/5P2/6KP/PPr5/8 w - - 0 35,35,9,21,3,0,0,Endgame,4,2,0,1,0,0,0,1,1,0,0,0,1,0,0,2,2,1,0,3,2,4.71,Qxb5,a6b5,Qxb5,a6b5,4.42,4.48,6.00000000000005,True,12,11,saransh12387,oyindre,1960,1958,1-0
8/6k1/5n1p/1Q6/5P2/6KP/PPr5/8 b - - 0 35,35,8,28,4,0,0,Endgame,4,1,0,1,0,0,0,1,1,0,0,0,1,0,0,2,1,3,0,3,1,4.5,Rc7,c2c7,Rc5,c2c5,4.47,5.06,58.999999999999986,False,12,11,saransh12387,oyindre,1960,1958,1-0
8/2r3k1/5n1p/1Q6/5P2/6KP/PP6/8 w - - 1 36,36,8,32,4,0,0,Endgame,4,1,0,1,0,0,0,1,1,0,0,0,1,0,0,2,1,3,0,3,1,4.88,a4,a2a4,Kf3,g3f3,5.0,4.85,15.000000000000036,False,12,11,saransh12387,oyindre,1960,1958,1-0
8/2r3k1/5n1p/1Q6/P4P2/6KP/1P6/8 b - - 0 36,36,8,27,4,0,0,Endgame,4,1,0,1,0,0,0,1,1,0,0,0,1,0,0,2,1,3,0,3,1,5.07,Rd7,c7d7,Rc5,c7c5,4.9,5.22,31.99999999999994,False,12,11,saransh12387,oyindre,1960,1958,1-0
8/3r2k1/5n1p/1Q6/P4P2/6KP/1P6/8 w - - 1 37,37,8,29,4,0,0,Endgame,4,1,0,1,0,0,0,1,1,0,0,0,1,0,0,2,1,3,0,3,1,5.07,a5,a4a5,a5,a4a5,5.14,5.01,12.99999999999999,True,12,11,saransh12387,oyindre,1960,1958,1-0
8/3r2k1/5n1p/PQ6/5P2/6KP/1P6/8 b - - 0 37,37,8,26,4,0,0,Endgame,4,1,0,1,0,0,0,1,1,0,0,0,1,0,0,2,1,3,0,3,1,5.17,Ne4+,f6e4,Rd5,d7d5,5.38,5.42,4.0000000000000036,False,12,11,saransh12387,oyindre,1960,1958,1-0
8/3r2k1/7p/PQ6/4nP2/6KP/1P6/8 w - - 1 38,38,8,5,4,0,0,Endgame,4,1,0,1,0,0,0,1,1,0,0,0,1,0,0,2,1,3,0,3,1,5.24,Kf3,g3f3,Kf3,g3f3,5.4,5.36,4.0000000000000036,True,12,11,saransh12387,oyindre,1960,1958,1-0
8/3r2k1/7p/PQ6/4nP2/5K1P/1P6/8 b - - 2 38,38,8,28,4,0,0,Endgame,4,1,0,1,0,0,0,1,1,0,0,0,1,0,0,2,1,3,0,3,1,5.43,Nf6,e4f6,Re7,d7e7,5.33,5.37,4.0000000000000036,False,12,11,saransh12387,oyindre,1960,1958,1-0
8/3r2k1/5n1p/PQ6/5P2/5K1P/1P6/8 w - - 3 39,39,8,29,4,0,0,Endgame,4,1,0,1,0,0,0,1,1,0,0,0,1,0,0,2,1,3,0,3,1,5.38,a6,a5a6,a6,a5a6,5.26,5.49,23.000000000000043,True,12,11,saransh12387,oyindre,1960,1958,1-0
8/3r2k1/P4n1p/1Q6/5P2/5K1P/1P6/8 b - - 0 39,39,8,26,4,0,0,Endgame,4,1,0,1,0,0,0,1,1,0,0,0,1,0,0,2,1,3,0,3,1,5.49,Rc7,d7c7,Kg6,g7g6,5.5,5.93,42.99999999999997,False,12,11,saransh12387,oyindre,1960,1958,1-0
8/2r3k1/P4n1p/1Q6/5P2/5K1P/1P6/8 w - - 1 40,40,8,30,4,0,0,Endgame,4,1,0,1,0,0,0,1,1,0,0,0,1,0,0,2,1,3,0,3,1,5.88,a7,a6a7,Qa5,b5a5,5.7,4.02,168.00000000000006,False,12,11,saransh12387,oyindre,1960,1958,1-0
8/P1r3k1/5n1p/1Q6/5P2/5K1P/1P6/8 b - - 0 40,40,8,27,4,0,0,Endgame,4,1,0,1,0,0,0,1,1,0,0,0,1,0,0,2,1,3,0,3,1,4.34,Rf7,c7f7,Rxa7,c7a7,4.51,7.05,254.0,False,12,11,saransh12387,oyindre,1960,1958,1-0
8/P4rk1/5n1p/1Q6/5P2/5K1P/1P6/8 w - - 1 41,41,8,34,4,0,0,Endgame,4,1,0,1,0,0,0,1,1,0,0,0,1,0,0,2,1,3,0,3,1,6.9,a8=Q,a7a8q,a8=Q,a7a8q,7.03,6.91,12.00000000000001,True,12,11,saransh12387,oyindre,1960,1958,1-0
Q7/5rk1/5n1p/1Q6/5P2/5K1P/1P6/8 b - - 0 41,41,8,17,12,0,0,Endgame,3,1,0,1,0,0,0,1,2,0,0,0,2,0,0,3,1,2,0,3,1,7.01,h5,h6h5,Rf8,f7f8,11.3,10000.0,998870.0000000001,False,12,11,saransh12387,oyindre,1960,1958,1-0
Q7/5rk1/5n2/1Q5p/5P2/5K1P/1P6/8 w - - 0 42,42,8,48,12,0,0,Endgame,3,1,0,1,0,0,0,1,2,0,0,0,2,0,0,3,1,2,0,3,1,10000.0,Qab7,a8b7,Qg5+,b5g5,10000.0,7.09,999291.0,False,12,11,saransh12387,oyindre,1960,1958,1-0
8/1Q3rk1/5n2/1Q5p/5P2/5K1P/1P6/8 b - - 1 42,42,8,18,12,0,0,Endgame,3,1,0,1,0,0,0,1,2,0,0,0,2,0,0,3,1,2,0,3,1,7.4,Rxb7,f7b7,Rxb7,f7b7,7.42,7.23,18.99999999999995,True,12,11,saransh12387,oyindre,1960,1958,1-0
8/1r4k1/5n2/1Q5p/5P2/5K1P/1P6/8 w - - 0 43,43,7,29,3,0,0,Endgame,3,1,0,1,0,0,0,1,1,0,0,0,1,0,0,3,1,2,0,3,1,7.45,Qxb7+,b5b7,Qxb7+,b5b7,7.19,7.4,20.999999999999996,True,12,11,saransh12387,oyindre,1960,1958,1-0
8/1Q4k1/5n2/7p/5P2/5K1P/1P6/8 b - - 0 43,43,6,6,8,0,0,Endgame,3,1,0,1,0,0,0,0,1,0,0,0,1,0,0,3,1,2,0,3,1,7.26,Kg6,g7g6,Kf8,g7f8,7.48,7.69,20.999999999999996,False,12,11,saransh12387,oyindre,1960,1958,1-0
8/1Q6/5nk1/7p/5P2/5K1P/1P6/8 w - - 1 44,44,6,27,8,0,0,Endgame,3,1,0,1,0,0,0,0,1,0,0,0,1,0,0,3,1,2,0,3,1,8.05,Qc6,b7c6,b4,b2b4,8.02,7.46,55.99999999999996,False,12,11,saransh12387,oyindre,1960,1958,1-0
8/8/2Q2nk1/7p/5P2/5K1P/1P6/8 b - - 2 44,44,6,6,8,0,0,Endgame,3,1,0,1,0,0,0,0,1,0,0,0,1,0,0,3,1,2,0,3,1,7.8,Kf7,g6f7,Kf7,g6f7,7.8,7.62,17.99999999999997,True,12,11,saransh12387,oyindre,1960,1958,1-0
8/5k2/2Q2n2/7p/5P2/5K1P/1P6/8 w - - 3 45,45,6,29,8,0,0,Endgame,3,1,0,1,0,0,0,0,1,0,0,0,1,0,0,3,1,2,0,3,1,7.79,Qxf6+,c6f6,b4,b2b4,7.5,5.33,217.0,False,12,11,saransh12387,oyindre,1960,1958,1-0
8/5k2/5Q2/7p/5P2/5K1P/1P6/8 b - - 0 45,45,5,3,11,0,0,Endgame,3,1,0,0,0,0,0,0,1,0,0,0,1,0,0,3,1,2,0,3,1,5.3,Kxf6,f7f6,Kxf6,f7f6,5.24,5.54,29.999999999999982,True,12,11,saransh12387,oyindre,1960,1958,1-0
8/8/5k2/7p/5P2/5K1P/1P6/8 w - - 0 46,46,4,10,2,0,0,Endgame,3,1,0,0,0,0,0,0,0,0,0,0,0,0,0,3,1,2,0,3,1,7.16,Ke4,f3e4,b4,b2b4,7.53,5.46,207.00000000000003,False,12,11,saransh12387,oyindre,1960,1958,1-0
8/8/5k2/7p/4KP2/7P/1P6/8 b - - 1 46,46,4,6,2,0,0,Endgame,3,1,0,0,0,0,0,0,0,0,0,0,0,0,0,3,1,2,0,3,1,5.73,Ke6,f6e6,Ke6,f6e6,6.47,7.39,92.0,True,12,11,saransh12387,oyindre,1960,1958,1-0
8/8/4k3/7p/4KP2/7P/1P6/8 w - - 2 47,47,4,8,2,0,0,Endgame,3,1,0,0,0,0,0,0,0,0,0,0,0,0,0,3,1,2,0,3,1,7.74,b4,b2b4,b4,b2b4,9.03,9.17,14.000000000000057,True,12,11,saransh12387,oyindre,1960,1958,1-0
8/8/4k3/7p/1P2KP2/7P/8/8 b - - 0 47,47,4,6,2,0,0,Endgame,3,1,0,0,0,0,0,0,0,0,0,0,0,0,0,3,1,2,0,3,1,6.77,Kf6,e6f6,Kd6,e6d6,9.67,9.59,8.000000000000007,False,12,11,saransh12387,oyindre,1960,1958,1-0
8/8/5k2/7p/1P2KP2/7P/8/8 w - - 1 48,48,4,8,2,0,0,Endgame,3,1,0,0,0,0,0,0,0,0,0,0,0,0,0,3,1,2,0,3,1,8.08,b5,b4b5,b5,b4b5,10.22,10.27,4.999999999999893,True,12,11,saransh12387,oyindre,1960,1958,1-0
8/8/5k2/1P5p/4KP2/7P/8/8 b - - 0 48,48,4,6,2,0,0,Endgame,3,1,0,0,0,0,0,0,0,0,0,0,0,0,0,3,1,2,0,3,1,10.07,Ke6,f6e6,Ke6,f6e6,10.32,10.42,9.999999999999964,True,12,11,saransh12387,oyindre,1960,1958,1-0
8/8/4k3/1P5p/4KP2/7P/8/8 w - - 1 49,49,4,7,2,0,0,Endgame,3,1,0,0,0,0,0,0,0,0,0,0,0,0,0,3,1,2,0,3,1,10.41,b6,b5b6,b6,b5b6,10.43,10.4,2.999999999999936,True,12,11,saransh12387,oyindre,1960,1958,1-0
8/8/1P2k3/7p/4KP2/7P/8/8 b - - 0 49,49,4,6,2,0,0,Endgame,3,1,0,0,0,0,0,0,0,0,0,0,0,0,0,3,1,2,0,3,1,10.82,h4,h5h4,Kd6,e6d6,10.63,12.92,228.99999999999991,False,12,11,saransh12387,oyindre,1960,1958,1-0
8/8/1P2k3/8/4KP1p/7P/8/8 w - - 0 50,50,4,6,2,0,0,Endgame,3,1,0,0,0,0,0,0,0,0,0,0,0,0,0,3,1,2,0,3,1,12.73,b7,b6b7,b7,b6b7,12.89,13.08,18.99999999999995,True,12,11,saransh12387,oyindre,1960,1958,1-0
8/1P6/4k3/8/4KP1p/7P/8/8 b - - 0 50,50,4,5,2,0,0,Endgame,3,1,0,0,0,0,0,0,0,0,0,0,0,0,0,3,1,2,0,3,1,13.06,Kf6,e6f6,Kd6,e6d6,10000.0,10000.0,0.0,False,12,11,saransh12387,oyindre,1960,1958,1-0
8/1P6/5k2/8/4KP1p/7P/8/8 w - - 1 51,51,4,10,2,0,0,Endgame,3,1,0,0,0,0,0,0,0,0,0,0,0,0,0,3,1,2,0,3,1,10000.0,b8=Q,b7b8q,b8=Q,b7b8q,10000.0,10000.0,0.0,True,12,11,saransh12387,oyindre,1960,1958,1-0
1Q6/8/5k2/8/4KP1p/7P/8/8 b - - 0 51,51,4,5,10,0,0,Endgame,2,1,0,0,0,0,0,0,1,0,0,0,1,0,0,2,1,1,0,2,1,10000.0,Ke6,f6e6,Kg7,f6g7,10000.0,10000.0,0.0,False,12,11,saransh12387,oyindre,1960,1958,1-0
1Q6/8/4k3/8/4KP1p/7P/8/8 w - - 1 52,52,4,23,10,0,0,Endgame,2,1,0,0,0,0,0,0,1,0,0,0,1,0,0,2,1,1,0,2,1,10000.0,Qb5,b8b5,Qc7,b8c7,10000.0,13.15,998685.0,False,12,11,saransh12387,oyindre,1960,1958,1-0
8/8/4k3/1Q6/4KP1p/7P/8/8 b - - 2 52,52,4,4,10,0,0,Endgame,2,1,0,0,0,0,0,0,1,0,0,0,1,0,0,2,1,1,0,2,1,10000.0,Kf6,e6f6,Kd6,e6d6,10000.0,10000.0,0.0,False,12,11,saransh12387,oyindre,1960,1958,1-0
8/8/5k2/1Q6/4KP1p/7P/8/8 w - - 3 53,53,4,29,10,0,0,Endgame,2,1,0,0,0,0,0,0,1,0,0,0,1,0,0,2,1,1,0,2,1,10000.0,Qc6+,b5c6,Qd7,b5d7,10000.0,10000.0,0.0,False,12,11,saransh12387,oyindre,1960,1958,1-0
8/8/2Q2k2/8/4KP1p/7P/8/8 b - - 4 53,53,4,3,10,0,0,Endgame,2,1,0,0,0,0,0,0,1,0,0,0,1,0,0,2,1,1,0,2,1,10000.0,Kg7,f6g7,Kg7,f6g7,10000.0,10000.0,0.0,True,12,11,saransh12387,oyindre,1960,1958,1-0
8/6k1/2Q5/8/4KP1p/7P/8/8 w - - 5 54,54,4,29,10,0,0,Endgame,2,1,0,0,0,0,0,0,1,0,0,0,1,0,0,2,1,1,0,2,1,10000.0,Kf5,e4f5,Qc7+,c6c7,10000.0,10000.0,0.0,False,12,11,saransh12387,oyindre,1960,1958,1-0
8/6k1/2Q5/5K2/5P1p/7P/8/8 b - - 6 54,54,4,5,10,0,0,Endgame,2,1,0,0,0,0,0,0,1,0,0,0,1,0,0,2,1,1,0,2,1,10000.0,Kh7,g7h7,Kg8,g7g8,10000.0,10000.0,0.0,False,12,11,saransh12387,oyindre,1960,1958,1-0
8/7k/2Q5/5K2/5P1p/7P/8/8 w - - 7 55,55,4,31,10,0,0,Endgame,2,1,0,0,0,0,0,0,1,0,0,0,1,0,0,2,1,1,0,2,1,10000.0,Qc7+,c6c7,Qc7+,c6c7,10000.0,10000.0,0.0,True,12,11,saransh12387,oyindre,1960,1958,1-0
8/2Q4k/8/5K2/5P1p/7P/8/8 b - - 8 55,55,4,3,10,0,0,Endgame,2,1,0,0,0,0,0,0,1,0,0,0,1,0,0,2,1,1,0,2,1,10000.0,Kg8,h7g8,Kh8,h7h8,10000.0,10000.0,0.0,False,12,11,saransh12387,oyindre,1960,1958,1-0
6k1/2Q5/8/5K2/5P1p/7P/8/8 w - - 9 56,56,4,27,10,0,1,Endgame,2,1,0,0,0,0,0,0,1,0,0,0,1,0,0,2,1,1,0,2,1,10000.0,Kf6,f5f6,Kg6,f5g6,10000.0,10000.0,0.0,False,12,11,saransh12387,oyindre,1960,1958,1-0
6k1/2Q5/5K2/8/5P1p/7P/8/8 b - - 10 56,56,4,2,10,0,1,Endgame,2,1,0,0,0,0,0,0,1,0,0,0,1,0,0,2,1,1,0,2,1,10000.0,Kh8,g8h8,Kh8,g8h8,10000.0,10000.0,0.0,True,12,11,saransh12387,oyindre,1960,1958,1-0
7k/2Q5/5K2/8/5P1p/7P/8/8 w - - 11 57,57,4,28,10,0,0,Endgame,2,1,0,0,0,0,0,0,1,0,0,0,1,0,0,2,1,1,0,2,1,10000.0,Qe7,c7e7,Qg7#,c7g7,10000.0,10000.0,0.0,False,12,11,saransh12387,oyindre,1960,1958,1-0
7k/4Q3/5K2/8/5P1p/7P/8/8 b - - 12 57,57,4,1,10,0,0,Endgame,2,1,0,0,0,0,0,0,1,0,0,0,1,0,0,2,1,1,0,2,1,10000.0,Kg8,h8g8,Kg8,h8g8,10000.0,10000.0,0.0,True,12,11,saransh12387,oyindre,1960,1958,1-0
6k1/4Q3/5K2/8/5P1p/7P/8/8 w - - 13 58,58,4,26,10,0,1,Endgame,2,1,0,0,0,0,0,0,1,0,0,0,1,0,0,2,1,1,0,2,1,10000.0,Kg6,f6g6,Qg7#,e7g7,10000.0,10000.0,0.0,False,12,11,saransh12387,oyindre,1960,1958,1-0
6k1/4Q3/6K1/8/5P1p/7P/8/8 b - - 14 58,58,4,1,10,0,1,Endgame,2,1,0,0,0,0,0,0,1,0,0,0,1,0,0,2,1,1,0,2,1,10000.0,Kh8,g8h8,Kh8,g8h8,10000.0,10000.0,0.0,True,12,11,saransh12387,oyindre,1960,1958,1-0
7k/4Q3/6K1/8/5P1p/7P/8/8 w - - 15 59,59,4,30,10,0,0,Endgame,2,1,0,0,0,0,0,0,1,0,0,0,1,0,0,2,1,1,0,2,1,10000.0,Qg7#,e7g7,Qg7#,e7g7,10000.0,10000.0,0.0,True,12,11,saransh12387,oyindre,1960,1958,1-0
rnbqkbnr/pppppppp/8/8/8/8/PPPPPPPP/RNBQKBNR w KQkq - 0 1,1,30,20,0,0,0,Opening,8,8,2,2,2,2,2,2,1,1,1,1,2,0,0,0,0,0,0,1,1,0.43,e4,e2e4,e4,e2e4,0.31,0.28,2.9999999999999973,True,12,12,saransh12387,Mchessclub,1959,1999,0-1
rnbqkbnr/pppppppp/8/8/4P3/8/PPPP1PPP/RNBQKBNR b KQkq - 0 1,1,30,20,0,0,0,Opening,8,8,2,2,2,2,2,2,1,1,1,1,2,0,0,0,0,0,0,1,1,0.33,c5,c7c5,e5,e7e5,0.35,0.5,15.000000000000002,False,12,12,saransh12387,Mchessclub,1959,1999,0-1
rnbqkbnr/pp1ppppp/8/2p5/4P3/8/PPPP1PPP/RNBQKBNR w KQkq - 0 2,2,30,30,0,0,0,Opening,8,8,2,2,2,2,2,2,1,1,1,1,2,0,0,0,0,0,0,1,1,0.5,Nc3,b1c3,Nf3,g1f3,0.5,0.46,3.9999999999999982,False,12,12,saransh12387,Mchessclub,1959,1999,0-1
rnbqkbnr/pp1ppppp/8/2p5/4P3/2N5/PPPP1PPP/R1BQKBNR b KQkq - 1 2,2,30,22,0,0,0,Opening,8,8,2,2,2,2,2,2,1,1,1,1,2,0,0,0,0,0,0,1,1,0.48,d6,d7d6,Nc6,b8c6,0.42,0.51,9.000000000000002,False,12,12,saransh12387,Mchessclub,1959,1999,0-1
rnbqkbnr/pp2pppp/3p4/2p5/4P3/2N5/PPPP1PPP/R1BQKBNR w KQkq - 0 3,3,30,32,0,0,0,Opening,8,8,2,2,2,2,2,2,1,1,1,1,2,0,0,0,0,0,0,1,1,0.37,f4,f2f4,Nge2,g1e2,0.53,0.23,30.000000000000004,False,12,12,saransh12387,Mchessclub,1959,1999,0-1
rnbqkbnr/pp2pppp/3p4/2p5/4PP2/2N5/PPPP2PP/R1BQKBNR b KQkq - 0 3,3,30,29,0,0,0,Opening,8,8,2,2,2,2,2,2,1,1,1,1,2,0,0,0,0,0,0,1,1,0.19,Nc6,b8c6,Nc6,b8c6,0.19,0.19,0.0,True,12,12,saransh12387,Mchessclub,1959,1999,0-1
r1bqkbnr/pp2pppp/2np4/2p5/4PP2/2N5/PPPP2PP/R1BQKBNR w KQkq - 1 4,4,30,32,0,0,0,Opening,8,8,2,2,2,2,2,2,1,1,1,1,2,0,0,0,0,0,0,1,1,0.17,Bb5,f1b5,Nf3,g1f3,0.14,-0.01,15.000000000000002,False,12,12,saransh12387,Mchessclub,1959,1999,0-1
r1bqkbnr/pp2pppp/2np4/1Bp5/4PP2/2N5/PPPP2PP/R1BQK1NR b KQkq - 2 4,4,30,26,0,0,0,Opening,8,8,2,2,2,2,2,2,1,1,1,1,2,0,0,0,0,0,0,1,1,-0.09,Bd7,c8d7,Bd7,c8d7,-0.13,-0.08,5.0,True,12,12,saransh12387,Mchessclub,1959,1999,0-1
r2qkbnr/pp1bpppp/2np4/1Bp5/4PP2/2N5/PPPP2PP/R1BQK1NR w KQkq - 3 5,5,30,34,0,0,0,Opening,8,8,2,2,2,2,2,2,1,1,1,1,2,0,0,0,0,0,0,1,1,-0.05,Bxc6,b5c6,Nf3,g1f3,0.0,-0.3,30.0,False,12,12,saransh12387,Mchessclub,1959,1999,0-1
r2qkbnr/pp1bpppp/2Bp4/2p5/4PP2/2N5/PPPP2PP/R1BQK1NR b KQkq - 0 5,5,29,25,3,0,0,Opening,8,8,2,1,2,2,2,2,1,1,1,1,2,0,0,0,0,0,0,1,1,-0.24,Bxc6,d7c6,Bxc6,d7c6,-0.27,-0.21,6.000000000000003,True,12,12,saransh12387,Mchessclub,1959,1999,0-1
r2qkbnr/pp2pppp/2bp4/2p5/4PP2/2N5/PPPP2PP/R1BQK1NR w KQkq - 0 6,6,28,28,0,0,0,Opening,8,8,2,1,1,2,2,2,1,1,0,1,2,0,0,0,0,0,0,1,1,-0.15,Nf3,g1f3,Nf3,g1f3,-0.15,-0.15,0.0,True,12,12,saransh12387,Mchessclub,1959,1999,0-1
r2qkbnr/pp2pppp/2bp4/2p5/4PP2/2N2N2/PPPP2PP/R1BQK2R b KQkq - 1 6,6,28,30,0,0,0,Opening,8,8,2,1,1,2,2,2,1,1,0,1,2,0,0,0,0,0,0,1,1,-0.17,Nf6,g8f6,Nf6,g8f6,-0.14,-0.14,0.0,True,12,12,saransh12387,Mchessclub,1959,1999,0-1
r2qkb1r/pp2pppp/2bp1n2/2p5/4PP2/2N2N2/PPPP2PP/R1BQK2R w KQkq - 2 7,7,28,30,0,0,0,Opening,8,8,2,1,1,2,2,2,1,1,0,1,2,0,0,0,0,0,0,1,1,-0.15,d3,d2d3,d3,d2d3,-0.12,-0.15,3.0,True,12,12,saransh12387,Mchessclub,1959,1999,0-1
r2qkb1r/pp2pppp/2bp1n2/2p5/4PP2/2NP1N2/PPP3PP/R1BQK2R b KQkq - 0 7,7,28,33,0,0,0,Opening,8,8,2,1,1,2,2,2,1,1,0,1,2,0,0,0,0,0,0,1,1,-0.18,e6,e7e6,g6,g7g6,-0.23,-0.19,4.000000000000001,False,12,12,saransh12387,Mchessclub,1959,1999,0-1
r2qkb1r/pp3ppp/2bppn2/2p5/4PP2/2NP1N2/PPP3PP/R1BQK2R w KQkq - 0 8,8,28,34,0,0,0,Opening,8,8,2,1,1,2,2,2,1,1,0,1,2,0,0,0,0,0,0,1,1,-0.19,O-O,e1g1,a4,a2a4,-0.17,-0.17,0.0,False,12,12,saransh12387,Mchessclub,1959,1999,0-1
r2qkb1r/pp3ppp/2bppn2/2p5/4PP2/2NP1N2/PPP3PP/R1BQ1RK1 b kq - 1 8,8,28,35,0,1,0,Opening,8,8,2,1,1,2,2,2,1,1,0,1,2,0,0,0,0,0,0,1,1,-0.17,Be7,f8e7,Be7,f8e7,-0.22,-0.23,1.0000000000000009,True,12,12,saransh12387,Mchessclub,1959,1999,0-1
r2qk2r/pp2bppp/2bppn2/2p5/4PP2/2NP1N2/PPP3PP/R1BQ1RK1 w kq - 2 9,9,28,32,0,1,0,Opening,8,8,2,1,1,2,2,2,1,1,0,1,2,0,0,0,0,0,0,1,1,-0.2,Qe1,d1e1,a4,a2a4,-0.24,-0.33,9.000000000000002,False,12,12,saransh12387,Mchessclub,1959,1999,0-1
r2qk2r/pp2bppp/2bppn2/2p5/4PP2/2NP1N2/PPP3PP/R1B1QRK1 b kq - 3 9,9,28,36,0,1,0,Opening,8,8,2,1,1,2,2,2,1,1,0,1,2,0,0,0,0,0,0,1,1,-0.26,O-O,e8g8,Qd7,d8d7,-0.22,-0.18,4.000000000000001,False,12,12,saransh12387,Mchessclub,1959,1999,0-1
r2q1rk1/pp2bppp/2bppn2/2p5/4PP2/2NP1N2/PPP3PP/R1B1QRK1 w - - 4 10,10,28,35,0,1,1,Opening,8,8,2,1,1,2,2,2,1,1,0,1,2,0,0,0,0,0,0,1,1,-0.24,Qg3,e1g3,a4,a2a4,-0.3,-0.23,6.999999999999998,False,12,12,saransh12387,Mchessclub,1959,1999,0-1
r2q1rk1/pp2bppp/2bppn2/2p5/4PP2/2NP1NQ1/PPP3PP/R1B2RK1 b - - 5 10,10,28,34,0,1,1,Opening,8,8,2,1,1,2,2,2,1,1,0,1,2,0,0,0,0,0,0,1,1,-0.26,d5,d6d5,b5,b7b5,-0.29,0.03,31.999999999999996,False,12,12,saransh12387,Mchessclub,1959,1999,0-1
r2q1rk1/pp2bppp/2b1pn2/2pp4/4PP2/2NP1NQ1/PPP3PP/R1B2RK1 w - - 0 11,11,28,38,0,1,1,Opening,8,8,2,1,1,2,2,2,1,1,0,1,2,0,0,0,0,0,0,1,1,-0.02,e5,e4e5,e5,e4e5,0.0,-0.03,3.0,True,12,12,saransh12387,Mchessclub,1959,1999,0-1
r2q1rk1/pp2bppp/2b1pn2/2ppP3/5P2/2NP1NQ1/PPP3PP/R1B2RK1 b - - 0 11,11,28,32,0,1,1,Opening,8,8,2,1,1,2,2,2,1,1,0,1,2,0,0,0,0,0,0,1,1,-0.08,Nd7,f6d7,Nd7,f6d7,0.03,0.0,3.0,True,12,12,saransh12387,Mchessclub,1959,1999,0-1
r2q1rk1/pp1nbppp/2b1p3/2ppP3/5P2/2NP1NQ1/PPP3PP/R1B2RK1 w - - 1 12,12,28,36,0,1,1,Opening,8,8,2,1,1,2,2,2,1,1,0,1,2,0,0,0,0,0,0,1,1,0.0,d4,d3d4,Nd1,c3d1,0.0,-0.51,51.0,False,12,12,saransh12387,Mchessclub,1959,1999,0-1
r2q1rk1/pp1nbppp/2b1p3/2ppP3/3P1P2/2N2NQ1/PPP3PP/R1B2RK1 b - - 0 12,12,28,32,0,1,1,Opening,8,8,2,1,1,2,2,2,1,1,0,1,2,0,0,0,0,0,0,1,1,-0.51,g6,g7g6,Qb6,d8b6,-0.51,0.7,121.0,False,12,12,saransh12387,Mchessclub,1959,1999,0-1
r2q1rk1/pp1nbp1p/2b1p1p1/2ppP3/3P1P2/2N2NQ1/PPP3PP/R1B2RK1 w - - 0 13,13,28,34,0,1,1,Opening,8,8,2,1,1,2,2,2,1,1,0,1,2,0,0,0,0,0,0,1,1,0.62,Qh3,g3h3,Be3,c1e3,0.62,-0.67,129.0,False,12,12,saransh12387,Mchessclub,1959,1999,0-1
r2q1rk1/pp1nbp1p/2b1p1p1/2ppP3/3P1P2/2N2N1Q/PPP3PP/R1B2RK1 b - - 1 13,13,28,32,0,1,1,Opening,8,8,2,1,1,2,2,2,1,1,0,1,2,0,0,0,0,0,0,1,1,-0.74,cxd4,c5d4,cxd4,c5d4,-0.55,-0.64,8.999999999999996,True,12,12,saransh12387,Mchessclub,1959,1999,0-1
r2q1rk1/pp1nbp1p/2b1p1p1/3pP3/3p1P2/2N2N1Q/PPP3PP/R1B2RK1 w - - 0 14,14,27,35,-1,1,1,Opening,7,8,2,1,1,2,2,2,1,1,0,1,2,0,1,0,0,0,0,2,2,-0.65,Nxd4,f3d4,Nxd4,f3d4,-0.52,-0.5,2.0000000000000018,True,12,12,saransh12387,Mchessclub,1959,1999,0-1
r2q1rk1/pp1nbp1p/2b1p1p1/3pP3/3N1P2/2N4Q/PPP3PP/R1B2RK1 b - - 0 14,14,26,34,0,1,1,Opening,7,7,2,1,1,2,2,2,1,1,0,1,2,0,0,0,0,0,0,2,2,-0.47,Bc5,e7c5,Bc5,e7c5,-0.58,-0.6,2.0000000000000018,True,12,12,saransh12387,Mchessclub,1959,1999,0-1
r2q1rk1/pp1n1p1p/2b1p1p1/2bpP3/3N1P2/2N4Q/PPP3PP/R1B2RK1 w - - 1 15,15,26,34,0,1,1,Opening,7,7,2,1,1,2,2,2,1,1,0,1,2,0,0,0,0,0,0,2,2,-0.6,Be3,c1e3,Rd1,f1d1,-0.58,-0.86,28.000000000000004,False,12,12,saransh12387,Mchessclub,1959,1999,0-1
r2q1rk1/pp1n1p1p/2b1p1p1/2bpP3/3N1P2/2N1B2Q/PPP3PP/R4RK1 b - - 2 15,15,26,36,0,1,1,Opening,7,7,2,1,1,2,2,2,1,1,0,1,2,0,0,0,0,0,0,2,2,-0.85,Qb6,d8b6,Qb6,d8b6,-0.8,-0.78,2.0000000000000018,True,12,12,saransh12387,Mchessclub,1959,1999,0-1
r4rk1/pp1n1p1p/1qb1p1p1/2bpP3/3N1P2/2N1B2Q/PPP3PP/R4RK1 w - - 3 16,16,26,45,0,1,1,Opening,7,7,2,1,1,2,2,2,1,1,0,1,2,0,0,0,0,0,0,2,2,-0.82,Nce2,c3e2,Rad1,a1d1,-0.86,-1.58,72.00000000000001,False,12,12,saransh12387,Mchessclub,1959,1999,0-1
r4rk1/pp1n1p1p/1qb1p1p1/2bpP3/3N1P2/4B2Q/PPP1N1PP/R4RK1 b - - 4 16,16,26,35,0,1,1,Opening,7,7,2,1,1,2,2,2,1,1,0,1,2,0,0,0,0,0,0,2,2,-1.06,Qxb2,b6b2,Bb5,c6b5,-1.2,-0.37,83.0,False,12,12,saransh12387,Mchessclub,1959,1999,0-1
r4rk1/pp1n1p1p/2b1p1p1/2bpP3/3N1P2/4B2Q/PqP1N1PP/R4RK1 w - - 0 17,17,25,40,-1,1,1,Opening,6,7,2,1,1,2,2,2,1,1,0,1,2,0,0,2,0,0,0,3,2,-0.3,Nxc6,d4c6,a4,a2a4,-0.33,-2.16,183.0,False,12,12,saransh12387,Mchessclub,1959,1999,0-1
r4rk1/pp1n1p1p/2N1p1p1/2bpP3/5P2/4B2Q/PqP1N1PP/R4RK1 b - - 0 17,17,24,45,2,1,1,Middlegame,6,7,2,1,1,1,2,2,1,1,0,0,2,0,0,2,0,0,0,3,2,-2.06,bxc6,b7c6,bxc6,b7c6,-2.0,-2.1,10.000000000000009,True,12,12,saransh12387,Mchessclub,1959,1999,0-1
r4rk1/p2n1p1p/2p1p1p1/2bpP3/5P2/4B2Q/PqP1N1PP/R4RK1 w - - 0 18,18,23,35,-1,1,1,Middlegame,6,7,1,1,1,1,2,2,1,1,0,0,2,0,0,2,1,0,0,3,2,-2.1,Bxc5,e3c5,Rad1,a1d1,-2.11,-2.18,7.000000000000028,False,12,12,saransh12387,Mchessclub,1959,1999,0-1
r4rk1/p2n1p1p/2p1p1p1/2BpP3/5P2/7Q/PqP1N1PP/R4RK1 b - - 0 18,18,22,38,2,1,1,Middlegame,6,7,1,1,1,0,2,2,1,1,0,0,2,0,0,2,1,0,0,3,2,-2.03,Nxc5,d7c5,Nxc5,d7c5,-1.95,-2.0,5.000000000000004,True,12,12,saransh12387,Mchessclub,1959,1999,0-1
r4rk1/p4p1p/2p1p1p1/2npP3/5P2/7Q/PqP1N1PP/R4RK1 w - - 0 19,19,21,37,-1,1,1,Middlegame,6,7,1,1,0,0,2,2,1,1,0,0,2,0,0,2,1,0,0,3,2,-1.97,Ng3,e2g3,Ng3,e2g3,-2.22,-1.95,27.000000000000025,True,12,12,saransh12387,Mchessclub,1959,1999,0-1
r4rk1/p4p1p/2p1p1p1/2npP3/5P2/6NQ/PqP3PP/R4RK1 b - - 1 19,19,21,40,-1,1,1,Middlegame,6,7,1,1,0,0,2,2,1,1,0,0,2,0,0,2,1,0,0,3,2,-2.23,Rab8,a8b8,Qxc2,b2c2,-2.3,-2.12,17.99999999999997,False,12,12,saransh12387,Mchessclub,1959,1999,0-1
1r3rk1/p4p1p/2p1p1p1/2npP3/5P2/6NQ/PqP3PP/R4RK1 w - - 2 20,20,21,29,-1,1,1,Middlegame,6,7,1,1,0,0,2,2,1,1,0,0,2,0,0,2,1,0,0,3,2,-2.13,Qg4,h3g4,Qh6,h3h6,-2.07,-2.51,43.99999999999999,False,12,12,saransh12387,Mchessclub,1959,1999,0-1
1r3rk1/p4p1p/2p1p1p1/2npP3/5PQ1/6N1/PqP3PP/R4RK1 b - - 3 20,20,21,43,-1,1,1,Middlegame,6,7,1,1,0,0,2,2,1,1,0,0,2,0,0,2,1,0,0,3,2,-2.71,Qd4+,b2d4,Qxc2,b2c2,-2.46,-2.66,20.000000000000018,False,12,12,saransh12387,Mchessclub,1959,1999,0-1
1r3rk1/p4p1p/2p1p1p1/2npP3/3q1PQ1/6N1/P1P3PP/R4RK1 w - - 4 21,21,21,2,-1,1,1,Middlegame,6,7,1,1,0,0,2,2,1,1,0,0,2,0,0,2,1,0,0,3,2,-2.7,Kh1,g1h1,Kh1,g1h1,-2.68,-2.87,18.999999999999993,True,12,12,saransh12387,Mchessclub,1959,1999,0-1
1r3rk1/p4p1p/2p1p1p1/2npP3/3q1PQ1/6N1/P1P3PP/R4R1K b - - 5 21,21,21,45,-1,0,1,Middlegame,6,7,1,1,0,0,2,2,1,1,0,0,2,0,0,2,1,0,0,3,2,-2.81,Ne4,c5e4,Ne4,c5e4,-2.79,-2.56,23.0,True,12,12,saransh12387,Mchessclub,1959,1999,0-1
1r3rk1/p4p1p/2p1p1p1/3pP3/3qnPQ1/6N1/P1P3PP/R4R1K w - - 6 22,22,21,32,-1,0,1,Middlegame,6,7,1,1,0,0,2,2,1,1,0,0,2,0,0,2,1,0,0,3,2,-2.59,Nxe4,g3e4,Qh4,g4h4,-2.79,-3.01,21.999999999999975,False,12,12,saransh12387,Mchessclub,1959,1999,0-1
1r3rk1/p4p1p/2p1p1p1/3pP3/3qNPQ1/8/P1P3PP/R4R1K b - - 0 22,22,20,41,2,0,1,Middlegame,6,7,1,0,0,0,2,2,1,1,0,0,2,0,0,2,1,0,0,3,2,-2.78,Qxe4,d4e4,Qxe4,d4e4,-2.65,-3.02,37.000000000000014,True,12,12,saransh12387,Mchessclub,1959,1999,0-1
1r3rk1/p4p1p/2p1p1p1/3pP3/4qPQ1/8/P1P3PP/R4R1K w - - 0 23,23,19,30,-1,0,1,Middlegame,6,7,0,0,0,0,2,2,1,1,0,0,2,0,0,2,1,0,0,3,2,-2.69,c3,c2c3,Qf3,g4f3,-2.86,-2.89,3.000000000000025,False,12,12,saransh12387,Mchessclub,1959,1999,0-1
1r3rk1/p4p1p/2p1p1p1/3pP3/4qPQ1/2P5/P5PP/R4R1K b - - 0 23,23,19,40,-1,0,1,Middlegame,6,7,0,0,0,0,2,2,1,1,0,0,2,0,0,2,1,0,0,3,2,-2.95,Rb2,b8b2,Rb2,b8b2,-2.88,-2.87,0.9999999999999787,True,12,12,saransh12387,Mchessclub,1959,1999,0-1
5rk1/p4p1p/2p1p1p1/3pP3/4qPQ1/2P5/Pr4PP/R4R1K w - - 1 24,24,19,29,-1,0,1,Middlegame,6,7,0,0,0,0,2,2,1,1,0,0,2,0,0,2,1,0,0,3,2,-2.88,Rae1,a1e1,Rae1,a1e1,-2.87,-2.78,9.00000000000003,True,12,12,saransh12387,Mchessclub,1959,1999,0-1
5rk1/p4p1p/2p1p1p1/3pP3/4qPQ1/2P5/Pr4PP/4RR1K b - - 2 24,24,19,44,-1,0,1,Middlegame,6,7,0,0,0,0,2,2,1,1,0,0,2,0,0,2,1,0,0,3,2,-2.84,Qc4,e4c4,h5,h7h5,-2.83,-2.21,62.000000000000014,False,12,12,saransh12387,Mchessclub,1959,1999,0-1
5rk1/p4p1p/2p1p1p1/3pP3/2q2PQ1/2P5/Pr4PP/4RR1K w - - 3 25,25,19,28,-1,0,1,Middlegame,6,7,0,0,0,0,2,2,1,1,0,0,2,0,0,2,1,0,0,3,2,-2.35,Qh3,g4h3,h4,h2h4,-2.49,-2.89,39.99999999999999,False,12,12,saransh12387,Mchessclub,1959,1999,0-1
5rk1/p4p1p/2p1p1p1/3pP3/2q2P2/2P4Q/Pr4PP/4RR1K b - - 4 25,25,19,43,-1,0,1,Middlegame,6,7,0,0,0,0,2,2,1,1,0,0,2,0,0,2,1,0,0,3,2,-2.82,Qxa2,c4a2,Rxa2,b2a2,-2.64,-2.59,5.000000000000027,False,12,12,saransh12387,Mchessclub,1959,1999,0-1
5rk1/p4p1p/2p1p1p1/3pP3/5P2/2P4Q/qr4PP/4RR1K w - - 0 26,26,18,26,-2,0,1,Middlegame,5,7,0,0,0,0,2,2,1,1,0,0,2,0,0,1,1,0,1,2,2,-2.56,f5,f4f5,f5,f4f5,-2.85,-2.96,10.999999999999988,True,12,12,saransh12387,Mchessclub,1959,1999,0-1
5rk1/p4p1p/2p1p1p1/3pPP2/8/2P4Q/qr4PP/4RR1K b - - 0 26,26,18,37,-2,0,1,Middlegame,5,7,0,0,0,0,2,2,1,1,0,0,2,0,0,1,1,0,1,2,2,-3.12,exf5,e6f5,exf5,e6f5,-3.02,-3.33,31.000000000000007,True,12,12,saransh12387,Mchessclub,1959,1999,0-1
5rk1/p4p1p/2p3p1/3pPp2/8/2P4Q/qr4PP/4RR1K w - - 0 27,27,17,27,-3,0,1,Middlegame,4,7,0,0,0,0,2,2,1,1,0,0,2,0,1,2,1,0,1,3,3,-3.36,e6,e5e6,Qg3,h3g3,-3.24,-3.28,3.999999999999959,False,12,12,saransh12387,Mchessclub,1959,1999,0-1
5rk1/p4p1p/2p1P1p1/3p1p2/8/2P4Q/qr4PP/4RR1K b - - 0 27,27,17,37,-3,0,1,Middlegame,4,7,0,0,0,0,2,2,1,1,0,0,2,0,1,2,1,0,1,3,3,-3.37,Re2,b2e2,fxe6,f7e6,-3.23,-3.2,2.9999999999999805,False,12,12,saransh12387,Mchessclub,1959,1999,0-1
5rk1/p4p1p/2p1P1p1/3p1p2/8/2P4Q/q3r1PP/4RR1K w - - 1 28,28,17,26,-3,0,1,Middlegame,4,7,0,0,0,0,2,2,1,1,0,0,2,0,1,2,1,0,1,3,3,-3.06,Ra1,e1a1,Qh4,h3h4,-3.78,-4.52,73.99999999999997,False,12,12,saransh12387,Mchessclub,1959,1999,0-1
5rk1/p4p1p/2p1P1p1/3p1p2/8/2P4Q/q3r1PP/R4R1K b - - 2 28,28,17,38,-3,0,1,Middlegame,4,7,0,0,0,0,2,2,1,1,0,0,2,0,1,2,1,0,1,3,3,-4.21,Qd2,a2d2,Qd2,a2d2,-4.21,-4.25,4.0000000000000036,True,12,12,saransh12387,Mchessclub,1959,1999,0-1
5rk1/p4p1p/2p1P1p1/3p1p2/8/2P4Q/3qr1PP/R4R1K w - - 3 29,29,17,35,-3,0,1,Middlegame,4,7,0,0,0,0,2,2,1,1,0,0,2,0,1,2,1,0,1,3,3,-4.22,Rxa7,a1a7,exf7+,e6f7,-4.06,-4.73,67.00000000000009,False,12,12,saransh12387,Mchessclub,1959,1999,0-1
5rk1/R4p1p/2p1P1p1/3p1p2/8/2P4Q/3qr1PP/5R1K b - - 0 29,29,16,35,-2,0,1,Middlegame,4,6,0,0,0,0,2,2,1,1,0,0,2,0,1,2,0,0,0,3,2,-4.7,Rxe6,e2e6,Rxe6,e2e6,-4.72,-4.65,6.99999999999994,True,12,12,saransh12387,Mchessclub,1959,1999,0-1
5rk1/R4p1p/2p1r1p1/3p1p2/8/2P4Q/3q2PP/5R1K w - - 0 30,30,15,36,-3,0,1,Middlegame,3,6,0,0,0,0,2,2,1,1,0,0,2,0,1,1,0,0,0,2,2,-4.88,Qg3,h3g3,Raa1,a7a1,-4.84,-4.85,0.9999999999999787,False,12,12,saransh12387,Mchessclub,1959,1999,0-1
5rk1/R4p1p/2p1r1p1/3p1p2/8/2P3Q1/3q2PP/5R1K b - - 1 30,30,15,39,-3,0,1,Middlegame,3,6,0,0,0,0,2,2,1,1,0,0,2,0,1,1,0,0,0,2,2,-4.84,Rfe8,f8e8,Re3,e6e3,-4.94,-4.53,41.000000000000014,False,12,12,saransh12387,Mchessclub,1959,1999,0-1
4r1k1/R4p1p/2p1r1p1/3p1p2/8/2P3Q1/3q2PP/5R1K w - - 2 31,31,15,41,-3,0,1,Middlegame,3,6,0,0,0,0,2,2,1,1,0,0,2,0,1,1,0,0,0,2,2,-4.66,h3,h2h3,h3,h2h3,-4.99,-5.09,9.999999999999964,True,12,12,saransh12387,Mchessclub,1959,1999,0-1
4r1k1/R4p1p/2p1r1p1/3p1p2/8/2P3QP/3q2P1/5R1K b - - 0 31,31,15,40,-3,0,1,Middlegame,3,6,0,0,0,0,2,2,1,1,0,0,2,0,1,1,0,0,0,2,2,-5.47,Re1,e6e1,Re1,e6e1,-5.16,-5.25,8.999999999999986,True,12,12,saransh12387,Mchessclub,1959,1999,0-1
4r1k1/R4p1p/2p3p1/3p1p2/8/2P3QP/3q2P1/4rR1K w - - 1 32,32,15,33,-3,0,1,Middlegame,3,6,0,0,0,0,2,2,1,1,0,0,2,0,1,1,0,0,0,2,2,-5.41,Rxe1,f1e1,Ra1,a7a1,-4.98,-6.03,104.99999999999999,False,12,12,saransh12387,Mchessclub,1959,1999,0-1
4r1k1/R4p1p/2p3p1/3p1p2/8/2P3QP/3q2P1/4R2K b - - 0 32,32,14,38,2,0,1,Middlegame,3,6,0,0,0,0,2,1,1,1,0,0,2,0,1,1,0,0,0,2,2,-6.5,Qxe1+,d2e1,Rxe1+,e8e1,-6.36,-4.92,144.00000000000003,False,12,12,saransh12387,Mchessclub,1959,1999,0-1
4r1k1/R4p1p/2p3p1/3p1p2/8/2P3QP/6P1/4q2K w - - 0 33,33,13,2,-3,0,1,Middlegame,3,6,0,0,0,0,1,1,1,1,0,0,2,0,1,1,0,0,0,2,2,-5.0,Qxe1,g3e1,Kh2,h1h2,-4.89,-5.18,29.000000000000004,False,12,12,saransh12387,Mchessclub,1959,1999,0-1
4r1k1/R4p1p/2p3p1/3p1p2/8/2P4P/6P1/4Q2K b - - 0 33,33,12,22,6,0,1,Middlegame,3,6,0,0,0,0,1,1,1,0,0,0,1,0,1,1,0,0,0,2,2,-5.06,Rxe1+,e8e1,Rxe1+,e8e1,-5.02,-4.93,8.999999999999986,True,12,12,saransh12387,Mchessclub,1959,1999,0-1
6k1/R4p1p/2p3p1/3p1p2/8/2P4P/6P1/4r2K w - - 0 34,34,11,1,-3,0,1,Middlegame,3,6,0,0,0,0,1,1,0,0,0,0,0,0,1,1,0,0,0,2,2,-4.88,Kh2,h1h2,Kh2,h1h2,-4.91,-4.98,7.000000000000028,True,12,12,saransh12387,Mchessclub,1959,1999,0-1
6k1/R4p1p/2p3p1/3p1p2/8/2P4P/6PK/4r3 b - - 1 34,34,11,24,-3,0,1,Middlegame,3,6,0,0,0,0,1,1,0,0,0,0,0,0,1,1,0,0,0,2,2,-4.92,Re3,e1e3,Kg7,g8g7,-4.89,-4.74,14.999999999999947,False,12,12,saransh12387,Mchessclub,1959,1999,0-1
6k1/R4p1p/2p3p1/3p1p2/8/2P1r2P/6PK/8 w - - 2 35,35,11,18,-3,0,1,Middlegame,3,6,0,0,0,0,1,1,0,0,0,0,0,0,1,1,0,0,0,2,2,-4.86,Ra3,a7a3,c4,c3c4,-4.82,-5.16,33.999999999999986,False,12,12,saransh12387,Mchessclub,1959,1999,0-1
6k1/5p1p/2p3p1/3p1p2/8/R1P1r2P/6PK/8 b - - 3 35,35,11,22,-3,0,1,Middlegame,3,6,0,0,0,0,1,1,0,0,0,0,0,0,1,1,0,0,0,2,2,-5.03,d4,d5d4,f4,f5f4,-5.0,-3.35,165.0,False,12,12,saransh12387,Mchessclub,1959,1999,0-1
6k1/5p1p/2p3p1/5p2/3p4/R1P1r2P/6PK/8 w - - 0 36,36,11,15,-3,0,1,Middlegame,3,6,0,0,0,0,1,1,0,0,0,0,0,0,1,1,0,0,0,2,2,-3.3,Ra8+,a3a8,Ra8+,a3a8,-3.07,-3.07,0.0,True,12,12,saransh12387,Mchessclub,1959,1999,0-1
R5k1/5p1p/2p3p1/5p2/3p4/2P1r2P/6PK/8 b - - 1 36,36,11,2,-3,0,1,Middlegame,3,6,0,0,0,0,1,1,0,0,0,0,0,0,1,1,0,0,0,2,2,-3.07,Kg7,g8g7,Kg7,g8g7,-2.96,-2.97,1.000000000000023,True,12,12,saransh12387,Mchessclub,1959,1999,0-1
R7/5pkp/2p3p1/5p2/3p4/2P1r2P/6PK/8 w - - 2 37,37,11,21,-3,0,0,Middlegame,3,6,0,0,0,0,1,1,0,0,0,0,0,0,1,1,0,0,0,2,2,-2.95,cxd4,c3d4,cxd4,c3d4,-3.18,-3.11,7.000000000000028,True,12,12,saransh12387,Mchessclub,1959,1999,0-1
R7/5pkp/2p3p1/5p2/3P4/4r2P/6PK/8 b - - 0 37,37,10,22,-2,0,0,Endgame,3,5,0,0,0,0,1,1,0,0,0,0,0,0,1,1,1,0,0,2,2,-3.14,Rd3,e3d3,Rc3,e3c3,-3.14,-3.09,5.000000000000027,False,12,12,saransh12387,Mchessclub,1959,1999,0-1
R7/5pkp/2p3p1/5p2/3P4/3r3P/6PK/8 w - - 1 38,38,10,20,-2,0,0,Endgame,3,5,0,0,0,0,1,1,0,0,0,0,0,0,1,1,1,0,0,2,2,-3.09,Rc8,a8c8,Rc8,a8c8,-3.16,-3.15,1.000000000000023,True,12,12,saransh12387,Mchessclub,1959,1999,0-1
2R5/5pkp/2p3p1/5p2/3P4/3r3P/6PK/8 b - - 2 38,38,10,18,-2,0,0,Endgame,3,5,0,0,0,0,1,1,0,0,0,0,0,0,1,1,1,0,0,2,2,-3.17,Rxd4,d3d4,Rxd4,d3d4,-3.17,-3.1,6.999999999999984,True,12,12,saransh12387,Mchessclub,1959,1999,0-1
2R5/5pkp/2p3p1/5p2/3r4/7P/6PK/8 w - - 0 39,39,9,15,-3,0,0,Endgame,2,5,0,0,0,0,1,1,0,0,0,0,0,0,1,0,1,0,1,1,2,-3.07,Rxc6,c8c6,Rxc6,c8c6,-3.02,-2.95,6.999999999999984,True,12,12,saransh12387,Mchessclub,1959,1999,0-1
8/5pkp/2R3p1/5p2/3r4/7P/6PK/8 b - - 0 39,39,8,23,-2,0,0,Endgame,2,4,0,0,0,0,1,1,0,0,0,0,0,0,1,0,0,0,0,1,1,-2.97,h5,h7h5,g5,g6g5,-2.82,-2.75,6.999999999999984,False,12,12,saransh12387,Mchessclub,1959,1999,0-1
8/5pk1/2R3p1/5p1p/3r4/7P/6PK/8 w - - 0 40,40,8,19,-2,0,0,Endgame,2,4,0,0,0,0,1,1,0,0,0,0,0,0,1,0,0,0,0,1,1,-2.76,Kg3,h2g3,Rc5,c6c5,-2.95,-2.93,2.0000000000000018,False,12,12,saransh12387,Mchessclub,1959,1999,0-1
8/5pk1/2R3p1/5p1p/3r4/6KP/6P1/8 b - - 1 40,40,8,23,-2,0,0,Endgame,2,4,0,0,0,0,1,1,0,0,0,0,0,0,1,0,0,0,0,1,1,-2.96,h4+,h5h4,g5,g6g5,-3.08,-3.01,7.000000000000028,False,12,12,saransh12387,Mchessclub,1959,1999,0-1
8/5pk1/2R3p1/5p2/3r3p/6KP/6P1/8 w - - 0 41,41,8,3,-2,0,0,Endgame,2,4,0,0,0,0,1,1,0,0,0,0,0,0,1,0,0,0,0,1,1,-2.97,Kf3,g3f3,Kh2,g3h2,-3.25,-3.35,10.000000000000009,False,12,12,saransh12387,Mchessclub,1959,1999,0-1
8/5pk1/2R3p1/5p2/3r3p/5K1P/6P1/8 b - - 1 41,41,8,21,-2,0,0,Endgame,2,4,0,0,0,0,1,1,0,0,0,0,0,0,1,0,0,0,0,1,1,-3.42,Re4,d4e4,g5,g6g5,-3.4,-2.83,56.999999999999986,False,12,12,saransh12387,Mchessclub,1959,1999,0-1
8/5pk1/2R3p1/5p2/4r2p/5K1P/6P1/8 w - - 2 42,42,8,16,-2,0,0,Endgame,2,4,0,0,0,0,1,1,0,0,0,0,0,0,1,0,0,0,0,1,1,-2.86,g4,g2g4,Rc5,c6c5,-2.79,-3.62,83.0,False,12,12,saransh12387,Mchessclub,1959,1999,0-1
8/5pk1/2R3p1/5p2/4r1Pp/5K1P/8/8 b - g3 0 42,42,8,23,-2,0,0,Endgame,2,4,0,0,0,0,1,1,0,0,0,0,0,0,1,0,0,0,0,1,1,-3.5,hxg3,h4g3,hxg3,h4g3,-3.66,-3.48,18.000000000000014,True,12,12,saransh12387,Mchessclub,1959,1999,0-1
8/5pk1/2R3p1/5p2/4r3/5KpP/8/8 w - - 0 43,43,7,16,-3,0,0,Endgame,1,4,0,0,0,0,1,1,0,0,0,0,0,0,2,1,0,0,3,1,1,-3.6,Kxg3,f3g3,Ra6,c6a6,-3.7,-3.64,6.000000000000005,False,12,12,saransh12387,Mchessclub,1959,1999,0-1
8/5pk1/2R3p1/5p2/4r3/6KP/8/8 b - - 0 43,43,6,22,-2,0,0,Endgame,1,3,0,0,0,0,1,1,0,0,0,0,0,0,1,1,0,0,2,1,1,-3.65,g5,g6g5,g5,g6g5,-3.95,-3.85,10.000000000000009,True,12,12,saransh12387,Mchessclub,1959,1999,0-1
8/5pk1/2R5/5pp1/4r3/6KP/8/8 w - - 0 44,44,6,19,-2,0,0,Endgame,1,3,0,0,0,0,1,1,0,0,0,0,0,0,1,1,0,0,2,1,1,-4.03,Kf3,g3f3,Kf3,g3f3,-4.15,-3.96,19.00000000000004,True,12,12,saransh12387,Mchessclub,1959,1999,0-1
8/5pk1/2R5/5pp1/4r3/5K1P/8/8 b - - 1 44,44,6,21,-2,0,0,Endgame,1,3,0,0,0,0,1,1,0,0,0,0,0,0,1,1,0,0,2,1,1,-4.19,f6,f7f6,Rh4,e4h4,-4.27,-4.17,9.999999999999964,False,12,12,saransh12387,Mchessclub,1959,1999,0-1
8/6k1/2R2p2/5pp1/4r3/5K1P/8/8 w - - 0 45,45,6,16,-2,0,0,Endgame,1,3,0,0,0,0,1,1,0,0,0,0,0,0,1,1,0,0,2,1,1,-4.27,Rc7+,c6c7,Rd6,c6d6,-4.05,-4.04,0.9999999999999787,False,12,12,saransh12387,Mchessclub,1959,1999,0-1
8/2R3k1/5p2/5pp1/4r3/5K1P/8/8 b - - 1 45,45,6,6,-2,0,0,Endgame,1,3,0,0,0,0,1,1,0,0,0,0,0,0,1,1,0,0,2,1,1,-4.21,Kg6,g7g6,Kg6,g7g6,-4.0,-4.3,29.999999999999982,True,12,12,saransh12387,Mchessclub,1959,1999,0-1
8/2R5/5pk1/5pp1/4r3/5K1P/8/8 w - - 2 46,46,6,18,-2,0,0,Endgame,1,3,0,0,0,0,1,1,0,0,0,0,0,0,1,1,0,0,2,1,1,-4.07,Rc8,c7c8,Rc3,c7c3,-4.13,-4.02,11.000000000000032,False,12,12,saransh12387,Mchessclub,1959,1999,0-1
2R5/8/5pk1/5pp1/4r3/5K1P/8/8 b - - 3 46,46,6,21,-2,0,0,Endgame,1,3,0,0,0,0,1,1,0,0,0,0,0,0,1,1,0,0,2,1,1,-3.92,Rh4,e4h4,Ra4,e4a4,-4.25,-3.95,29.999999999999982,False,12,12,saransh12387,Mchessclub,1959,1999,0-1
2R5/8/5pk1/5pp1/7r/5K1P/8/8 w - - 4 47,47,6,19,-2,0,0,Endgame,1,3,0,0,0,0,1,1,0,0,0,0,0,0,1,1,0,0,2,1,1,-4.01,Kg2,f3g2,Kg2,f3g2,-3.94,-4.06,11.999999999999966,True,12,12,saransh12387,Mchessclub,1959,1999,0-1
2R5/8/5pk1/5pp1/7r/7P/6K1/8 b - - 5 47,47,6,19,-2,0,0,Endgame,1,3,0,0,0,0,1,1,0,0,0,0,0,0,1,1,0,0,2,1,1,-4.2,f4,f5f4,Rd4,h4d4,-4.21,-3.58,62.999999999999986,False,12,12,saransh12387,Mchessclub,1959,1999,0-1
2R5/8/5pk1/6p1/5p1r/7P/6K1/8 w - - 0 48,48,6,20,-2,0,0,Endgame,1,3,0,0,0,0,1,1,0,0,0,0,0,0,1,1,0,0,2,1,1,-3.38,Rg8+,c8g8,Rg8+,c8g8,-4.17,-4.3,12.99999999999999,True,12,12,saransh12387,Mchessclub,1959,1999,0-1
6R1/8/5pk1/6p1/5p1r/7P/6K1/8 b - - 1 48,48,6,5,-2,0,0,Endgame,1,3,0,0,0,0,1,1,0,0,0,0,0,0,1,1,0,0,2,1,1,-4.28,Kf7,g6f7,Kf5,g6f5,-4.05,-4.04,0.9999999999999787,False,12,12,saransh12387,Mchessclub,1959,1999,0-1
6R1/5k2/5p2/6p1/5p1r/7P/6K1/8 w - - 2 49,49,6,16,-2,0,0,Endgame,1,3,0,0,0,0,1,1,0,0,0,0,0,0,1,1,0,0,2,1,1,-4.11,Rb8,g8b8,Rc8,g8c8,-4.3,-4.43,12.99999999999999,False,12,12,saransh12387,Mchessclub,1959,1999,0-1
1R6/5k2/5p2/6p1/5p1r/7P/6K1/8 b - - 3 49,49,6,13,-2,0,0,Endgame,1,3,0,0,0,0,1,1,0,0,0,0,0,0,1,1,0,0,2,1,1,-4.43,Rh7,h4h7,Rh7,h4h7,-4.38,-4.32,5.999999999999961,True,12,12,saransh12387,Mchessclub,1959,1999,0-1
1R6/5k1r/5p2/6p1/5p2/7P/6K1/8 w - - 4 50,50,6,21,-2,0,0,Endgame,1,3,0,0,0,0,1,1,0,0,0,0,0,0,1,1,0,0,2,1,1,-4.52,Rb7+,b8b7,Rb3,b8b3,-4.45,-4.57,12.00000000000001,False,12,12,saransh12387,Mchessclub,1959,1999,0-1
8/1R3k1r/5p2/6p1/5p2/7P/6K1/8 b - - 5 50,50,6,5,-2,0,0,Endgame,1,3,0,0,0,0,1,1,0,0,0,0,0,0,1,1,0,0,2,1,1,-4.57,Kg6,f7g6,Kg6,f7g6,-4.52,-4.66,14.000000000000057,True,12,12,saransh12387,Mchessclub,1959,1999,0-1
8/1R5r/5pk1/6p1/5p2/7P/6K1/8 w - - 6 51,51,6,21,-2,0,0,Endgame,1,3,0,0,0,0,1,1,0,0,0,0,0,0,1,1,0,0,2,1,1,-4.33,Rb5,b7b5,Rb2,b7b2,-4.49,-4.35,14.000000000000057,False,12,12,saransh12387,Mchessclub,1959,1999,0-1
8/7r/5pk1/1R4p1/5p2/7P/6K1/8 b - - 7 51,51,6,19,-2,0,0,Endgame,1,3,0,0,0,0,1,1,0,0,0,0,0,0,1,1,0,0,2,1,1,-4.42,Re7,h7e7,Ra7,h7a7,-4.52,-4.38,13.999999999999968,False,12,12,saransh12387,Mchessclub,1959,1999,0-1
8/4r3/5pk1/1R4p1/5p2/7P/6K1/8 w - - 8 52,52,6,20,-2,0,0,Endgame,1,3,0,0,0,0,1,1,0,0,0,0,0,0,1,1,0,0,2,1,1,-4.37,Rb8,b5b8,Rb2,b5b2,-4.34,-4.36,2.000000000000046,False,12,12,saransh12387,Mchessclub,1959,1999,0-1
1R6/4r3/5pk1/6p1/5p2/7P/6K1/8 b - - 9 52,52,6,23,-2,0,0,Endgame,1,3,0,0,0,0,1,1,0,0,0,0,0,0,1,1,0,0,2,1,1,-4.82,Re3,e7e3,Re2+,e7e2,-4.66,-4.41,25.0,False,12,12,saransh12387,Mchessclub,1959,1999,0-1
1R6/8/5pk1/6p1/5p2/4r2P/6K1/8 w - - 10 53,53,6,20,-2,0,0,Endgame,1,3,0,0,0,0,1,1,0,0,0,0,0,0,1,1,0,0,2,1,1,-4.44,Rc8,b8c8,Rb2,b8b2,-4.5,-4.95,45.000000000000014,False,12,12,saransh12387,Mchessclub,1959,1999,0-1
2R5/8/5pk1/6p1/5p2/4r2P/6K1/8 b - - 11 53,53,6,23,-2,0,0,Endgame,1,3,0,0,0,0,1,1,0,0,0,0,0,0,1,1,0,0,2,1,1,-4.67,Kf5,g6f5,Re2+,e3e2,-4.94,-4.17,77.00000000000004,False,12,12,saransh12387,Mchessclub,1959,1999,0-1
2R5/8/5p2/5kp1/5p2/4r2P/6K1/8 w - - 12 54,54,6,20,-2,0,0,Endgame,1,3,0,0,0,0,1,1,0,0,0,0,0,0,1,1,0,0,2,1,1,-4.34,Rc5+,c8c5,Rc2,c8c2,-4.45,-4.59,13.999999999999968,False,12,12,saransh12387,Mchessclub,1959,1999,0-1
8/8/5p2/2R2kp1/5p2/4r2P/6K1/8 b - - 13 54,54,6,4,-2,0,0,Endgame,1,3,0,0,0,0,1,1,0,0,0,0,0,0,1,1,0,0,2,1,1,-4.75,Ke4,f5e4,Kg6,f5g6,-4.99,-4.25,74.00000000000003,False,12,12,saransh12387,Mchessclub,1959,1999,0-1
8/8/5p2/2R3p1/4kp2/4r2P/6K1/8 w - - 14 55,55,6,19,-2,0,0,Endgame,1,3,0,0,0,0,1,1,0,0,0,0,0,0,1,1,0,0,2,1,1,-4.34,Rc6,c5c6,h4,h3h4,-4.36,-5.14,77.99999999999994,False,12,12,saransh12387,Mchessclub,1959,1999,0-1
8/8/2R2p2/6p1/4kp2/4r2P/6K1/8 b - - 15 55,55,6,17,-2,0,0,Endgame,1,3,0,0,0,0,1,1,0,0,0,0,0,0,1,1,0,0,2,1,1,-5.11,Kf5,e4f5,Re2+,e3e2,-5.32,-4.49,83.0,False,12,12,saransh12387,Mchessclub,1959,1999,0-1
8/8/2R2p2/5kp1/5p2/4r2P/6K1/8 w - - 16 56,56,6,18,-2,0,0,Endgame,1,3,0,0,0,0,1,1,0,0,0,0,0,0,1,1,0,0,2,1,1,-4.39,Rc5+,c6c5,Rc2,c6c2,-4.98,-4.19,79.0,False,12,12,saransh12387,Mchessclub,1959,1999,0-1
8/8/5p2/2R2kp1/5p2/4r2P/6K1/8 b - - 17 56,56,6,4,-2,0,0,Endgame,1,3,0,0,0,0,1,1,0,0,0,0,0,0,1,1,0,0,2,1,1,-4.75,Re5,e3e5,Kg6,f5g6,-4.75,-4.3,45.000000000000014,False,12,12,saransh12387,Mchessclub,1959,1999,0-1
8/8/5p2/2R1rkp1/5p2/7P/6K1/8 w - - 18 57,57,6,18,-2,0,0,Endgame,1,3,0,0,0,0,1,1,0,0,0,0,0,0,1,1,0,0,2,1,1,-4.14,Rc4,c5c4,Rc2,c5c2,-4.13,-5.07,94.00000000000004,False,12,12,saransh12387,Mchessclub,1959,1999,0-1
8/8/5p2/4rkp1/2R2p2/7P/6K1/8 b - - 19 57,57,6,15,-2,0,0,Endgame,1,3,0,0,0,0,1,1,0,0,0,0,0,0,1,1,0,0,2,1,1,-5.12,Rd5,e5d5,Re2+,e5e2,-5.09,-4.74,34.999999999999964,False,12,12,saransh12387,Mchessclub,1959,1999,0-1
8/8/5p2/3r1kp1/2R2p2/7P/6K1/8 w - - 20 58,58,6,19,-2,0,0,Endgame,1,3,0,0,0,0,1,1,0,0,0,0,0,0,1,1,0,0,2,1,1,-4.84,Rc6,c4c6,Rc2,c4c2,-4.14,-4.88,74.00000000000003,False,12,12,saransh12387,Mchessclub,1959,1999,0-1
8/8/2R2p2/3r1kp1/5p2/7P/6K1/8 b - - 21 58,58,6,16,-2,0,0,Endgame,1,3,0,0,0,0,1,1,0,0,0,0,0,0,1,1,0,0,2,1,1,-5.19,Ke5,f5e5,Rd2+,d5d2,-5.28,-3.98,130.00000000000003,False,12,12,saransh12387,Mchessclub,1959,1999,0-1
8/8/2R2p2/3rk1p1/5p2/7P/6K1/8 w - - 22 59,59,6,19,-2,0,0,Endgame,1,3,0,0,0,0,1,1,0,0,0,0,0,0,1,1,0,0,2,1,1,-4.25,Rc8,c6c8,Rc2,c6c2,-4.81,-4.99,18.00000000000006,False,12,12,saransh12387,Mchessclub,1959,1999,0-1
2R5/8/5p2/3rk1p1/5p2/7P/6K1/8 b - - 23 59,59,6,18,-2,0,0,Endgame,1,3,0,0,0,0,1,1,0,0,0,0,0,0,1,1,0,0,2,1,1,-5.07,Rd6,d5d6,Rd2+,d5d2,-4.91,-4.05,86.00000000000003,False,12,12,saransh12387,Mchessclub,1959,1999,0-1
2R5/8/3r1p2/4k1p1/5p2/7P/6K1/8 w - - 24 60,60,6,21,-2,0,0,Endgame,1,3,0,0,0,0,1,1,0,0,0,0,0,0,1,1,0,0,2,1,1,-4.08,Rc5+,c8c5,Rc5+,c8c5,-4.35,-4.31,4.0000000000000036,True,12,12,saransh12387,Mchessclub,1959,1999,0-1
8/8/3r1p2/2R1k1p1/5p2/7P/6K1/8 b - - 25 60,60,6,4,-2,0,0,Endgame,1,3,0,0,0,0,1,1,0,0,0,0,0,0,1,1,0,0,2,1,1,-4.42,Ke6,e5e6,Rd5,d6d5,-4.7,-4.29,41.000000000000014,False,12,12,saransh12387,Mchessclub,1959,1999,0-1
8/8/3rkp2/2R3p1/5p2/7P/6K1/8 w - - 26 61,61,6,20,-2,0,0,Endgame,1,3,0,0,0,0,1,1,0,0,0,0,0,0,1,1,0,0,2,1,1,-4.45,Rc8,c5c8,Ra5,c5a5,-4.65,-4.74,8.999999999999986,False,12,12,saransh12387,Mchessclub,1959,1999,0-1
2R5/8/3rkp2/6p1/5p2/7P/6K1/8 b - - 27 61,61,6,19,-2,0,0,Endgame,1,3,0,0,0,0,1,1,0,0,0,0,0,0,1,1,0,0,2,1,1,-4.7,f5,f6f5,Kf5,e6f5,-4.5,-2.78,172.00000000000003,False,12,12,saransh12387,Mchessclub,1959,1999,0-1
2R5/8/3rk3/5pp1/5p2/7P/6K1/8 w - - 0 62,62,6,21,-2,0,0,Endgame,1,3,0,0,0,0,1,1,0,0,0,0,0,0,1,1,0,0,2,1,1,-2.63,Rg8,c8g8,Rg8,c8g8,-3.24,-3.45,20.999999999999996,True,12,12,saransh12387,Mchessclub,1959,1999,0-1
6R1/8/3rk3/5pp1/5p2/7P/6K1/8 b - - 1 62,62,6,18,-2,0,0,Endgame,1,3,0,0,0,0,1,1,0,0,0,0,0,0,1,1,0,0,2,1,1,-3.45,Kf6,e6f6,Kf6,e6f6,-3.64,-3.98,33.999999999999986,True,12,12,saransh12387,Mchessclub,1959,1999,0-1
6R1/8/3r1k2/5pp1/5p2/7P/6K1/8 w - - 2 63,63,6,17,-2,0,0,Endgame,1,3,0,0,0,0,1,1,0,0,0,0,0,0,1,1,0,0,2,1,1,-4.24,Rf8+,g8f8,Rf8+,g8f8,-4.17,-4.26,8.999999999999986,True,12,12,saransh12387,Mchessclub,1959,1999,0-1
5R2/8/3r1k2/5pp1/5p2/7P/6K1/8 b - - 3 63,63,6,5,-2,0,0,Endgame,1,3,0,0,0,0,1,1,0,0,0,0,0,0,1,1,0,0,2,1,1,-4.35,Kg6,f6g6,Kg6,f6g6,-4.41,-4.39,2.000000000000046,True,12,12,saransh12387,Mchessclub,1959,1999,0-1
5R2/8/3r2k1/5pp1/5p2/7P/6K1/8 w - - 4 64,64,6,17,-2,0,0,Endgame,1,3,0,0,0,0,1,1,0,0,0,0,0,0,1,1,0,0,2,1,1,-4.41,Rg8+,f8g8,Rg8+,f8g8,-4.29,-4.17,12.00000000000001,True,12,12,saransh12387,Mchessclub,1959,1999,0-1
6R1/8/3r2k1/5pp1/5p2/7P/6K1/8 b - - 5 64,64,6,5,-2,0,0,Endgame,1,3,0,0,0,0,1,1,0,0,0,0,0,0,1,1,0,0,2,1,1,-4.17,Kf6,g6f6,Kh6,g6h6,-4.4,-4.36,4.0000000000000036,False,12,12,saransh12387,Mchessclub,1959,1999,0-1
6R1/8/3r1k2/5pp1/5p2/7P/6K1/8 w - - 6 65,65,6,17,-2,0,0,Endgame,1,3,0,0,0,0,1,1,0,0,0,0,0,0,1,1,0,0,2,1,1,-4.36,Rf8+,g8f8,Rf8+,g8f8,-4.17,-4.62,45.000000000000014,True,12,12,saransh12387,Mchessclub,1959,1999,0-1
5R2/8/3r1k2/5pp1/5p2/7P/6K1/8 b - - 7 65,65,6,5,-2,0,0,Endgame,1,3,0,0,0,0,1,1,0,0,0,0,0,0,1,1,0,0,2,1,1,-4.62,Kg7,f6g7,Kg6,f6g6,-4.79,-0.8,399.0,False,12,12,saransh12387,Mchessclub,1959,1999,0-1
5R2/6k1/3r4/5pp1/5p2/7P/6K1/8 w - - 8 66,66,6,17,-2,0,0,Endgame,1,3,0,0,0,0,1,1,0,0,0,0,0,0,1,1,0,0,2,1,1,-0.95,Rxf5,f8f5,Rxf5,f8f5,-0.77,-0.49,28.000000000000004,True,12,12,saransh12387,Mchessclub,1959,1999,0-1
8/6k1/3r4/5Rp1/5p2/7P/6K1/8 b - - 0 66,66,5,21,-1,0,0,Endgame,1,2,0,0,0,0,1,1,0,0,0,0,0,0,0,1,0,0,1,1,1,-0.5,Kg6,g7g6,Rd2+,d6d2,-0.52,-0.47,5.000000000000004,False,12,12,saransh12387,Mchessclub,1959,1999,0-1
8/8/3r2k1/5Rp1/5p2/7P/6K1/8 w - - 1 67,67,5,17,-1,0,0,Endgame,1,2,0,0,0,0,1,1,0,0,0,0,0,0,0,1,0,0,1,1,1,-0.47,Rb5,f5b5,Rf8,f5f8,-0.5,-4.64,413.99999999999994,False,12,12,saransh12387,Mchessclub,1959,1999,0-1
8/8/3r2k1/1R4p1/5p2/7P/6K1/8 b - - 2 67,67,5,20,-1,0,0,Endgame,1,2,0,0,0,0,1,1,0,0,0,0,0,0,0,1,0,0,1,1,1,-4.73,Rd3,d6d3,Rd2+,d6d2,-4.92,-0.62,430.0,False,12,12,saransh12387,Mchessclub,1959,1999,0-1
8/8/6k1/1R4p1/5p2/3r3P/6K1/8 w - - 3 68,68,5,19,-1,0,0,Endgame,1,2,0,0,0,0,1,1,0,0,0,0,0,0,0,1,0,0,1,1,1,-0.5,Rb6+,b5b6,h4,h3h4,-0.39,-0.48,8.999999999999996,False,12,12,saransh12387,Mchessclub,1959,1999,0-1
8/8/1R4k1/6p1/5p2/3r3P/6K1/8 b - - 4 68,68,5,6,-1,0,0,Endgame,1,2,0,0,0,0,1,1,0,0,0,0,0,0,0,1,0,0,1,1,1,-0.48,Kh5,g6h5,Kf5,g6f5,-0.43,-0.33,9.999999999999998,False,12,12,saransh12387,Mchessclub,1959,1999,0-1
8/8/1R6/6pk/5p2/3r3P/6K1/8 w - - 5 69,69,5,20,-1,0,0,Endgame,1,2,0,0,0,0,1,1,0,0,0,0,0,0,0,1,0,0,1,1,1,-0.37,Rb8,b6b8,Rb8,b6b8,-0.3,-0.42,12.0,True,12,12,saransh12387,Mchessclub,1959,1999,0-1
1R6/8/8/6pk/5p2/3r3P/6K1/8 b - - 6 69,69,5,19,-1,0,0,Endgame,1,2,0,0,0,0,1,1,0,0,0,0,0,0,0,1,0,0,1,1,1,-0.33,Rg3+,d3g3,Rd2+,d3d2,-0.36,-0.38,2.0000000000000018,False,12,12,saransh12387,Mchessclub,1959,1999,0-1
1R6/8/8/6pk/5p2/6rP/6K1/8 w - - 7 70,70,5,4,-1,0,0,Endgame,1,2,0,0,0,0,1,1,0,0,0,0,0,0,0,1,0,0,1,1,1,-0.32,Kh2,g2h2,Kh2,g2h2,-0.22,-0.22,0.0,True,12,12,saransh12387,Mchessclub,1959,1999,0-1
1R6/8/8/6pk/5p2/6rP/7K/8 b - - 8 70,70,5,15,-1,0,0,Endgame,1,2,0,0,0,0,1,1,0,0,0,0,0,0,0,1,0,0,1,1,1,-0.19,Kg6,h5g6,Ra3,g3a3,-0.23,-0.28,5.000000000000002,False,12,12,saransh12387,Mchessclub,1959,1999,0-1
1R6/8/6k1/6p1/5p2/6rP/7K/8 w - - 9 71,71,5,16,-1,0,0,Endgame,1,2,0,0,0,0,1,1,0,0,0,0,0,0,0,1,0,0,1,1,1,-0.3,Rb6+,b8b6,Rb6+,b8b6,-0.22,-0.22,0.0,True,12,12,saransh12387,Mchessclub,1959,1999,0-1
8/8/1R4k1/6p1/5p2/6rP/7K/8 b - - 10 71,71,5,5,-1,0,0,Endgame,1,2,0,0,0,0,1,1,0,0,0,0,0,0,0,1,0,0,1,1,1,-0.22,Kf5,g6f5,Kh5,g6h5,-0.22,-0.22,0.0,False,12,12,saransh12387,Mchessclub,1959,1999,0-1
8/8/1R6/5kp1/5p2/6rP/7K/8 w - - 11 72,72,5,16,-1,0,0,Endgame,1,2,0,0,0,0,1,1,0,0,0,0,0,0,0,1,0,0,1,1,1,-0.23,Rb5+,b6b5,Rb5+,b6b5,-0.23,-0.22,1.0000000000000009,True,12,12,saransh12387,Mchessclub,1959,1999,0-1
8/8/8/1R3kp1/5p2/6rP/7K/8 b - - 12 72,72,5,4,-1,0,0,Endgame,1,2,0,0,0,0,1,1,0,0,0,0,0,0,0,1,0,0,1,1,1,-0.18,Ke6,f5e6,Kf6,f5f6,-0.12,-0.2,8.000000000000002,False,12,12,saransh12387,Mchessclub,1959,1999,0-1
8/8/4k3/1R4p1/5p2/6rP/7K/8 w - - 13 73,73,5,15,-1,0,0,Endgame,1,2,0,0,0,0,1,1,0,0,0,0,0,0,0,1,0,0,1,1,1,-0.19,Rb6+,b5b6,Rb6+,b5b6,-0.15,-0.24,9.0,True,12,12,saransh12387,Mchessclub,1959,1999,0-1
8/8/1R2k3/6p1/5p2/6rP/7K/8 b - - 14 73,73,5,6,-1,0,0,Endgame,1,2,0,0,0,0,1,1,0,0,0,0,0,0,0,1,0,0,1,1,1,-0.18,Kd5,e6d5,Kd5,e6d5,-0.18,-0.18,0.0,True,12,12,saransh12387,Mchessclub,1959,1999,0-1
8/8/1R6/3k2p1/5p2/6rP/7K/8 w - - 15 74,74,5,16,-1,0,0,Endgame,1,2,0,0,0,0,1,1,0,0,0,0,0,0,0,1,0,0,1,1,1,-0.18,Rf6,b6f6,Rb8,b6b8,-0.2,-1.65,145.0,False,12,12,saransh12387,Mchessclub,1959,1999,0-1
8/8/5R2/3k2p1/5p2/6rP/7K/8 b - - 16 74,74,5,17,-1,0,0,Endgame,1,2,0,0,0,0,1,1,0,0,0,0,0,0,0,1,0,0,1,1,1,-1.72,Ke4,d5e4,Ke4,d5e4,-2.96,-3.14,18.000000000000014,True,12,12,saransh12387,Mchessclub,1959,1999,0-1
8/8/5R2/6p1/4kp2/6rP/7K/8 w - - 17 75,75,5,13,-1,0,0,Endgame,1,2,0,0,0,0,1,1,0,0,0,0,0,0,0,1,0,0,1,1,1,-3.08,Re6+,f6e6,Ra6,f6a6,-3.23,-3.96,73.0,False,12,12,saransh12387,Mchessclub,1959,1999,0-1
8/8/4R3/6p1/4kp2/6rP/7K/8 b - - 18 75,75,5,5,-1,0,0,Endgame,1,2,0,0,0,0,1,1,0,0,0,0,0,0,0,1,0,0,1,1,1,-4.0,Kd3,e4d3,Kf3,e4f3,-5.04,-0.32,472.0,False,12,12,saransh12387,Mchessclub,1959,1999,0-1
8/8/4R3/6p1/5p2/3k2rP/7K/8 w - - 19 76,76,5,16,-1,0,0,Endgame,1,2,0,0,0,0,1,1,0,0,0,0,0,0,0,1,0,0,1,1,1,-0.32,Rd6+,e6d6,Rb6,e6b6,-0.19,-2.48,229.0,False,12,12,saransh12387,Mchessclub,1959,1999,0-1
8/8/3R4/6p1/5p2/3k2rP/7K/8 b - - 20 76,76,5,6,-1,0,0,Endgame,1,2,0,0,0,0,1,1,0,0,0,0,0,0,0,1,0,0,1,1,1,-3.18,Ke2,d3e2,Ke2,d3e2,-3.29,-3.56,27.0,True,12,12,saransh12387,Mchessclub,1959,1999,0-1
8/8/3R4/6p1/5p2/6rP/4k2K/8 w - - 21 77,77,5,16,-1,0,0,Endgame,1,2,0,0,0,0,1,1,0,0,0,0,0,0,0,1,0,0,1,1,1,-3.21,Re6+,d6e6,Rd5,d6d5,-3.26,-5.3,204.0,False,12,12,saransh12387,Mchessclub,1959,1999,0-1
8/8/4R3/6p1/5p2/6rP/4k2K/8 b - - 22 77,77,5,7,-1,0,0,Endgame,1,2,0,0,0,0,1,1,0,0,0,0,0,0,0,1,0,0,1,1,1,-4.68,Kf3,e2f3,Kf2,e2f2,-5.64,-5.51,12.99999999999999,False,12,12,saransh12387,Mchessclub,1959,1999,0-1
8/8/4R3/6p1/5p2/5krP/7K/8 w - - 23 78,78,5,16,-1,0,0,Endgame,1,2,0,0,0,0,1,1,0,0,0,0,0,0,0,1,0,0,1,1,1,-5.53,Rd6,e6d6,Re7,e6e7,-5.42,-5.35,7.000000000000028,False,12,12,saransh12387,Mchessclub,1959,1999,0-1
8/8/3R4/6p1/5p2/5krP/7K/8 b - - 24 78,78,5,9,-1,0,0,Endgame,1,2,0,0,0,0,1,1,0,0,0,0,0,0,0,1,0,0,1,1,1,-5.26,Rg2+,g3g2,Rg2+,g3g2,-5.2,-6.48,128.00000000000003,True,12,12,saransh12387,Mchessclub,1959,1999,0-1
8/8/3R4/6p1/5p2/5k1P/6rK/8 w - - 25 79,79,5,1,-1,0,0,Endgame,1,2,0,0,0,0,1,1,0,0,0,0,0,0,0,1,0,0,1,1,1,-6.9,Kh1,h2h1,Kh1,h2h1,-6.29,-7.76,146.99999999999997,True,12,12,saransh12387,Mchessclub,1959,1999,0-1
8/8/3R4/6p1/5p2/5k1P/6r1/7K b - - 26 79,79,5,16,-1,0,0,Endgame,1,2,0,0,0,0,1,1,0,0,0,0,0,0,0,1,0,0,1,1,1,-7.8,Re2,g2e2,Kg3,f3g3,-8.52,-5.13,338.99999999999994,False,12,12,saransh12387,Mchessclub,1959,1999,0-1
8/8/3R4/6p1/5p2/5k1P/4r3/7K w - - 27 80,80,5,16,-1,0,0,Endgame,1,2,0,0,0,0,1,1,0,0,0,0,0,0,0,1,0,0,1,1,1,-5.18,Rd3+,d6d3,Rd1,d6d1,-5.08,-4.59,49.00000000000002,False,12,12,saransh12387,Mchessclub,1959,1999,0-1
8/8/8/6p1/5p2/3R1k1P/4r3/7K b - - 28 80,80,5,3,-1,0,0,Endgame,1,2,0,0,0,0,1,1,0,0,0,0,0,0,0,1,0,0,1,1,1,-4.65,Re3,e2e3,Re3,e2e3,-5.05,-4.81,24.00000000000002,True,12,12,saransh12387,Mchessclub,1959,1999,0-1
8/8/8/6p1/5p2/3Rrk1P/8/7K w - - 29 81,81,5,14,-1,0,0,Endgame,1,2,0,0,0,0,1,1,0,0,0,0,0,0,0,1,0,0,1,1,1,-4.99,Rd2,d3d2,Rd5,d3d5,-5.46,-5.46,0.0,False,12,12,saransh12387,Mchessclub,1959,1999,0-1
8/8/8/6p1/5p2/4rk1P/3R4/7K b - - 30 81,81,5,14,-1,0,0,Endgame,1,2,0,0,0,0,1,1,0,0,0,0,0,0,0,1,0,0,1,1,1,-8.25,Kg3,f3g3,Re1+,e3e1,-10.04,-5.15,488.9999999999999,False,12,12,saransh12387,Mchessclub,1959,1999,0-1
rnbqkbnr/pppppppp/8/8/8/8/PPPPPPPP/RNBQKBNR w KQkq - 0 1,1,30,20,0,0,0,Opening,8,8,2,2,2,2,2,2,1,1,1,1,2,0,0,0,0,0,0,1,1,0.33,e4,e2e4,e4,e2e4,0.35,0.33,1.9999999999999962,True,12,13,saransh12387,elchurro90,1959,1944,1/2-1/2
rnbqkbnr/pppppppp/8/8/4P3/8/PPPP1PPP/RNBQKBNR b KQkq - 0 1,1,30,20,0,0,0,Opening,8,8,2,2,2,2,2,2,1,1,1,1,2,0,0,0,0,0,0,1,1,0.34,g6,g7g6,e5,e7e5,0.28,0.73,44.99999999999999,False,12,13,saransh12387,elchurro90,1959,1944,1/2-1/2
rnbqkbnr/pppppp1p/6p1/8/4P3/8/PPPP1PPP/RNBQKBNR w KQkq - 0 2,2,30,30,0,0,0,Opening,8,8,2,2,2,2,2,2,1,1,1,1,2,0,0,0,0,0,0,1,1,0.64,Nc3,b1c3,d4,d2d4,0.67,0.35,32.00000000000001,False,12,13,saransh12387,elchurro90,1959,1944,1/2-1/2
rnbqkbnr/pppppp1p/6p1/8/4P3/2N5/PPPP1PPP/R1BQKBNR b KQkq - 1 2,2,30,21,0,0,0,Opening,8,8,2,2,2,2,2,2,1,1,1,1,2,0,0,0,0,0,0,1,1,0.36,Bg7,f8g7,c5,c7c5,0.41,0.6,19.0,False,12,13,saransh12387,elchurro90,1959,1944,1/2-1/2
rnbqk1nr/ppppppbp/6p1/8/4P3/2N5/PPPP1PPP/R1BQKBNR w KQkq - 2 3,3,30,32,0,0,0,Opening,8,8,2,2,2,2,2,2,1,1,1,1,2,0,0,0,0,0,0,1,1,0.7,f4,f2f4,d4,d2d4,0.63,-0.15,78.0,False,12,13,saransh12387,elchurro90,1959,1944,1/2-1/2
rnbqk1nr/ppppppbp/6p1/8/4PP2/2N5/PPPP2PP/R1BQKBNR b KQkq - 0 3,3,30,26,0,0,0,Opening,8,8,2,2,2,2,2,2,1,1,1,1,2,0,0,0,0,0,0,1,1,-0.2,e6,e7e6,c5,c7c5,-0.22,0.83,105.0,False,12,13,saransh12387,elchurro90,1959,1944,1/2-1/2
rnbqk1nr/pppp1pbp/4p1p1/8/4PP2/2N5/PPPP2PP/R1BQKBNR w KQkq - 0 4,4,30,32,0,0,0,Opening,8,8,2,2,2,2,2,2,1,1,1,1,2,0,0,0,0,0,0,1,1,0.67,Nf3,g1f3,d4,d2d4,0.73,0.73,0.0,False,12,13,saransh12387,elchurro90,1959,1944,1/2-1/2
rnbqk1nr/pppp1pbp/4p1p1/8/4PP2/2N2N2/PPPP2PP/R1BQKB1R b KQkq - 1 4,4,30,31,0,0,0,Opening,8,8,2,2,2,2,2,2,1,1,1,1,2,0,0,0,0,0,0,1,1,0.68,d6,d7d6,Nc6,b8c6,0.91,0.82,9.000000000000007,False,12,13,saransh12387,elchurro90,1959,1944,1/2-1/2
rnbqk1nr/ppp2pbp/3pp1p1/8/4PP2/2N2N2/PPPP2PP/R1BQKB1R w KQkq - 0 5,5,30,32,0,0,0,Opening,8,8,2,2,2,2,2,2,1,1,1,1,2,0,0,0,0,0,0,1,1,0.92,Bb5+,f1b5,d4,d2d4,0.96,0.42,54.0,False,12,13,saransh12387,elchurro90,1959,1944,1/2-1/2
rnbqk1nr/ppp2pbp/3pp1p1/1B6/4PP2/2N2N2/PPPP2PP/R1BQK2R b KQkq - 1 5,5,30,7,0,0,0,Opening,8,8,2,2,2,2,2,2,1,1,1,1,2,0,0,0,0,0,0,1,1,0.27,c6,c7c6,Nd7,b8d7,0.22,0.63,41.0,False,12,13,saransh12387,elchurro90,1959,1944,1/2-1/2
rnbqk1nr/pp3pbp/2ppp1p1/1B6/4PP2/2N2N2/PPPP2PP/R1BQK2R w KQkq - 0 6,6,30,36,0,0,0,Opening,8,8,2,2,2,2,2,2,1,1,1,1,2,0,0,0,0,0,0,1,1,0.59,Be2,b5e2,Be2,b5e2,0.58,0.57,1.0000000000000009,True,12,13,saransh12387,elchurro90,1959,1944,1/2-1/2
rnbqk1nr/pp3pbp/2ppp1p1/8/4PP2/2N2N2/PPPPB1PP/R1BQK2R b KQkq - 1 6,6,30,35,0,0,0,Opening,8,8,2,2,2,2,2,2,1,1,1,1,2,0,0,0,0,0,0,1,1,0.53,Ne7,g8e7,e5,e6e5,0.6,0.9,30.000000000000004,False,12,13,saransh12387,elchurro90,1959,1944,1/2-1/2
rnbqk2r/pp2npbp/2ppp1p1/8/4PP2/2N2N2/PPPPB1PP/R1BQK2R w KQkq - 2 7,7,30,32,0,0,0,Opening,8,8,2,2,2,2,2,2,1,1,1,1,2,0,0,0,0,0,0,1,1,0.88,O-O,e1g1,d4,d2d4,0.85,0.47,38.0,False,12,13,saransh12387,elchurro90,1959,1944,1/2-1/2
rnbqk2r/pp2npbp/2ppp1p1/8/4PP2/2N2N2/PPPPB1PP/R1BQ1RK1 b kq - 3 7,7,30,33,0,1,0,Opening,8,8,2,2,2,2,2,2,1,1,1,1,2,0,0,0,0,0,0,1,1,0.46,O-O,e8g8,c5,c6c5,0.49,0.78,29.000000000000004,False,12,13,saransh12387,elchurro90,1959,1944,1/2-1/2
rnbq1rk1/pp2npbp/2ppp1p1/8/4PP2/2N2N2/PPPPB1PP/R1BQ1RK1 w - - 4 8,8,30,31,0,1,1,Opening,8,8,2,2,2,2,2,2,1,1,1,1,2,0,0,0,0,0,0,1,1,0.83,d3,d2d3,d4,d2d4,0.79,-0.16,95.0,False,12,13,saransh12387,elchurro90,1959,1944,1/2-1/2
rnbq1rk1/pp2npbp/2ppp1p1/8/4PP2/2NP1N2/PPP1B1PP/R1BQ1RK1 b - - 0 8,8,30,30,0,1,1,Opening,8,8,2,2,2,2,2,2,1,1,1,1,2,0,0,0,0,0,0,1,1,-0.18,b5,b7b5,c5,c6c5,-0.1,0.07,17.0,False,12,13,saransh12387,elchurro90,1959,1944,1/2-1/2
rnbq1rk1/p3npbp/2ppp1p1/1p6/4PP2/2NP1N2/PPP1B1PP/R1BQ1RK1 w - - 0 9,9,30,30,0,1,1,Opening,8,8,2,2,2,2,2,2,1,1,1,1,2,0,0,0,0,0,0,1,1,0.15,a3,a2a3,e5,e4e5,0.09,-0.25,34.0,False,12,13,saransh12387,elchurro90,1959,1944,1/2-1/2
rnbq1rk1/p3npbp/2ppp1p1/1p6/4PP2/P1NP1N2/1PP1B1PP/R1BQ1RK1 b - - 0 9,9,30,31,0,1,1,Opening,8,8,2,2,2,2,2,2,1,1,1,1,2,0,0,0,0,0,0,1,1,-0.2,Bb7,c8b7,a6,a7a6,-0.27,-0.25,2.0000000000000018,False,12,13,saransh12387,elchurro90,1959,1944,1/2-1/2
rn1q1rk1/pb2npbp/2ppp1p1/1p6/4PP2/P1NP1N2/1PP1B1PP/R1BQ1RK1 w - - 1 10,10,30,31,0,1,1,Opening,8,8,2,2,2,2,2,2,1,1,1,1,2,0,0,0,0,0,0,1,1,-0.24,Qe1,d1e1,Qe1,d1e1,-0.25,-0.25,0.0,True,12,13,saransh12387,elchurro90,1959,1944,1/2-1/2
rn1q1rk1/pb2npbp/2ppp1p1/1p6/4PP2/P1NP1N2/1PP1B1PP/R1B1QRK1 b - - 2 10,10,30,32,0,1,1,Opening,8,8,2,2,2,2,2,2,1,1,1,1,2,0,0,0,0,0,0,1,1,-0.24,a5,a7a5,Qb6+,d8b6,-0.25,0.09,34.0,False,12,13,saransh12387,elchurro90,1959,1944,1/2-1/2
rn1q1rk1/1b2npbp/2ppp1p1/pp6/4PP2/P1NP1N2/1PP1B1PP/R1B1QRK1 w - - 0 11,11,30,34,0,1,1,Opening,8,8,2,2,2,2,2,2,1,1,1,1,2,0,0,0,0,0,0,1,1,0.2,Qh4,e1h4,h4,h2h4,0.15,-0.19,34.0,False,12,13,saransh12387,elchurro90,1959,1944,1/2-1/2
rn1q1rk1/1b2npbp/2ppp1p1/pp6/4PP1Q/P1NP1N2/1PP1B1PP/R1B2RK1 b - - 1 11,11,30,32,0,1,1,Opening,8,8,2,2,2,2,2,2,1,1,1,1,2,0,0,0,0,0,0,1,1,-0.19,Qd7,d8d7,Nd7,b8d7,-0.18,0.69,86.99999999999999,False,12,13,saransh12387,elchurro90,1959,1944,1/2-1/2
rn3rk1/1b1qnpbp/2ppp1p1/pp6/4PP1Q/P1NP1N2/1PP1B1PP/R1B2RK1 w - - 2 12,12,30,41,0,1,1,Opening,8,8,2,2,2,2,2,2,1,1,1,1,2,0,0,0,0,0,0,1,1,0.67,g4,g2g4,Be3,c1e3,0.6,-0.01,61.0,False,12,13,saransh12387,elchurro90,1959,1944,1/2-1/2
rn3rk1/1b1qnpbp/2ppp1p1/pp6/4PPPQ/P1NP1N2/1PP1B2P/R1B2RK1 b - - 0 12,12,30,32,0,1,1,Opening,8,8,2,2,2,2,2,2,1,1,1,1,2,0,0,0,0,0,0,1,1,0.05,f5,f7f5,f5,f7f5,0.07,0.06,1.0000000000000009,True,12,13,saransh12387,elchurro90,1959,1944,1/2-1/2
rn3rk1/1b1qn1bp/2ppp1p1/pp3p2/4PPPQ/P1NP1N2/1PP1B2P/R1B2RK1 w - - 0 13,13,30,41,0,1,1,Opening,8,8,2,2,2,2,2,2,1,1,1,1,2,0,0,0,0,0,0,1,1,0.14,exf5,e4f5,Be3,c1e3,0.12,-1.55,167.0,False,12,13,saransh12387,elchurro90,1959,1944,1/2-1/2
rn3rk1/1b1qn1bp/2ppp1p1/pp3P2/5PPQ/P1NP1N2/1PP1B2P/R1B2RK1 b - - 0 13,13,29,36,1,1,1,Opening,8,7,2,2,2,2,2,2,1,1,1,1,2,1,0,0,0,0,0,2,2,-1.76,exf5,e6f5,exf5,e6f5,-1.35,-1.28,7.000000000000006,True,12,13,saransh12387,elchurro90,1959,1944,1/2-1/2
rn3rk1/1b1qn1bp/2pp2p1/pp3p2/5PPQ/P1NP1N2/1PP1B2P/R1B2RK1 w - - 0 14,14,28,40,0,1,1,Opening,7,7,2,2,2,2,2,2,1,1,1,1,2,0,0,0,0,0,0,2,2,-1.32,g5,g4g5,h3,h2h3,-1.43,-1.36,6.999999999999984,False,12,13,saransh12387,elchurro90,1959,1944,1/2-1/2
rn3rk1/1b1qn1bp/2pp2p1/pp3pP1/5P1Q/P1NP1N2/1PP1B2P/R1B2RK1 b - - 0 14,14,28,31,0,1,1,Opening,7,7,2,2,2,2,2,2,1,1,1,1,2,0,0,0,0,0,0,2,2,-1.33,b4,b5b4,b4,b5b4,-1.41,-1.31,9.999999999999986,True,12,13,saransh12387,elchurro90,1959,1944,1/2-1/2
rn3rk1/1b1qn1bp/2pp2p1/p4pP1/1p3P1Q/P1NP1N2/1PP1B2P/R1B2RK1 w - - 0 15,15,28,35,0,1,1,Opening,7,7,2,2,2,2,2,2,1,1,1,1,2,0,0,0,0,0,0,2,2,-1.28,axb4,a3b4,axb4,a3b4,-1.29,-1.36,7.000000000000006,True,12,13,saransh12387,elchurro90,1959,1944,1/2-1/2
rn3rk1/1b1qn1bp/2pp2p1/p4pP1/1P3P1Q/2NP1N2/1PP1B2P/R1B2RK1 b - - 0 15,15,27,31,1,1,1,Opening,7,6,2,2,2,2,2,2,1,1,1,1,2,1,0,0,1,0,0,2,3,-1.32,axb4,a5b4,axb4,a5b4,-1.44,-1.32,11.99999999999999,True,12,13,saransh12387,elchurro90,1959,1944,1/2-1/2
rn3rk1/1b1qn1bp/2pp2p1/5pP1/1p3P1Q/2NP1N2/1PP1B2P/R1B2RK1 w - - 0 16,16,26,39,0,1,1,Opening,6,6,2,2,2,2,2,2,1,1,1,1,2,0,0,0,0,0,0,2,2,-1.33,Na4,c3a4,Rxa8,a1a8,-1.49,-1.98,49.0,False,12,13,saransh12387,elchurro90,1959,1944,1/2-1/2
rn3rk1/1b1qn1bp/2pp2p1/5pP1/Np3P1Q/3P1N2/1PP1B2P/R1B2RK1 b - - 1 16,16,26,33,0,1,1,Opening,6,6,2,2,2,2,2,2,1,1,1,1,2,0,0,0,0,0,0,2,2,-1.98,Qc7,d7c7,Nd5,e7d5,-1.65,-1.54,10.999999999999988,False,12,13,saransh12387,elchurro90,1959,1944,1/2-1/2
rn3rk1/1bq1n1bp/2pp2p1/5pP1/Np3P1Q/3P1N2/1PP1B2P/R1B2RK1 w - - 2 17,17,26,32,0,1,1,Opening,6,6,2,2,2,2,2,2,1,1,1,1,2,0,0,0,0,0,0,2,2,-1.46,Be3,c1e3,d4,d3d4,-1.56,-1.88,31.999999999999986,False,12,13,saransh12387,elchurro90,1959,1944,1/2-1/2
rn3rk1/1bq1n1bp/2pp2p1/5pP1/Np3P1Q/3PBN2/1PP1B2P/R4RK1 b - - 3 17,17,26,34,0,1,1,Opening,6,6,2,2,2,2,2,2,1,1,1,1,2,0,0,0,0,0,0,2,2,-1.96,c5,c6c5,c5,c6c5,-2.13,-2.13,0.0,True,12,13,saransh12387,elchurro90,1959,1944,1/2-1/2
rn3rk1/1bq1n1bp/3p2p1/2p2pP1/Np3P1Q/3PBN2/1PP1B2P/R4RK1 w - - 0 18,18,26,40,0,1,1,Opening,6,6,2,2,2,2,2,2,1,1,1,1,2,0,0,0,0,0,0,2,2,-2.15,d4,d3d4,d4,d3d4,-2.18,-2.18,0.0,True,12,13,saransh12387,elchurro90,1959,1944,1/2-1/2
rn3rk1/1bq1n1bp/3p2p1/2p2pP1/Np1P1P1Q/4BN2/1PP1B2P/R4RK1 b - - 0 18,18,26,40,0,1,1,Opening,6,6,2,2,2,2,2,2,1,1,1,1,2,0,0,0,0,0,0,2,2,-2.07,Nd7,b8d7,Qc6,c7c6,-2.17,-1.34,82.99999999999999,False,12,13,saransh12387,elchurro90,1959,1944,1/2-1/2
r4rk1/1bqnn1bp/3p2p1/2p2pP1/Np1P1P1Q/4BN2/1PP1B2P/R4RK1 w - - 1 19,19,26,42,0,1,1,Opening,6,6,2,2,2,2,2,2,1,1,1,1,2,0,0,0,0,0,0,2,2,-1.39,dxc5,d4c5,dxc5,d4c5,-1.48,-1.27,20.999999999999996,True,12,13,saransh12387,elchurro90,1959,1944,1/2-1/2
r4rk1/1bqnn1bp/3p2p1/2P2pP1/Np3P1Q/4BN2/1PP1B2P/R4RK1 b - - 0 19,19,25,49,1,1,1,Opening,6,5,2,2,2,2,2,2,1,1,1,1,2,1,0,0,2,0,0,2,3,-1.48,dxc5,d6c5,dxc5,d6c5,-1.27,-1.52,25.0,True,12,13,saransh12387,elchurro90,1959,1944,1/2-1/2
r4rk1/1bqnn1bp/6p1/2p2pP1/Np3P1Q/4BN2/1PP1B2P/R4RK1 w - - 0 20,20,24,43,0,1,1,Middlegame,5,5,2,2,2,2,2,2,1,1,1,1,2,0,0,0,0,0,0,2,2,-1.64,Bc4+,e2c4,Qf2,h4f2,-1.44,-2.14,70.00000000000001,False,12,13,saransh12387,elchurro90,1959,1944,1/2-1/2
r4rk1/1bqnn1bp/6p1/2p2pP1/NpB2P1Q/4BN2/1PP4P/R4RK1 b - - 1 20,20,24,4,0,1,1,Middlegame,5,5,2,2,2,2,2,2,1,1,1,1,2,0,0,0,0,0,0,2,2,-2.82,Kh8,g8h8,Bd5,b7d5,-2.83,-1.64,119.00000000000001,False,12,13,saransh12387,elchurro90,1959,1944,1/2-1/2
r4r1k/1bqnn1bp/6p1/2p2pP1/NpB2P1Q/4BN2/1PP4P/R4RK1 w - - 2 21,21,24,47,0,1,0,Middlegame,5,5,2,2,2,2,2,2,1,1,1,1,2,0,0,0,0,0,0,2,2,-1.56,Qh3,h4h3,Qf2,h4f2,-1.56,-2.64,108.0,False,12,13,saransh12387,elchurro90,1959,1944,1/2-1/2
r4r1k/1bqnn1bp/6p1/2p2pP1/NpB2P2/4BN1Q/1PP4P/R4RK1 b - - 3 21,21,24,47,0,1,0,Middlegame,5,5,2,2,2,2,2,2,1,1,1,1,2,0,0,0,0,0,0,2,2,-2.64,Rxa4,a8a4,Qc6,c7c6,-2.13,-1.35,77.99999999999999,False,12,13,saransh12387,elchurro90,1959,1944,1/2-1/2
5r1k/1bqnn1bp/6p1/2p2pP1/rpB2P2/4BN1Q/1PP4P/R4RK1 w - - 0 22,22,23,45,-3,1,0,Middlegame,5,5,1,2,2,2,2,2,1,1,1,1,2,0,0,0,0,0,0,2,2,-1.45,Rxa4,a1a4,Rxa4,a1a4,-1.4,-1.31,8.999999999999986,True,12,13,saransh12387,elchurro90,1959,1944,1/2-1/2
5r1k/1bqnn1bp/6p1/2p2pP1/RpB2P2/4BN1Q/1PP4P/5RK1 b - - 0 22,22,22,41,2,1,0,Middlegame,5,5,1,2,2,2,2,1,1,1,1,1,2,0,0,0,0,0,0,2,2,-1.3,Nb6,d7b6,Nb6,d7b6,-1.4,-1.43,3.0000000000000027,True,12,13,saransh12387,elchurro90,1959,1944,1/2-1/2
5r1k/1bq1n1bp/1n4p1/2p2pP1/RpB2P2/4BN1Q/1PP4P/5RK1 w - - 1 23,23,22,47,2,1,0,Middlegame,5,5,1,2,2,2,2,1,1,1,1,1,2,0,0,0,0,0,0,2,2,-1.5,Bb3,c4b3,b3,b2b3,-1.47,-2.7,123.00000000000001,False,12,13,saransh12387,elchurro90,1959,1944,1/2-1/2
5r1k/1bq1n1bp/1n4p1/2p2pP1/Rp3P2/1B2BN1Q/1PP4P/5RK1 b - - 2 23,23,22,42,2,1,0,Middlegame,5,5,1,2,2,2,2,1,1,1,1,1,2,0,0,0,0,0,0,2,2,-2.64,Nxa4,b6a4,Nxa4,b6a4,-2.75,-2.64,10.999999999999988,True,12,13,saransh12387,elchurro90,1959,1944,1/2-1/2
5r1k/1bq1n1bp/6p1/2p2pP1/np3P2/1B2BN1Q/1PP4P/5RK1 w - - 0 24,24,21,36,-3,1,0,Middlegame,5,5,1,2,2,2,1,1,1,1,1,1,2,0,0,0,0,0,0,2,2,-2.81,Bxa4,b3a4,Bxa4,b3a4,-2.91,-2.92,0.9999999999999787,True,12,13,saransh12387,elchurro90,1959,1944,1/2-1/2
5r1k/1bq1n1bp/6p1/2p2pP1/Bp3P2/4BN1Q/1PP4P/5RK1 b - - 0 24,24,20,40,0,1,0,Middlegame,5,5,1,1,2,2,1,1,1,1,1,1,2,0,0,0,0,0,0,2,2,-2.96,Rd8,f8d8,Nd5,e7d5,-2.72,-1.27,145.00000000000003,False,12,13,saransh12387,elchurro90,1959,1944,1/2-1/2
3r3k/1bq1n1bp/6p1/2p2pP1/Bp3P2/4BN1Q/1PP4P/5RK1 w - - 1 25,25,20,35,0,1,0,Middlegame,5,5,1,1,2,2,1,1,1,1,1,1,2,0,0,0,0,0,0,2,2,-1.45,Ne5,f3e5,Ne5,f3e5,-1.27,-1.34,7.000000000000006,True,12,13,saransh12387,elchurro90,1959,1944,1/2-1/2
3r3k/1bq1n1bp/6p1/2p1NpP1/Bp3P2/4B2Q/1PP4P/5RK1 b - - 2 25,25,20,43,0,1,0,Middlegame,5,5,1,1,2,2,1,1,1,1,1,1,2,0,0,0,0,0,0,2,2,-1.36,Bxe5,g7e5,Kg8,h8g8,-1.22,-1.22,0.0,False,12,13,saransh12387,elchurro90,1959,1944,1/2-1/2
3r3k/1bq1n2p/6p1/2p1bpP1/Bp3P2/4B2Q/1PP4P/5RK1 w - - 0 26,26,19,31,-3,1,0,Middlegame,5,5,0,1,2,2,1,1,1,1,1,1,2,0,0,0,0,0,0,2,2,-2.0,fxe5,f4e5,fxe5,f4e5,-1.27,-1.23,4.0000000000000036,True,12,13,saransh12387,elchurro90,1959,1944,1/2-1/2
3r3k/1bq1n2p/6p1/2p1PpP1/Bp6/4B2Q/1PP4P/5RK1 b - - 0 26,26,18,41,0,1,0,Middlegame,5,5,0,1,2,1,1,1,1,1,1,0,2,0,0,1,0,1,1,3,2,-1.34,Qxe5,c7e5,Nd5,e7d5,-1.25,-1.26,1.0000000000000009,False,12,13,saransh12387,elchurro90,1959,1944,1/2-1/2
3r3k/1b2n2p/6p1/2p1qpP1/Bp6/4B2Q/1PP4P/5RK1 w - - 0 27,27,17,33,-1,1,0,Middlegame,4,5,0,1,2,1,1,1,1,1,1,0,2,0,0,0,0,0,1,2,2,-1.07,Bf4,e3f4,Bf4,e3f4,-1.1,-1.64,53.99999999999998,True,12,13,saransh12387,elchurro90,1959,1944,1/2-1/2
3r3k/1b2n2p/6p1/2p1qpP1/Bp3B2/7Q/1PP4P/5RK1 b - - 1 27,27,17,47,-1,1,0,Middlegame,4,5,0,1,2,1,1,1,1,1,1,0,2,0,0,0,0,0,1,2,2,-1.37,Qe4,e5e4,Qe2,e5e2,-1.34,-0.51,83.0,False,12,13,saransh12387,elchurro90,1959,1944,1/2-1/2
3r3k/1b2n2p/6p1/2p2pP1/Bp2qB2/7Q/1PP4P/5RK1 w - - 2 28,28,17,38,-1,1,0,Middlegame,4,5,0,1,2,1,1,1,1,1,1,0,2,0,0,0,0,0,1,2,2,-0.53,Qg3,h3g3,Qg3,h3g3,-0.43,-0.39,3.9999999999999982,True,12,13,saransh12387,elchurro90,1959,1944,1/2-1/2
3r3k/1b2n2p/6p1/2p2pP1/Bp2qB2/6Q1/1PP4P/5RK1 b - - 3 28,28,17,43,-1,1,0,Middlegame,4,5,0,1,2,1,1,1,1,1,1,0,2,0,0,0,0,0,1,2,2,-0.4,Nd5,e7d5,Qd4+,e4d4,-0.47,0.0,47.0,False,12,13,saransh12387,elchurro90,1959,1944,1/2-1/2
3r3k/1b5p/6p1/2pn1pP1/Bp2qB2/6Q1/1PP4P/5RK1 w - - 4 29,29,17,37,-1,1,0,Middlegame,4,5,0,1,2,1,1,1,1,1,1,0,2,0,0,0,0,0,1,2,2,0.0,Re1,f1e1,Be5+,f4e5,0.0,-6.73,673.0,False,12,13,saransh12387,elchurro90,1959,1944,1/2-1/2
3r3k/1b5p/6p1/2pn1pP1/Bp2qB2/6Q1/1PP4P/4R1K1 b - - 5 29,29,17,40,-1,1,0,Middlegame,4,5,0,1,2,1,1,1,1,1,1,0,2,0,0,0,0,0,1,2,2,-7.3,Qxf4,e4f4,Qd4+,e4d4,-4.18,-4.47,29.000000000000004,False,12,13,saransh12387,elchurro90,1959,1944,1/2-1/2
3r3k/1b5p/6p1/2pn1pP1/Bp3q2/6Q1/1PP4P/4R1K1 w - - 0 30,30,16,36,-4,1,0,Middlegame,4,5,0,1,1,1,1,1,1,1,0,0,2,0,0,0,0,0,1,2,2,-4.37,Qxf4,g3f4,Bb5,a4b5,-4.37,-4.7,33.00000000000001,False,12,13,saransh12387,elchurro90,1959,1944,1/2-1/2
3r3k/1b5p/6p1/2pn1pP1/Bp3Q2/8/1PP4P/4R1K1 b - - 0 30,30,15,25,5,1,0,Middlegame,4,5,0,1,1,1,1,1,1,0,0,0,1,0,0,0,0,0,1,2,2,-4.72,Nxf4,d5f4,Nxf4,d5f4,-4.65,-4.82,16.999999999999993,True,12,13,saransh12387,elchurro90,1959,1944,1/2-1/2
3r3k/1b5p/6p1/2p2pP1/Bp3n2/8/1PP4P/4R1K1 w - - 0 31,31,14,24,-4,1,0,Middlegame,4,5,0,1,1,1,1,1,0,0,0,0,0,0,0,0,0,0,1,2,2,-4.84,Re7,e1e7,Kf2,g1f2,-5.08,-4.94,13.999999999999968,False,12,13,saransh12387,elchurro90,1959,1944,1/2-1/2
3r3k/1b2R2p/6p1/2p2pP1/Bp3n2/8/1PP4P/6K1 b - - 1 31,31,14,34,-4,1,0,Middlegame,4,5,0,1,1,1,1,1,0,0,0,0,0,0,0,0,0,0,1,2,2,-4.88,Be4,b7e4,Nh3+,f4h3,-5.18,-4.43,75.0,False,12,13,saransh12387,elchurro90,1959,1944,1/2-1/2
3r3k/4R2p/6p1/2p2pP1/Bp2bn2/8/1PP4P/6K1 w - - 2 32,32,14,23,-4,1,0,Middlegame,4,5,0,1,1,1,1,1,0,0,0,0,0,0,0,0,0,0,1,2,2,-4.39,h4,h2h4,Kf2,g1f2,-4.48,-4.68,19.99999999999993,False,12,13,saransh12387,elchurro90,1959,1944,1/2-1/2
3r3k/4R2p/6p1/2p2pP1/Bp2bn1P/8/1PP5/6K1 b - - 0 32,32,14,34,-4,1,0,Middlegame,4,5,0,1,1,1,1,1,0,0,0,0,0,0,0,0,0,0,1,2,2,-4.62,Rd1+,d8d1,c4,c5c4,-4.35,-3.92,42.99999999999997,False,12,13,saransh12387,elchurro90,1959,1944,1/2-1/2
7k/4R2p/6p1/2p2pP1/Bp2bn1P/8/1PP5/3r2K1 w - - 1 33,33,14,2,-4,1,0,Middlegame,4,5,0,1,1,1,1,1,0,0,0,0,0,0,0,0,0,0,1,2,2,-4.51,Kf2,g1f2,Kh2,g1h2,-4.42,-4.41,0.9999999999999787,False,12,13,saransh12387,elchurro90,1959,1944,1/2-1/2
7k/4R2p/6p1/2p2pP1/Bp2bn1P/8/1PP2K2/3r4 b - - 2 33,33,14,35,-4,0,0,Middlegame,4,5,0,1,1,1,1,1,0,0,0,0,0,0,0,0,0,0,1,2,2,-4.38,Rd2+,d1d2,Rd2+,d1d2,-4.28,-4.46,17.99999999999997,True,12,13,saransh12387,elchurro90,1959,1944,1/2-1/2
7k/4R2p/6p1/2p2pP1/Bp2bn1P/8/1PPr1K2/8 w - - 3 34,34,14,5,-4,0,0,Middlegame,4,5,0,1,1,1,1,1,0,0,0,0,0,0,0,0,0,0,1,2,2,-4.59,Ke1,f2e1,Kg1,f2g1,-4.53,-7.11,258.0,False,12,13,saransh12387,elchurro90,1959,1944,1/2-1/2
7k/4R2p/6p1/2p2pP1/Bp2bn1P/8/1PPr4/4K3 b - - 4 34,34,14,33,-4,0,0,Middlegame,4,5,0,1,1,1,1,1,0,0,0,0,0,0,0,0,0,0,1,2,2,-6.74,Re2+,d2e2,Re2+,d2e2,-7.21,-7.29,8.000000000000007,True,12,13,saransh12387,elchurro90,1959,1944,1/2-1/2
7k/4R2p/6p1/2p2pP1/Bp2bn1P/8/1PP1r3/4K3 w - - 5 35,35,14,2,-4,0,0,Middlegame,4,5,0,1,1,1,1,1,0,0,0,0,0,0,0,0,0,0,1,2,2,-7.34,Kd1,e1d1,Kd1,e1d1,-7.48,-7.46,2.000000000000046,True,12,13,saransh12387,elchurro90,1959,1944,1/2-1/2
7k/4R2p/6p1/2p2pP1/Bp2bn1P/8/1PP1r3/3K4 b - - 6 35,35,14,27,-4,0,0,Middlegame,4,5,0,1,1,1,1,1,0,0,0,0,0,0,0,0,0,0,1,2,2,-7.45,Bxc2+,e4c2,Bxc2+,e4c2,-7.52,-7.51,0.9999999999999787,True,12,13,saransh12387,elchurro90,1959,1944,1/2-1/2
7k/4R2p/6p1/2p2pP1/Bp3n1P/8/1Pb1r3/3K4 w - - 0 36,36,13,2,-5,0,0,Middlegame,3,5,0,1,1,1,1,1,0,0,0,0,0,0,0,1,0,0,1,2,2,-7.52,Bxc2,a4c2,Bxc2,a4c2,-7.5,-7.48,1.9999999999999574,True,12,13,saransh12387,elchurro90,1959,1944,1/2-1/2
7k/4R2p/6p1/2p2pP1/1p3n1P/8/1PB1r3/3K4 b - - 0 36,36,12,22,-2,0,0,Middlegame,3,5,0,1,1,0,1,1,0,0,0,0,0,0,0,1,0,0,1,2,2,-7.32,Rxe7,e2e7,Rxe7,e2e7,-7.41,-7.46,4.999999999999982,True,12,13,saransh12387,elchurro90,1959,1944,1/2-1/2
7k/4r2p/6p1/2p2pP1/1p3n1P/8/1PB5/3K4 w - - 0 37,37,11,10,-7,0,0,Middlegame,3,5,0,1,1,0,0,1,0,0,0,0,0,0,0,1,0,0,1,2,2,-7.45,Kd2,d1d2,b3,b2b3,-7.52,-7.45,6.99999999999994,False,12,13,saransh12387,elchurro90,1959,1944,1/2-1/2
7k/4r2p/6p1/2p2pP1/1p3n1P/8/1PBK4/8 b - - 1 37,37,11,26,-7,0,0,Middlegame,3,5,0,1,1,0,0,1,0,0,0,0,0,0,0,1,0,0,1,2,2,-7.44,Rd7+,e7d7,Re2+,e7e2,-7.41,-6.97,44.00000000000004,False,12,13,saransh12387,elchurro90,1959,1944,1/2-1/2
7k/3r3p/6p1/2p2pP1/1p3n1P/8/1PBK4/8 w - - 2 38,38,11,4,-7,0,0,Middlegame,3,5,0,1,1,0,0,1,0,0,0,0,0,0,0,1,0,0,1,2,2,-6.82,Bd3,c2d3,Ke3,d2e3,-6.73,-7.94,121.0,False,12,13,saransh12387,elchurro90,1959,1944,1/2-1/2
7k/3r3p/6p1/2p2pP1/1p3n1P/3B4/1P1K4/8 b - - 3 38,38,11,24,-7,0,0,Middlegame,3,5,0,1,1,0,0,1,0,0,0,0,0,0,0,1,0,0,1,2,2,-8.27,Nxd3,f4d3,Rxd3+,d7d3,-8.51,-8.12,39.00000000000006,False,12,13,saransh12387,elchurro90,1959,1944,1/2-1/2
7k/3r3p/6p1/2p2pP1/1p5P/3n4/1P1K4/8 w - - 0 39,39,10,6,-10,0,0,Endgame,3,5,0,1,0,0,0,1,0,0,0,0,0,0,0,1,0,0,1,2,2,-8.07,Ke2,d2e2,Ke2,d2e2,-7.96,-8.02,5.999999999999961,True,12,13,saransh12387,elchurro90,1959,1944,1/2-1/2
7k/3r3p/6p1/2p2pP1/1p5P/3n4/1P2K3/8 b - - 1 39,39,10,23,-10,0,0,Endgame,3,5,0,1,0,0,0,1,0,0,0,0,0,0,0,1,0,0,1,2,2,-7.97,Nxb2,d3b2,Ne5,d3e5,-7.85,-7.83,1.9999999999999574,False,12,13,saransh12387,elchurro90,1959,1944,1/2-1/2
7k/3r3p/6p1/2p2pP1/1p5P/8/1n2K3/8 w - - 0 40,40,9,6,-11,0,0,Endgame,2,5,0,1,0,0,0,1,0,0,0,0,0,0,0,0,0,0,3,1,2,-7.84,Kf3,e2f3,Kf1,e2f1,-8.09,-8.05,3.9999999999999147,False,12,13,saransh12387,elchurro90,1959,1944,1/2-1/2
7k/3r3p/6p1/2p2pP1/1p5P/5K2/1n6/8 b - - 1 40,40,9,24,-11,0,0,Endgame,2,5,0,1,0,0,0,1,0,0,0,0,0,0,0,0,0,0,3,1,2,-8.1,Rd4,d7d4,Nd3,b2d3,-8.18,-8.12,6.00000000000005,False,12,13,saransh12387,elchurro90,1959,1944,1/2-1/2
7k/7p/6p1/2p2pP1/1p1r3P/5K2/1n6/8 w - - 2 41,41,9,6,-11,0,0,Endgame,2,5,0,1,0,0,0,1,0,0,0,0,0,0,0,0,0,0,3,1,2,-8.22,Ke3,f3e3,Kg3,f3g3,-8.33,-8.18,15.000000000000036,False,12,13,saransh12387,elchurro90,1959,1944,1/2-1/2
7k/7p/6p1/2p2pP1/1p1r3P/4K3/1n6/8 b - - 3 41,41,9,23,-11,0,0,Endgame,2,5,0,1,0,0,0,1,0,0,0,0,0,0,0,0,0,0,3,1,2,-8.35,Rg4,d4g4,Kg7,h8g7,-8.58,-8.16,41.99999999999999,False,12,13,saransh12387,elchurro90,1959,1944,1/2-1/2
7k/7p/6p1/2p2pP1/1p4rP/4K3/1n6/8 w - - 4 42,42,9,5,-11,0,0,Endgame,2,5,0,1,0,0,0,1,0,0,0,0,0,0,0,0,0,0,3,1,2,-8.21,Kd2,e3d2,Kd2,e3d2,-8.52,-8.57,5.000000000000071,True,12,13,saransh12387,elchurro90,1959,1944,1/2-1/2
7k/7p/6p1/2p2pP1/1p4rP/8/1n1K4/8 b - - 5 42,42,9,20,-11,0,0,Endgame,2,5,0,1,0,0,0,1,0,0,0,0,0,0,0,0,0,0,3,1,2,-8.56,Na4,b2a4,Nc4+,b2c4,-8.62,-8.1,51.99999999999996,False,12,13,saransh12387,elchurro90,1959,1944,1/2-1/2
7k/7p/6p1/2p2pP1/np4rP/8/3K4/8 w - - 6 43,43,9,8,-11,0,0,Endgame,2,5,0,1,0,0,0,1,0,0,0,0,0,0,0,0,0,0,3,1,2,-8.79,Kc2,d2c2,Kd1,d2d1,-8.53,-8.81,28.000000000000114,False,12,13,saransh12387,elchurro90,1959,1944,1/2-1/2
7k/7p/6p1/2p2pP1/np4rP/8/2K5/8 b - - 7 43,43,9,19,-11,0,0,Endgame,2,5,0,1,0,0,0,1,0,0,0,0,0,0,0,0,0,0,3,1,2,-8.97,Nb6,a4b6,Rxh4,g4h4,-9.21,-8.83,38.00000000000008,False,12,13,saransh12387,elchurro90,1959,1944,1/2-1/2
7k/7p/1n4p1/2p2pP1/1p4rP/8/2K5/8 w - - 8 44,44,9,8,-11,0,0,Endgame,2,5,0,1,0,0,0,1,0,0,0,0,0,0,0,0,0,0,3,1,2,-8.81,Kb3,c2b3,h5,h4h5,-8.82,-9.26,43.99999999999995,False,12,13,saransh12387,elchurro90,1959,1944,1/2-1/2
7k/7p/1n4p1/2p2pP1/1p4rP/1K6/8/8 b - - 9 44,44,9,21,-11,0,0,Endgame,2,5,0,1,0,0,0,1,0,0,0,0,0,0,0,0,0,0,3,1,2,-9.18,Rxh4,g4h4,Rxh4,g4h4,-9.5,-9.19,31.00000000000005,True,12,13,saransh12387,elchurro90,1959,1944,1/2-1/2
7k/7p/1n4p1/2p2pP1/1p5r/1K6/8/8 w - - 0 45,45,8,3,-12,0,0,Endgame,1,5,0,1,0,0,0,1,0,0,0,0,0,0,0,1,0,0,3,1,2,-9.38,Kb2,b3b2,Kc2,b3c2,-9.45,-9.49,4.000000000000092,False,12,13,saransh12387,elchurro90,1959,1944,1/2-1/2
7k/7p/1n4p1/2p2pP1/1p5r/8/1K6/8 b - - 1 45,45,8,23,-12,0,0,Endgame,1,5,0,1,0,0,0,1,0,0,0,0,0,0,0,1,0,0,3,1,2,-9.39,Rg4,h4g4,Rg4,h4g4,-9.37,-9.26,10.999999999999943,True,12,13,saransh12387,elchurro90,1959,1944,1/2-1/2
7k/7p/1n4p1/2p2pP1/1p4r1/8/1K6/8 w - - 2 46,46,8,6,-12,0,0,Endgame,1,5,0,1,0,0,0,1,0,0,0,0,0,0,0,1,0,0,3,1,2,-10.04,Kc2,b2c2,Kc2,b2c2,-10.37,-10.28,8.999999999999986,True,12,13,saransh12387,elchurro90,1959,1944,1/2-1/2
7k/7p/1n4p1/2p2pP1/1p4r1/8/2K5/8 b - - 3 46,46,8,22,-12,0,0,Endgame,1,5,0,1,0,0,0,1,0,0,0,0,0,0,0,1,0,0,3,1,2,-10.39,Rxg5,g4g5,Rg2+,g4g2,-10000.0,-10000.0,0.0,False,12,13,saransh12387,elchurro90,1959,1944,1/2-1/2
7k/7p/1n4p1/2p2pr1/1p6/8/2K5/8 w - - 0 47,47,7,7,-13,0,0,Endgame,0,5,0,1,0,0,0,1,0,0,0,0,0,0,0,0,0,0,5,0,2,-11.6,Kb2,c2b2,Kd1,c2d1,-11.42,-10000.0,998858.0,False,12,13,saransh12387,elchurro90,1959,1944,1/2-1/2
rnbqkbnr/pppppppp/8/8/8/8/PPPPPPPP/RNBQKBNR w KQkq - 0 1,1,30,20,0,0,0,Opening,8,8,2,2,2,2,2,2,1,1,1,1,2,0,0,0,0,0,0,1,1,0.33,e4,e2e4,e4,e2e4,0.31,0.31,0.0,True,12,14,saransh12387,HeyBin,1955,1973,0-1
rnbqkbnr/pppppppp/8/8/4P3/8/PPPP1PPP/RNBQKBNR b KQkq - 0 1,1,30,20,0,0,0,Opening,8,8,2,2,2,2,2,2,1,1,1,1,2,0,0,0,0,0,0,1,1,0.29,c5,c7c5,e5,e7e5,0.28,0.37,8.999999999999996,False,12,14,saransh12387,HeyBin,1955,1973,0-1
rnbqkbnr/pp1ppppp/8/2p5/4P3/8/PPPP1PPP/RNBQKBNR w KQkq - 0 2,2,30,30,0,0,0,Opening,8,8,2,2,2,2,2,2,1,1,1,1,2,0,0,0,0,0,0,1,1,0.39,Nc3,b1c3,Nf3,g1f3,0.37,0.35,2.0000000000000018,False,12,14,saransh12387,HeyBin,1955,1973,0-1
rnbqkbnr/pp1ppppp/8/2p5/4P3/2N5/PPPP1PPP/R1BQKBNR b KQkq - 1 2,2,30,22,0,0,0,Opening,8,8,2,2,2,2,2,2,1,1,1,1,2,0,0,0,0,0,0,1,1,0.35,e6,e7e6,Nc6,b8c6,0.35,0.41,6.0,False,12,14,saransh12387,HeyBin,1955,1973,0-1
rnbqkbnr/pp1p1ppp/4p3/2p5/4P3/2N5/PPPP1PPP/R1BQKBNR w KQkq - 0 3,3,30,32,0,0,0,Opening,8,8,2,2,2,2,2,2,1,1,1,1,2,0,0,0,0,0,0,1,1,0.45,f4,f2f4,Nf3,g1f3,0.47,-0.15,62.0,False,12,14,saransh12387,HeyBin,1955,1973,0-1
rnbqkbnr/pp1p1ppp/4p3/2p5/4PP2/2N5/PPPP2PP/R1BQKBNR b KQkq - 0 3,3,30,29,0,0,0,Opening,8,8,2,2,2,2,2,2,1,1,1,1,2,0,0,0,0,0,0,1,1,-0.11,Nc6,b8c6,d5,d7d5,-0.21,-0.11,10.0,False,12,14,saransh12387,HeyBin,1955,1973,0-1
r1bqkbnr/pp1p1ppp/2n1p3/2p5/4PP2/2N5/PPPP2PP/R1BQKBNR w KQkq - 1 4,4,30,32,0,0,0,Opening,8,8,2,2,2,2,2,2,1,1,1,1,2,0,0,0,0,0,0,1,1,-0.02,Nf3,g1f3,Nf3,g1f3,0.05,0.13,8.0,True,12,14,saransh12387,HeyBin,1955,1973,0-1
r1bqkbnr/pp1p1ppp/2n1p3/2p5/4PP2/2N2N2/PPPP2PP/R1BQKB1R b KQkq - 2 4,4,30,34,0,0,0,Opening,8,8,2,2,2,2,2,2,1,1,1,1,2,0,0,0,0,0,0,1,1,0.14,b6,b7b6,a6,a7a6,0.15,0.24,9.0,False,12,14,saransh12387,HeyBin,1955,1973,0-1
r1bqkbnr/p2p1ppp/1pn1p3/2p5/4PP2/2N2N2/PPPP2PP/R1BQKB1R w KQkq - 0 5,5,30,32,0,0,0,Opening,8,8,2,2,2,2,2,2,1,1,1,1,2,0,0,0,0,0,0,1,1,0.28,Bc4,f1c4,d4,d2d4,0.35,0.2,14.999999999999996,False,12,14,saransh12387,HeyBin,1955,1973,0-1
r1bqkbnr/p2p1ppp/1pn1p3/2p5/2B1PP2/2N2N2/PPPP2PP/R1BQK2R b KQkq - 1 5,5,30,32,0,0,0,Opening,8,8,2,2,2,2,2,2,1,1,1,1,2,0,0,0,0,0,0,1,1,0.04,Bb7,c8b7,Bb7,c8b7,-0.28,-0.2,8.000000000000002,True,12,14,saransh12387,HeyBin,1955,1973,0-1
r2qkbnr/pb1p1ppp/1pn1p3/2p5/2B1PP2/2N2N2/PPPP2PP/R1BQK2R w KQkq - 2 6,6,30,38,0,0,0,Opening,8,8,2,2,2,2,2,2,1,1,1,1,2,0,0,0,0,0,0,1,1,-0.24,O-O,e1g1,d3,d2d3,-0.22,-0.14,7.999999999999999,False,12,14,saransh12387,HeyBin,1955,1973,0-1
r2qkbnr/pb1p1ppp/1pn1p3/2p5/2B1PP2/2N2N2/PPPP2PP/R1BQ1RK1 b kq - 3 6,6,30,35,0,1,0,Opening,8,8,2,2,2,2,2,2,1,1,1,1,2,0,0,0,0,0,0,1,1,-0.18,Nf6,g8f6,Be7,f8e7,-0.16,-0.15,1.0000000000000009,False,12,14,saransh12387,HeyBin,1955,1973,0-1
r2qkb1r/pb1p1ppp/1pn1pn2/2p5/2B1PP2/2N2N2/PPPP2PP/R1BQ1RK1 w kq - 4 7,7,30,36,0,1,0,Opening,8,8,2,2,2,2,2,2,1,1,1,1,2,0,0,0,0,0,0,1,1,-0.23,d4,d2d4,d3,d2d3,-0.22,-2.17,195.0,False,12,14,saransh12387,HeyBin,1955,1973,0-1
r2qkb1r/pb1p1ppp/1pn1pn2/2p5/2BPPP2/2N2N2/PPP3PP/R1BQ1RK1 b kq - 0 7,7,30,34,0,1,0,Opening,8,8,2,2,2,2,2,2,1,1,1,1,2,0,0,0,0,0,0,1,1,-2.11,cxd4,c5d4,cxd4,c5d4,-2.13,-2.13,0.0,True,12,14,saransh12387,HeyBin,1955,1973,0-1
r2qkb1r/pb1p1ppp/1pn1pn2/8/2BpPP2/2N2N2/PPP3PP/R1BQ1RK1 w kq - 0 8,8,29,40,-1,1,0,Opening,7,8,2,2,2,2,2,2,1,1,1,1,2,0,1,0,0,0,0,2,2,-1.98,Nxd4,f3d4,Ne2,c3e2,-1.9,-2.84,94.0,False,12,14,saransh12387,HeyBin,1955,1973,0-1
r2qkb1r/pb1p1ppp/1pn1pn2/8/2BNPP2/2N5/PPP3PP/R1BQ1RK1 b kq - 0 8,8,28,36,0,1,0,Opening,7,7,2,2,2,2,2,2,1,1,1,1,2,0,0,0,0,0,0,2,2,-2.9,Nxd4,c6d4,Nxd4,c6d4,-3.19,-3.09,10.000000000000009,True,12,14,saransh12387,HeyBin,1955,1973,0-1
r2qkb1r/pb1p1ppp/1p2pn2/8/2BnPP2/2N5/PPP3PP/R1BQ1RK1 w kq - 0 9,9,27,38,-3,1,0,Opening,7,7,1,2,2,2,2,2,1,1,1,1,2,0,0,0,0,0,0,2,2,-3.31,Qxd4,d1d4,Be3,c1e3,-3.18,-4.62,144.0,False,12,14,saransh12387,HeyBin,1955,1973,0-1
r2qkb1r/pb1p1ppp/1p2pn2/8/2BQPP2/2N5/PPP3PP/R1B2RK1 b kq - 0 9,9,26,33,0,1,0,Opening,7,7,1,1,2,2,2,2,1,1,1,1,2,0,0,0,0,0,0,2,2,-4.35,Bc5,f8c5,Bc5,f8c5,-4.43,-4.42,0.9999999999999787,True,12,14,saransh12387,HeyBin,1955,1973,0-1
rnbqkbnr/pppppppp/8/8/8/8/PPPPPPPP/RNBQKBNR w KQkq - 0 1,1,30,20,0,0,0,Opening,8,8,2,2,2,2,2,2,1,1,1,1,2,0,0,0,0,0,0,1,1,0.27,e4,e2e4,e4,e2e4,0.26,0.25,1.0000000000000009,True,12,15,saransh12387,xjinchess,1953,1992,0-1
rnbqkbnr/pppppppp/8/8/4P3/8/PPPP1PPP/RNBQKBNR b KQkq - 0 1,1,30,20,0,0,0,Opening,8,8,2,2,2,2,2,2,1,1,1,1,2,0,0,0,0,0,0,1,1,0.27,Nf6,g8f6,e5,e7e5,0.31,0.62,31.0,False,12,15,saransh12387,xjinchess,1953,1992,0-1
rnbqkb1r/pppppppp/5n2/8/4P3/8/PPPP1PPP/RNBQKBNR w KQkq - 1 2,2,30,30,0,0,0,Opening,8,8,2,2,2,2,2,2,1,1,1,1,2,0,0,0,0,0,0,1,1,0.62,Nc3,b1c3,e5,e4e5,0.61,0.07,54.0,False,12,15,saransh12387,xjinchess,1953,1992,0-1
rnbqkb1r/pppppppp/5n2/8/4P3/2N5/PPPP1PPP/R1BQKBNR b KQkq - 2 2,2,30,22,0,0,0,Opening,8,8,2,2,2,2,2,2,1,1,1,1,2,0,0,0,0,0,0,1,1,0.11,d5,d7d5,e5,e7e5,0.07,0.27,20.0,False,12,15,saransh12387,xjinchess,1953,1992,0-1
rnbqkb1r/ppp1pppp/5n2/3p4/4P3/2N5/PPPP1PPP/R1BQKBNR w KQkq - 0 3,3,30,33,0,0,0,Opening,8,8,2,2,2,2,2,2,1,1,1,1,2,0,0,0,0,0,0,1,1,0.39,exd5,e4d5,e5,e4e5,0.38,0.19,19.0,False,12,15,saransh12387,xjinchess,1953,1992,0-1
rnbqkb1r/ppp1pppp/5n2/3P4/8/2N5/PPPP1PPP/R1BQKBNR b KQkq - 0 3,3,29,31,1,0,0,Opening,8,7,2,2,2,2,2,2,1,1,1,1,2,1,0,0,0,0,0,2,2,0.14,Nxd5,f6d5,Nxd5,f6d5,0.15,0.17,2.0000000000000018,True,12,15,saransh12387,xjinchess,1953,1992,0-1
rnbqkb1r/ppp1pppp/8/3n4/8/2N5/PPPP1PPP/R1BQKBNR w KQkq - 0 4,4,28,32,0,0,0,Opening,7,7,2,2,2,2,2,2,1,1,1,1,2,0,0,0,0,0,0,2,2,0.31,Nf3,g1f3,Bc4,f1c4,0.31,0.09,22.0,False,12,15,saransh12387,xjinchess,1953,1992,0-1
rnbqkb1r/ppp1pppp/8/3n4/8/2N2N2/PPPP1PPP/R1BQKB1R b KQkq - 1 4,4,28,32,0,0,0,Opening,7,7,2,2,2,2,2,2,1,1,1,1,2,0,0,0,0,0,0,2,2,0.04,Nxc3,d5c3,g6,g7g6,0.32,0.24,8.000000000000002,False,12,15,saransh12387,xjinchess,1953,1992,0-1
rnbqkb1r/ppp1pppp/8/8/8/2n2N2/PPPP1PPP/R1BQKB1R w KQkq - 0 5,5,27,25,-3,0,0,Opening,7,7,1,2,2,2,2,2,1,1,1,1,2,0,0,0,0,0,0,2,2,0.3,bxc3,b2c3,bxc3,b2c3,0.24,0.3,6.0,True,12,15,saransh12387,xjinchess,1953,1992,0-1
rnbqkb1r/ppp1pppp/8/8/8/2P2N2/P1PP1PPP/R1BQKB1R b KQkq - 0 5,5,26,30,0,0,0,Opening,7,7,1,1,2,2,2,2,1,1,1,1,2,1,0,1,0,0,0,3,2,0.28,g6,g7g6,g6,g7g6,0.37,0.33,3.9999999999999982,True,12,15,saransh12387,xjinchess,1953,1992,0-1
rnbqkb1r/ppp1pp1p/6p1/8/8/2P2N2/P1PP1PPP/R1BQKB1R w KQkq - 0 6,6,26,25,0,0,0,Opening,7,7,1,1,2,2,2,2,1,1,1,1,2,1,0,1,0,0,0,3,2,0.33,Bc4,f1c4,h4,h2h4,0.26,0.14,12.0,False,12,15,saransh12387,xjinchess,1953,1992,0-1
rnbqkb1r/ppp1pp1p/6p1/8/2B5/2P2N2/P1PP1PPP/R1BQK2R b KQkq - 1 6,6,26,31,0,0,0,Opening,7,7,1,1,2,2,2,2,1,1,1,1,2,1,0,1,0,0,0,3,2,0.17,Bg7,f8g7,Bg7,f8g7,0.14,0.14,0.0,True,12,15,saransh12387,xjinchess,1953,1992,0-1
rnbqk2r/ppp1ppbp/6p1/8/2B5/2P2N2/P1PP1PPP/R1BQK2R w KQkq - 2 7,7,26,31,0,0,0,Opening,7,7,1,1,2,2,2,2,1,1,1,1,2,1,0,1,0,0,0,3,2,0.12,d4,d2d4,h4,h2h4,0.16,-0.11,27.0,False,12,15,saransh12387,xjinchess,1953,1992,0-1
rnbqk2r/ppp1ppbp/6p1/8/2BP4/2P2N2/P1P2PPP/R1BQK2R b KQkq - 0 7,7,26,35,0,0,0,Opening,7,7,1,1,2,2,2,2,1,1,1,1,2,1,0,1,0,0,0,3,2,-0.11,O-O,e8g8,c5,c7c5,-0.19,-0.15,4.000000000000001,False,12,15,saransh12387,xjinchess,1953,1992,0-1
rnbq1rk1/ppp1ppbp/6p1/8/2BP4/2P2N2/P1P2PPP/R1BQK2R w KQ - 1 8,8,26,38,0,0,1,Opening,7,7,1,1,2,2,2,2,1,1,1,1,2,1,0,1,0,0,0,3,2,-0.12,O-O,e1g1,O-O,e1g1,-0.08,-0.13,5.0,True,12,15,saransh12387,xjinchess,1953,1992,0-1
rnbq1rk1/ppp1ppbp/6p1/8/2BP4/2P2N2/P1P2PPP/R1BQ1RK1 b - - 2 8,8,26,31,0,1,1,Opening,7,7,1,1,2,2,2,2,1,1,1,1,2,1,0,1,0,0,0,3,2,-0.15,c5,c7c5,c5,c7c5,-0.16,-0.12,4.000000000000001,True,12,15,saransh12387,xjinchess,1953,1992,0-1
rnbq1rk1/pp2ppbp/6p1/2p5/2BP4/2P2N2/P1P2PPP/R1BQ1RK1 w - - 0 9,9,26,35,0,1,1,Opening,7,7,1,1,2,2,2,2,1,1,1,1,2,1,0,1,0,0,0,3,2,-0.12,Re1,f1e1,Re1,f1e1,-0.02,-0.02,0.0,True,12,15,saransh12387,xjinchess,1953,1992,0-1
rnbq1rk1/pp2ppbp/6p1/2p5/2BP4/2P2N2/P1P2PPP/R1BQR1K1 b - - 1 9,9,26,33,0,1,1,Opening,7,7,1,1,2,2,2,2,1,1,1,1,2,1,0,1,0,0,0,3,2,-0.11,Nc6,b8c6,Nc6,b8c6,-0.13,-0.03,10.0,True,12,15,saransh12387,xjinchess,1953,1992,0-1
r1bq1rk1/pp2ppbp/2n3p1/2p5/2BP4/2P2N2/P1P2PPP/R1BQR1K1 w - - 2 10,10,26,41,0,1,1,Opening,7,7,1,1,2,2,2,2,1,1,1,1,2,1,0,1,0,0,0,3,2,-0.13,Be3,c1e3,Ba3,c1a3,-0.22,-0.57,35.0,False,12,15,saransh12387,xjinchess,1953,1992,0-1
r1bq1rk1/pp2ppbp/2n3p1/2p5/2BP4/2P1BN2/P1P2PPP/R2QR1K1 b - - 3 10,10,26,36,0,1,1,Opening,7,7,1,1,2,2,2,2,1,1,1,1,2,1,0,1,0,0,0,3,2,-0.52,Bg4,c8g4,Qa5,d8a5,-0.53,-0.52,1.0000000000000009,False,12,15,saransh12387,xjinchess,1953,1992,0-1
r2q1rk1/pp2ppbp/2n3p1/2p5/2BP2b1/2P1BN2/P1P2PPP/R2QR1K1 w - - 4 11,11,26,36,0,1,1,Opening,7,7,1,1,2,2,2,2,1,1,1,1,2,1,0,1,0,0,0,3,2,-0.56,h3,h2h3,Rb1,a1b1,-0.57,-0.93,36.00000000000001,False,12,15,saransh12387,xjinchess,1953,1992,0-1
r2q1rk1/pp2ppbp/2n3p1/2p5/2BP2b1/2P1BN1P/P1P2PP1/R2QR1K1 b - - 0 11,11,26,41,0,1,1,Opening,7,7,1,1,2,2,2,2,1,1,1,1,2,1,0,1,0,0,0,3,2,-1.06,Bxf3,g4f3,Bxf3,g4f3,-0.98,-0.99,1.0000000000000009,True,12,15,saransh12387,xjinchess,1953,1992,0-1
r2q1rk1/pp2ppbp/2n3p1/2p5/2BP4/2P1Bb1P/P1P2PP1/R2QR1K1 w - - 0 12,12,25,35,-3,1,1,Opening,7,7,0,1,2,2,2,2,1,1,1,1,2,1,0,1,0,0,0,3,2,-1.02,Qxf3,d1f3,Qxf3,d1f3,-1.08,-1.1,2.0000000000000018,True,12,15,saransh12387,xjinchess,1953,1992,0-1
r2q1rk1/pp2ppbp/2n3p1/2p5/2BP4/2P1BQ1P/P1P2PP1/R3R1K1 b - - 0 12,12,24,34,0,1,1,Middlegame,7,7,0,1,2,1,2,2,1,1,1,0,2,1,0,1,0,0,0,3,2,-1.1,cxd4,c5d4,cxd4,c5d4,-1.14,-1.14,0.0,True,12,15,saransh12387,xjinchess,1953,1992,0-1
r2q1rk1/pp2ppbp/2n3p1/8/2Bp4/2P1BQ1P/P1P2PP1/R3R1K1 w - - 0 13,13,23,44,-1,1,1,Middlegame,6,7,0,1,2,1,2,2,1,1,1,0,2,1,0,3,0,0,0,3,2,-1.1,cxd4,c3d4,Rad1,a1d1,-1.08,-1.25,16.999999999999993,False,12,15,saransh12387,xjinchess,1953,1992,0-1
r2q1rk1/pp2ppbp/2n3p1/8/2BP4/4BQ1P/P1P2PP1/R3R1K1 b - - 0 13,13,22,33,0,1,1,Middlegame,6,6,0,1,2,1,2,2,1,1,1,0,2,0,0,1,0,0,0,3,2,-1.21,Bxd4,g7d4,Nxd4,c6d4,-1.12,-0.18,94.00000000000001,False,12,15,saransh12387,xjinchess,1953,1992,0-1
r2q1rk1/pp2pp1p/2n3p1/8/2Bb4/4BQ1P/P1P2PP1/R3R1K1 w - - 0 14,14,21,44,-1,1,1,Middlegame,5,6,0,1,2,1,2,2,1,1,1,0,2,0,0,2,0,0,0,3,2,-0.13,Rad1,a1d1,Rad1,a1d1,-0.35,-0.3,4.999999999999999,True,12,15,saransh12387,xjinchess,1953,1992,0-1
r2q1rk1/pp2pp1p/2n3p1/8/2Bb4/4BQ1P/P1P2PP1/3RR1K1 b - - 1 14,14,21,37,-1,1,1,Middlegame,5,6,0,1,2,1,2,2,1,1,1,0,2,0,0,2,0,0,0,3,2,-0.28,Qb6,d8b6,Qb6,d8b6,-0.06,-0.21,15.0,True,12,15,saransh12387,xjinchess,1953,1992,0-1
r4rk1/pp2pp1p/1qn3p1/8/2Bb4/4BQ1P/P1P2PP1/3RR1K1 w - - 2 15,15,21,43,-1,1,1,Middlegame,5,6,0,1,2,1,2,2,1,1,1,0,2,0,0,2,0,0,0,3,2,-0.24,Bxd4,e3d4,Bxd4,e3d4,-0.21,-0.22,1.0000000000000009,True,12,15,saransh12387,xjinchess,1953,1992,0-1
r4rk1/pp2pp1p/1qn3p1/8/2BB4/5Q1P/P1P2PP1/3RR1K1 b - - 0 15,15,20,32,2,1,1,Middlegame,5,6,0,1,2,0,2,2,1,1,1,0,2,0,0,2,0,0,0,3,2,-0.22,Nxd4,c6d4,Nxd4,c6d4,-0.22,-0.17,4.999999999999999,True,12,15,saransh12387,xjinchess,1953,1992,0-1
r4rk1/pp2pp1p/1q4p1/8/2Bn4/5Q1P/P1P2PP1/3RR1K1 w - - 0 16,16,19,48,-1,1,1,Middlegame,5,6,0,1,1,0,2,2,1,1,0,0,2,0,0,2,0,0,0,3,2,-0.17,Qe4,f3e4,Qe3,f3e3,-0.15,-0.27,12.000000000000002,False,12,15,saransh12387,xjinchess,1953,1992,0-1
r4rk1/pp2pp1p/1q4p1/8/2BnQ3/7P/P1P2PP1/3RR1K1 b - - 1 16,16,19,39,-1,1,1,Middlegame,5,6,0,1,1,0,2,2,1,1,0,0,2,0,0,2,0,0,0,3,2,-0.25,Nc6,d4c6,Nf5,d4f5,-0.22,-0.05,17.0,False,12,15,saransh12387,xjinchess,1953,1992,0-1
r4rk1/pp2pp1p/1qn3p1/8/2B1Q3/7P/P1P2PP1/3RR1K1 w - - 2 17,17,19,46,-1,1,1,Middlegame,5,6,0,1,1,0,2,2,1,1,0,0,2,0,0,2,0,0,0,3,2,-0.12,Rb1,d1b1,Rb1,d1b1,-0.09,-0.09,0.0,True,12,15,saransh12387,xjinchess,1953,1992,0-1
r4rk1/pp2pp1p/1qn3p1/8/2B1Q3/7P/P1P2PP1/1R2R1K1 b - - 3 17,17,19,36,-1,1,1,Middlegame,5,6,0,1,1,0,2,2,1,1,0,0,2,0,0,2,0,0,0,3,2,-0.17,Qc7,b6c7,Qc7,b6c7,-0.16,-0.12,4.000000000000001,True,12,15,saransh12387,xjinchess,1953,1992,0-1
r4rk1/ppq1pp1p/2n3p1/8/2B1Q3/7P/P1P2PP1/1R2R1K1 w - - 4 18,18,19,48,-1,1,1,Middlegame,5,6,0,1,1,0,2,2,1,1,0,0,2,0,0,2,0,0,0,3,2,-0.14,Bd5,c4d5,Bd5,c4d5,-0.39,-0.35,4.0000000000000036,True,12,15,saransh12387,xjinchess,1953,1992,0-1
r4rk1/ppq1pp1p/2n3p1/3B4/4Q3/7P/P1P2PP1/1R2R1K1 b - - 5 18,18,19,36,-1,1,1,Middlegame,5,6,0,1,1,0,2,2,1,1,0,0,2,0,0,2,0,0,0,3,2,-0.35,e6,e7e6,e6,e7e6,-0.34,-0.27,7.000000000000001,True,12,15,saransh12387,xjinchess,1953,1992,0-1
r4rk1/ppq2p1p/2n1p1p1/3B4/4Q3/7P/P1P2PP1/1R2R1K1 w - - 0 19,19,19,44,-1,1,1,Middlegame,5,6,0,1,1,0,2,2,1,1,0,0,2,0,0,2,0,0,0,3,2,-0.29,Bc4,d5c4,Rxb7,b1b7,-0.29,-2.2,191.0,False,12,15,saransh12387,xjinchess,1953,1992,0-1
r4rk1/ppq2p1p/2n1p1p1/8/2B1Q3/7P/P1P2PP1/1R2R1K1 b - - 1 19,19,19,39,-1,1,1,Middlegame,5,6,0,1,1,0,2,2,1,1,0,0,2,0,0,2,0,0,0,3,2,-2.01,Rad8,a8d8,Rad8,a8d8,-2.08,-2.1,2.0000000000000018,True,12,15,saransh12387,xjinchess,1953,1992,0-1
3r1rk1/ppq2p1p/2n1p1p1/8/2B1Q3/7P/P1P2PP1/1R2R1K1 w - - 2 20,20,19,46,-1,1,1,Middlegame,5,6,0,1,1,0,2,2,1,1,0,0,2,0,0,2,0,0,0,3,2,-1.88,Qe3,e4e3,Bb5,c4b5,-1.95,-2.2,25.00000000000002,False,12,15,saransh12387,xjinchess,1953,1992,0-1
3r1rk1/ppq2p1p/2n1p1p1/8/2B5/4Q2P/P1P2PP1/1R2R1K1 b - - 3 20,20,19,41,-1,1,1,Middlegame,5,6,0,1,1,0,2,2,1,1,0,0,2,0,0,2,0,0,0,3,2,-2.04,b6,b7b6,b6,b7b6,-2.15,-2.25,10.000000000000009,True,12,15,saransh12387,xjinchess,1953,1992,0-1
3r1rk1/p1q2p1p/1pn1p1p1/8/2B5/4Q2P/P1P2PP1/1R2R1K1 w - - 0 21,21,19,48,-1,1,1,Middlegame,5,6,0,1,1,0,2,2,1,1,0,0,2,0,0,2,0,0,0,3,2,-1.97,c3,c2c3,Rbd1,b1d1,-2.2,-2.49,29.000000000000004,False,12,15,saransh12387,xjinchess,1953,1992,0-1
3r1rk1/p1q2p1p/1pn1p1p1/8/2B5/2P1Q2P/P4PP1/1R2R1K1 b - - 0 21,21,19,39,-1,1,1,Middlegame,5,6,0,1,1,0,2,2,1,1,0,0,2,0,0,2,0,0,0,3,2,-2.46,Na5,c6a5,Ne7,c6e7,-2.36,-1.95,40.99999999999999,False,12,15,saransh12387,xjinchess,1953,1992,0-1
3r1rk1/p1q2p1p/1p2p1p1/n7/2B5/2P1Q2P/P4PP1/1R2R1K1 w - - 1 22,22,19,44,-1,1,1,Middlegame,5,6,0,1,1,0,2,2,1,1,0,0,2,0,0,2,0,0,0,3,2,-2.08,Bb3,c4b3,Bf1,c4f1,-2.59,-2.34,25.0,False,12,15,saransh12387,xjinchess,1953,1992,0-1
3r1rk1/p1q2p1p/1p2p1p1/n7/8/1BP1Q2P/P4PP1/1R2R1K1 b - - 2 22,22,19,40,-1,1,1,Middlegame,5,6,0,1,1,0,2,2,1,1,0,0,2,0,0,2,0,0,0,3,2,-2.22,Rc8,d8c8,Nc4,a5c4,-2.34,-2.38,4.0000000000000036,False,12,15,saransh12387,xjinchess,1953,1992,0-1
2r2rk1/p1q2p1p/1p2p1p1/n7/8/1BP1Q2P/P4PP1/1R2R1K1 w - - 3 23,23,19,39,-1,1,1,Middlegame,5,6,0,1,1,0,2,2,1,1,0,0,2,0,0,2,0,0,0,3,2,-2.28,c4,c3c4,Rbc1,b1c1,-2.42,-2.81,39.000000000000014,False,12,15,saransh12387,xjinchess,1953,1992,0-1
2r2rk1/p1q2p1p/1p2p1p1/n7/2P5/1B2Q2P/P4PP1/1R2R1K1 b - - 0 23,23,19,33,-1,1,1,Middlegame,5,6,0,1,1,0,2,2,1,1,0,0,2,0,0,2,0,0,0,3,2,-2.81,Nxc4,a5c4,Nxc4,a5c4,-2.89,-2.92,2.9999999999999805,True,12,15,saransh12387,xjinchess,1953,1992,0-1
2r2rk1/p1q2p1p/1p2p1p1/8/2n5/1B2Q2P/P4PP1/1R2R1K1 w - - 0 24,24,18,37,-2,1,1,Middlegame,4,6,0,1,1,0,2,2,1,1,0,0,2,0,0,1,0,0,0,2,2,-2.96,Qe2,e3e2,Bxc4,b3c4,-3.13,-3.37,24.00000000000002,False,12,15,saransh12387,xjinchess,1953,1992,0-1
2r2rk1/p1q2p1p/1p2p1p1/8/2n5/1B5P/P3QPP1/1R2R1K1 b - - 1 24,24,18,36,-2,1,1,Middlegame,4,6,0,1,1,0,2,2,1,1,0,0,2,0,0,1,0,0,0,2,2,-3.17,Na5,c4a5,Na5,c4a5,-3.08,-3.04,4.0000000000000036,True,12,15,saransh12387,xjinchess,1953,1992,0-1
2r2rk1/p1q2p1p/1p2p1p1/n7/8/1B5P/P3QPP1/1R2R1K1 w - - 2 25,25,18,38,-2,1,1,Middlegame,4,6,0,1,1,0,2,2,1,1,0,0,2,0,0,1,0,0,0,2,2,-3.36,Rbc1,b1c1,Bxe6,b3e6,-3.69,-3.49,19.99999999999997,False,12,15,saransh12387,xjinchess,1953,1992,0-1
2r2rk1/p1q2p1p/1p2p1p1/n7/8/1B5P/P3QPP1/2R1R1K1 b - - 3 25,25,18,36,-2,1,1,Middlegame,4,6,0,1,1,0,2,2,1,1,0,0,2,0,0,1,0,0,0,2,2,-3.61,Qe7,c7e7,Qxc1,c7c1,-3.22,-3.19,3.000000000000025,False,12,15,saransh12387,xjinchess,1953,1992,0-1
2r2rk1/p3qp1p/1p2p1p1/n7/8/1B5P/P3QPP1/2R1R1K1 w - - 4 26,26,18,44,-2,1,1,Middlegame,4,6,0,1,1,0,2,2,1,1,0,0,2,0,0,1,0,0,0,2,2,-3.3,Rb1,c1b1,Qe5,e2e5,-3.29,-4.06,76.99999999999996,False,12,15,saransh12387,xjinchess,1953,1992,0-1
2r2rk1/p3qp1p/1p2p1p1/n7/8/1B5P/P3QPP1/1R2R1K1 b - - 5 26,26,18,39,-2,1,1,Middlegame,4,6,0,1,1,0,2,2,1,1,0,0,2,0,0,1,0,0,0,2,2,-3.75,Rc3,c8c3,Nxb3,a5b3,-3.69,-3.3,39.000000000000014,False,12,15,saransh12387,xjinchess,1953,1992,0-1
5rk1/p3qp1p/1p2p1p1/n7/8/1Br4P/P3QPP1/1R2R1K1 w - - 6 27,27,18,39,-2,1,1,Middlegame,4,6,0,1,1,0,2,2,1,1,0,0,2,0,0,1,0,0,0,2,2,-3.17,Rec1,e1c1,Ba4,b3a4,-3.11,-3.44,33.00000000000001,False,12,15,saransh12387,xjinchess,1953,1992,0-1
5rk1/p3qp1p/1p2p1p1/n7/8/1Br4P/P3QPP1/1RR3K1 b - - 7 27,27,18,44,-2,1,1,Middlegame,4,6,0,1,1,0,2,2,1,1,0,0,2,0,0,1,0,0,0,2,2,-3.35,Rfc8,f8c8,Rc7,c3c7,-3.06,-3.51,44.99999999999997,False,12,15,saransh12387,xjinchess,1953,1992,0-1
2r3k1/p3qp1p/1p2p1p1/n7/8/1Br4P/P3QPP1/1RR3K1 w - - 8 28,28,18,40,-2,1,1,Middlegame,4,6,0,1,1,0,2,2,1,1,0,0,2,0,0,1,0,0,0,2,2,-3.24,Rxc3,c1c3,Rxc3,c1c3,-3.28,-3.33,5.000000000000027,True,12,15,saransh12387,xjinchess,1953,1992,0-1
2r3k1/p3qp1p/1p2p1p1/n7/8/1BR4P/P3QPP1/1R4K1 b - - 0 28,28,17,38,3,1,1,Middlegame,4,6,0,1,1,0,2,1,1,1,0,0,2,0,0,1,0,0,0,2,2,-3.37,Rxc3,c8c3,Rxc3,c8c3,-3.25,-3.55,29.999999999999982,True,12,15,saransh12387,xjinchess,1953,1992,0-1
6k1/p3qp1p/1p2p1p1/n7/8/1Br4P/P3QPP1/1R4K1 w - - 0 29,29,16,39,-2,1,1,Middlegame,4,6,0,1,1,0,1,1,1,1,0,0,2,0,0,1,0,0,0,2,2,-3.3,Qa6,e2a6,Ba4,b3a4,-3.32,-3.74,42.000000000000036,False,12,15,saransh12387,xjinchess,1953,1992,0-1
6k1/p3qp1p/Qp2p1p1/n7/8/1Br4P/P4PP1/1R4K1 b - - 1 29,29,16,40,-2,1,1,Middlegame,4,6,0,1,1,0,1,1,1,1,0,0,2,0,0,1,0,0,0,2,2,-3.89,Qc7,e7c7,Nxb3,a5b3,-3.84,-3.69,14.999999999999991,False,12,15,saransh12387,xjinchess,1953,1992,0-1
6k1/p1q2p1p/Qp2p1p1/n7/8/1Br4P/P4PP1/1R4K1 w - - 2 30,30,16,31,-2,1,1,Middlegame,4,6,0,1,1,0,1,1,1,1,0,0,2,0,0,1,0,0,0,2,2,-3.71,Rd1,b1d1,Bxe6,b3e6,-3.82,-3.88,6.000000000000005,False,12,15,saransh12387,xjinchess,1953,1992,0-1
6k1/p1q2p1p/Qp2p1p1/n7/8/1Br4P/P4PP1/3R2K1 b - - 3 30,30,16,39,-2,1,1,Middlegame,4,6,0,1,1,0,1,1,1,1,0,0,2,0,0,1,0,0,0,2,2,-3.98,Nxb3,a5b3,Nxb3,a5b3,-4.16,-3.99,16.999999999999993,True,12,15,saransh12387,xjinchess,1953,1992,0-1
6k1/p1q2p1p/Qp2p1p1/8/8/1nr4P/P4PP1/3R2K1 w - - 0 31,31,15,34,-5,1,1,Middlegame,4,6,0,1,0,0,1,1,1,1,0,0,2,0,0,1,0,0,0,2,2,-4.11,axb3,a2b3,g3,g2g3,-4.83,-4.04,79.0,False,12,15,saransh12387,xjinchess,1953,1992,0-1
6k1/p1q2p1p/Qp2p1p1/8/8/1Pr4P/5PP1/3R2K1 b - - 0 31,31,14,35,-2,1,1,Middlegame,4,6,0,0,0,0,1,1,1,1,0,0,2,0,0,1,0,0,0,2,2,-4.39,Rxb3,c3b3,Rxb3,c3b3,-4.6,-4.59,0.9999999999999787,True,12,15,saransh12387,xjinchess,1953,1992,0-1
6k1/p1q2p1p/Qp2p1p1/8/8/1r5P/5PP1/3R2K1 w - - 0 32,32,13,33,-3,1,1,Middlegame,3,6,0,0,0,0,1,1,1,1,0,0,2,0,0,0,0,0,2,1,2,-4.55,Ra1,d1a1,Qe2,a6e2,-4.45,-4.86,41.000000000000014,False,12,15,saransh12387,xjinchess,1953,1992,0-1
6k1/p1q2p1p/Qp2p1p1/8/8/1r5P/5PP1/R5K1 b - - 1 32,32,13,38,-3,1,1,Middlegame,3,6,0,0,0,0,1,1,1,1,0,0,2,0,0,0,0,0,2,1,2,-4.86,Rb2,b3b2,Rc3,b3c3,-3.92,-4.34,41.99999999999999,False,12,15,saransh12387,xjinchess,1953,1992,0-1
6k1/p1q2p1p/Qp2p1p1/8/8/7P/1r3PP1/R5K1 w - - 2 33,33,13,29,-3,1,1,Middlegame,3,6,0,0,0,0,1,1,1,1,0,0,2,0,0,0,0,0,2,1,2,-4.11,g3,g2g3,Qa3,a6a3,-4.7,-4.84,13.999999999999968,False,12,15,saransh12387,xjinchess,1953,1992,0-1
6k1/p1q2p1p/Qp2p1p1/8/8/6PP/1r3P2/R5K1 b - - 0 33,33,13,35,-3,1,1,Middlegame,3,6,0,0,0,0,1,1,1,1,0,0,2,0,0,0,0,0,2,1,2,-4.98,Qc2,c7c2,Qc5,c7c5,-4.96,-4.31,65.00000000000003,False,12,15,saransh12387,xjinchess,1953,1992,0-1
6k1/p4p1p/Qp2p1p1/8/8/6PP/1rq2P2/R5K1 w - - 1 34,34,13,30,-3,1,1,Middlegame,3,6,0,0,0,0,1,1,1,1,0,0,2,0,0,0,0,0,2,1,2,-4.54,Rf1,a1f1,Rf1,a1f1,-4.63,-4.89,25.99999999999998,True,12,15,saransh12387,xjinchess,1953,1992,0-1
6k1/p4p1p/Qp2p1p1/8/8/6PP/1rq2P2/5RK1 b - - 2 34,34,13,32,-3,1,1,Middlegame,3,6,0,0,0,0,1,1,1,1,0,0,2,0,0,0,0,0,2,1,2,-4.59,Ra2,b2a2,Ra2,b2a2,-4.6,-4.43,16.999999999999993,True,12,15,saransh12387,xjinchess,1953,1992,0-1
6k1/p4p1p/Qp2p1p1/8/8/6PP/r1q2P2/5RK1 w - - 3 35,35,13,24,-3,1,1,Middlegame,3,6,0,0,0,0,1,1,1,1,0,0,2,0,0,0,0,0,2,1,2,-4.54,Qb7,a6b7,Qb7,a6b7,-4.88,-4.81,7.000000000000028,True,12,15,saransh12387,xjinchess,1953,1992,0-1
6k1/pQ3p1p/1p2p1p1/8/8/6PP/r1q2P2/5RK1 b - - 4 35,35,13,36,-3,1,1,Middlegame,3,6,0,0,0,0,1,1,1,1,0,0,2,0,0,0,0,0,2,1,2,-4.67,Qc5,c2c5,Qc3,c2c3,-4.68,-4.67,0.9999999999999787,False,12,15,saransh12387,xjinchess,1953,1992,0-1
6k1/pQ3p1p/1p2p1p1/2q5/8/6PP/r4P2/5RK1 w - - 5 36,36,13,26,-3,1,1,Middlegame,3,6,0,0,0,0,1,1,1,1,0,0,2,0,0,0,0,0,2,1,2,-4.54,Qd7,b7d7,Qf3,b7f3,-4.89,-4.85,4.0000000000000036,False,12,15,saransh12387,xjinchess,1953,1992,0-1
6k1/p2Q1p1p/1p2p1p1/2q5/8/6PP/r4P2/5RK1 b - - 6 36,36,13,44,-3,1,1,Middlegame,3,6,0,0,0,0,1,1,1,1,0,0,2,0,0,0,0,0,2,1,2,-4.81,a5,a7a5,Qd5,c5d5,-4.86,-4.59,27.000000000000046,False,12,15,saransh12387,xjinchess,1953,1992,0-1
6k1/3Q1p1p/1p2p1p1/p1q5/8/6PP/r4P2/5RK1 w - - 0 37,37,13,28,-3,1,1,Middlegame,3,6,0,0,0,0,1,1,1,1,0,0,2,0,0,0,0,0,2,1,2,-4.62,Qd8+,d7d8,h4,h3h4,-4.78,-5.2,41.99999999999999,False,12,15,saransh12387,xjinchess,1953,1992,0-1
3Q2k1/5p1p/1p2p1p1/p1q5/8/6PP/r4P2/5RK1 b - - 1 37,37,13,2,-3,1,1,Middlegame,3,6,0,0,0,0,1,1,1,1,0,0,2,0,0,0,0,0,2,1,2,-4.77,Kg7,g8g7,Kg7,g8g7,-5.35,-5.19,15.999999999999925,True,12,15,saransh12387,xjinchess,1953,1992,0-1
3Q4/5pkp/1p2p1p1/p1q5/8/6PP/r4P2/5RK1 w - - 2 38,38,13,30,-3,1,0,Middlegame,3,6,0,0,0,0,1,1,1,1,0,0,2,0,0,0,0,0,2,1,2,-5.16,h4,h3h4,h4,h3h4,-5.36,-5.23,12.99999999999999,True,12,15,saransh12387,xjinchess,1953,1992,0-1
3Q4/5pkp/1p2p1p1/p1q5/7P/6P1/r4P2/5RK1 b - - 0 38,38,13,38,-3,1,0,Middlegame,3,6,0,0,0,0,1,1,1,1,0,0,2,0,0,0,0,0,2,1,2,-5.2,h5,h7h5,h6,h7h6,-5.34,-4.92,41.99999999999999,False,12,15,saransh12387,xjinchess,1953,1992,0-1
3Q4/5pk1/1p2p1p1/p1q4p/7P/6P1/r4P2/5RK1 w - - 0 39,39,13,28,-3,1,0,Middlegame,3,6,0,0,0,0,1,1,1,1,0,0,2,0,0,0,0,0,2,1,2,-5.14,g4,g3g4,Kg2,g1g2,-5.07,-5.39,31.99999999999994,False,12,15,saransh12387,xjinchess,1953,1992,0-1
3Q4/5pk1/1p2p1p1/p1q4p/6PP/8/r4P2/5RK1 b - - 0 39,39,13,37,-3,1,0,Middlegame,3,6,0,0,0,0,1,1,1,1,0,0,2,0,0,0,0,0,2,1,2,-5.51,hxg4,h5g4,Ra4,a2a4,-5.54,-4.69,84.99999999999997,False,12,15,saransh12387,xjinchess,1953,1992,0-1
3Q4/5pk1/1p2p1p1/p1q5/6pP/8/r4P2/5RK1 w - - 0 40,40,12,28,-4,1,0,Middlegame,2,6,0,0,0,0,1,1,1,1,0,0,2,0,1,2,0,0,2,2,2,-5.16,Kg2,g1g2,Kg2,g1g2,-5.65,-5.25,40.000000000000036,True,12,15,saransh12387,xjinchess,1953,1992,0-1
3Q4/5pk1/1p2p1p1/p1q5/6pP/8/r4PK1/5R2 b - - 1 40,40,12,38,-4,0,0,Middlegame,2,6,0,0,0,0,1,1,1,1,0,0,2,0,1,2,0,0,2,2,2,-5.35,Qd5+,c5d5,g3,g4g3,-5.37,-5.44,7.000000000000028,False,12,15,saransh12387,xjinchess,1953,1992,0-1
rnbqkbnr/pppppppp/8/8/8/8/PPPPPPPP/RNBQKBNR w KQkq - 0 1,1,30,20,0,0,0,Opening,8,8,2,2,2,2,2,2,1,1,1,1,2,0,0,0,0,0,0,1,1,0.31,e4,e2e4,e4,e2e4,0.34,0.31,3.0000000000000027,True,12,16,saransh12387,Nada_Tamang,1950,1976,0-1
rnbqkbnr/pppppppp/8/8/4P3/8/PPPP1PPP/RNBQKBNR b KQkq - 0 1,1,30,20,0,0,0,Opening,8,8,2,2,2,2,2,2,1,1,1,1,2,0,0,0,0,0,0,1,1,0.32,e5,e7e5,e5,e7e5,0.32,0.32,0.0,True,12,16,saransh12387,Nada_Tamang,1950,1976,0-1
rnbqkbnr/pppp1ppp/8/4p3/4P3/8/PPPP1PPP/RNBQKBNR w KQkq - 0 2,2,30,29,0,0,0,Opening,8,8,2,2,2,2,2,2,1,1,1,1,2,0,0,0,0,0,0,1,1,0.32,Nf3,g1f3,Nf3,g1f3,0.3,0.3,0.0,True,12,16,saransh12387,Nada_Tamang,1950,1976,0-1
rnbqkbnr/pppp1ppp/8/4p3/4P3/5N2/PPPP1PPP/RNBQKB1R b KQkq - 1 2,2,30,29,0,0,0,Opening,8,8,2,2,2,2,2,2,1,1,1,1,2,0,0,0,0,0,0,1,1,0.3,Nc6,b8c6,Nc6,b8c6,0.31,0.32,1.0000000000000009,True,12,16,saransh12387,Nada_Tamang,1950,1976,0-1
r1bqkbnr/pppp1ppp/2n5/4p3/4P3/5N2/PPPP1PPP/RNBQKB1R w KQkq - 2 3,3,30,27,0,0,0,Opening,8,8,2,2,2,2,2,2,1,1,1,1,2,0,0,0,0,0,0,1,1,0.31,d4,d2d4,d4,d2d4,0.28,0.19,9.000000000000002,True,12,16,saransh12387,Nada_Tamang,1950,1976,0-1
r1bqkbnr/pppp1ppp/2n5/4p3/3PP3/5N2/PPP2PPP/RNBQKB1R b KQkq - 0 3,3,30,32,0,0,0,Opening,8,8,2,2,2,2,2,2,1,1,1,1,2,0,0,0,0,0,0,1,1,0.2,exd4,e5d4,exd4,e5d4,0.18,0.19,1.0000000000000009,True,12,16,saransh12387,Nada_Tamang,1950,1976,0-1
r1bqkbnr/pppp1ppp/2n5/8/3pP3/5N2/PPP2PPP/RNBQKB1R w KQkq - 0 4,4,29,37,-1,0,0,Opening,7,8,2,2,2,2,2,2,1,1,1,1,2,0,1,0,0,0,0,2,2,0.15,Nxd4,f3d4,Nxd4,f3d4,0.16,0.16,0.0,True,12,16,saransh12387,Nada_Tamang,1950,1976,0-1
r1bqkbnr/pppp1ppp/2n5/8/3NP3/8/PPP2PPP/RNBQKB1R b KQkq - 0 4,4,28,32,0,0,0,Opening,7,7,2,2,2,2,2,2,1,1,1,1,2,0,0,0,0,0,0,2,2,0.16,Nf6,g8f6,Nf6,g8f6,0.16,0.16,0.0,True,12,16,saransh12387,Nada_Tamang,1950,1976,0-1
r1bqkb1r/pppp1ppp/2n2n2/8/3NP3/8/PPP2PPP/RNBQKB1R w KQkq - 1 5,5,28,42,0,0,0,Opening,7,7,2,2,2,2,2,2,1,1,1,1,2,0,0,0,0,0,0,2,2,0.16,Nxc6,d4c6,Nxc6,d4c6,0.12,0.13,1.0000000000000009,True,12,16,saransh12387,Nada_Tamang,1950,1976,0-1
r1bqkb1r/pppp1ppp/2N2n2/8/4P3/8/PPP2PPP/RNBQKB1R b KQkq - 0 5,5,27,25,3,0,0,Opening,7,7,2,1,2,2,2,2,1,1,1,1,2,0,0,0,0,0,0,2,2,0.11,bxc6,b7c6,bxc6,b7c6,0.07,0.08,0.9999999999999996,True,12,16,saransh12387,Nada_Tamang,1950,1976,0-1
r1bqkb1r/p1pp1ppp/2p2n2/8/4P3/8/PPP2PPP/RNBQKB1R w KQkq - 0 6,6,26,39,0,0,0,Opening,7,7,1,1,2,2,2,2,1,1,1,1,2,0,1,0,1,0,0,2,3,0.08,e5,e4e5,Bd3,f1d3,0.1,-0.02,12.000000000000002,False,12,16,saransh12387,Nada_Tamang,1950,1976,0-1
r1bqkb1r/p1pp1ppp/2p2n2/4P3/8/8/PPP2PPP/RNBQKB1R b KQkq - 0 6,6,26,25,0,0,0,Opening,7,7,1,1,2,2,2,2,1,1,1,1,2,0,1,0,1,0,0,2,3,-0.04,Nd5,f6d5,Qe7,d8e7,0.1,0.51,41.0,False,12,16,saransh12387,Nada_Tamang,1950,1976,0-1
r1bqkb1r/p1pp1ppp/2p5/3nP3/8/8/PPP2PPP/RNBQKB1R w KQkq - 1 7,7,26,37,0,0,0,Opening,7,7,1,1,2,2,2,2,1,1,1,1,2,0,1,0,1,0,0,2,3,0.52,c4,c2c4,c4,c2c4,0.5,0.47,3.0000000000000027,True,12,16,saransh12387,Nada_Tamang,1950,1976,0-1
r1bqkb1r/p1pp1ppp/2p5/3nP3/2P5/8/PP3PPP/RNBQKB1R b KQkq - 0 7,7,26,31,0,0,0,Opening,7,7,1,1,2,2,2,2,1,1,1,1,2,0,1,0,1,0,0,2,3,0.43,Nb6,d5b6,Ne7,d5e7,0.5,0.53,3.0000000000000027,False,12,16,saransh12387,Nada_Tamang,1950,1976,0-1
r1bqkb1r/p1pp1ppp/1np5/4P3/2P5/8/PP3PPP/RNBQKB1R w KQkq - 1 8,8,26,38,0,0,0,Opening,7,7,1,1,2,2,2,2,1,1,1,1,2,0,1,0,1,0,0,2,3,0.46,b3,b2b3,Bd3,f1d3,0.44,-0.46,90.0,False,12,16,saransh12387,Nada_Tamang,1950,1976,0-1
r1bqkb1r/p1pp1ppp/1np5/4P3/2P5/1P6/P4PPP/RNBQKB1R b KQkq - 0 8,8,26,28,0,0,0,Opening,7,7,1,1,2,2,2,2,1,1,1,1,2,0,1,0,1,0,0,2,3,-0.47,Bb4+,f8b4,d5,d7d5,-0.4,-0.3,10.000000000000004,False,12,16,saransh12387,Nada_Tamang,1950,1976,0-1
r1bqk2r/p1pp1ppp/1np5/4P3/1bP5/1P6/P4PPP/RNBQKB1R w KQkq - 1 9,9,26,5,0,0,0,Opening,7,7,1,1,2,2,2,2,1,1,1,1,2,0,1,0,1,0,0,2,3,-0.29,Bd2,c1d2,Bd2,c1d2,-0.23,-0.38,15.0,True,12,16,saransh12387,Nada_Tamang,1950,1976,0-1
r1bqk2r/p1pp1ppp/1np5/4P3/1bP5/1P6/P2B1PPP/RN1QKB1R b KQkq - 2 9,9,26,34,0,0,0,Opening,7,7,1,1,2,2,2,2,1,1,1,1,2,0,1,0,1,0,0,2,3,-0.27,Qe7,d8e7,Qe7,d8e7,-0.31,-0.31,0.0,True,12,16,saransh12387,Nada_Tamang,1950,1976,0-1
r1b1k2r/p1ppqppp/1np5/4P3/1bP5/1P6/P2B1PPP/RN1QKB1R w KQkq - 3 10,10,26,24,0,0,0,Opening,7,7,1,1,2,2,2,2,1,1,1,1,2,0,1,0,1,0,0,2,3,-0.3,Bxb4,d2b4,Be2,f1e2,-0.34,-0.38,3.9999999999999982,False,12,16,saransh12387,Nada_Tamang,1950,1976,0-1
r1b1k2r/p1ppqppp/1np5/4P3/1BP5/1P6/P4PPP/RN1QKB1R b KQkq - 0 10,10,25,32,3,0,0,Opening,7,7,1,1,2,1,2,2,1,1,1,0,2,0,1,0,1,0,0,2,3,-0.39,Qxe5+,e7e5,Qxb4+,e7b4,-0.39,4.27,465.99999999999994,False,12,16,saransh12387,Nada_Tamang,1950,1976,0-1
r1b1k2r/p1pp1ppp/1np5/4q3/1BP5/1P6/P4PPP/RN1QKB1R w KQkq - 0 11,11,24,3,2,0,0,Middlegame,6,7,1,1,2,1,2,2,1,1,1,0,2,0,1,0,1,0,0,2,3,4.28,Qe2,d1e2,Qe2,d1e2,4.34,4.38,4.0000000000000036,True,12,16,saransh12387,Nada_Tamang,1950,1976,0-1
r1b1k2r/p1pp1ppp/1np5/4q3/1BP5/1P6/P3QPPP/RN2KB1R b KQkq - 1 11,11,24,25,2,0,0,Middlegame,6,7,1,1,2,1,2,2,1,1,1,0,2,0,1,0,1,0,0,2,3,4.31,Qxe2+,e5e2,Qxe2+,e5e2,4.32,4.42,9.999999999999964,True,12,16,saransh12387,Nada_Tamang,1950,1976,0-1
r1b1k2r/p1pp1ppp/1np5/8/1BP5/1P6/P3qPPP/RN2KB1R w KQkq - 0 12,12,23,2,-7,0,0,Middlegame,6,7,1,1,2,1,2,2,0,1,1,0,1,0,1,0,1,0,0,2,3,4.34,Bxe2,f1e2,Bxe2,f1e2,4.4,4.4,0.0,True,12,16,saransh12387,Nada_Tamang,1950,1976,0-1
r1b1k2r/p1pp1ppp/1np5/8/1BP5/1P6/P3BPPP/RN2K2R b KQkq - 0 12,12,22,20,2,0,0,Middlegame,6,7,1,1,2,1,2,2,0,0,1,0,0,0,1,0,1,0,0,2,3,4.38,a5,a7a5,a5,a7a5,4.33,4.37,4.0000000000000036,True,12,16,saransh12387,Nada_Tamang,1950,1976,0-1
r1b1k2r/2pp1ppp/1np5/p7/1BP5/1P6/P3BPPP/RN2K2R w KQkq - 0 13,13,22,32,2,0,0,Middlegame,6,7,1,1,2,1,2,2,0,0,1,0,0,0,1,0,1,0,0,2,3,4.37,Bc3,b4c3,Ba3,b4a3,4.4,4.3,10.000000000000053,False,12,16,saransh12387,Nada_Tamang,1950,1976,0-1
r1b1k2r/2pp1ppp/1np5/p7/2P5/1PB5/P3BPPP/RN2K2R b KQkq - 1 13,13,22,24,2,0,0,Middlegame,6,7,1,1,2,1,2,2,0,0,1,0,0,0,1,0,1,0,0,2,3,4.23,O-O,e8g8,O-O,e8g8,4.13,4.3,16.999999999999993,True,12,16,saransh12387,Nada_Tamang,1950,1976,0-1
r1b2rk1/2pp1ppp/1np5/p7/2P5/1PB5/P3BPPP/RN2K2R w KQ - 2 14,14,22,32,2,0,1,Middlegame,6,7,1,1,2,1,2,2,0,0,1,0,0,0,1,0,1,0,0,2,3,4.29,O-O,e1g1,O-O,e1g1,4.29,4.26,3.000000000000025,True,12,16,saransh12387,Nada_Tamang,1950,1976,0-1
r1b2rk1/2pp1ppp/1np5/p7/2P5/1PB5/P3BPPP/RN3RK1 b - - 3 14,14,22,21,2,1,1,Middlegame,6,7,1,1,2,1,2,2,0,0,1,0,0,0,1,0,1,0,0,2,3,4.25,Re8,f8e8,a4,a5a4,4.29,4.32,3.000000000000025,False,12,16,saransh12387,Nada_Tamang,1950,1976,0-1
r1b1r1k1/2pp1ppp/1np5/p7/2P5/1PB5/P3BPPP/RN3RK1 w - - 4 15,15,22,30,2,1,1,Middlegame,6,7,1,1,2,1,2,2,0,0,1,0,0,0,1,0,1,0,0,2,3,4.37,Bf3,e2f3,Bf3,e2f3,4.43,4.03,39.99999999999994,True,12,16,saransh12387,Nada_Tamang,1950,1976,0-1
r1b1r1k1/2pp1ppp/1np5/p7/2P5/1PB2B2/P4PPP/RN3RK1 b - - 5 15,15,22,29,2,1,1,Middlegame,6,7,1,1,2,1,2,2,0,0,1,0,0,0,1,0,1,0,0,2,3,4.41,d5,d7d5,a4,a5a4,4.38,4.42,4.0000000000000036,False,12,16,saransh12387,Nada_Tamang,1950,1976,0-1
r1b1r1k1/2p2ppp/1np5/p2p4/2P5/1PB2B2/P4PPP/RN3RK1 w - - 0 16,16,22,30,2,1,1,Middlegame,6,7,1,1,2,1,2,2,0,0,1,0,0,0,1,0,1,0,0,2,3,4.52,Nd2,b1d2,a4,a2a4,4.65,4.4,25.0,False,12,16,saransh12387,Nada_Tamang,1950,1976,0-1
r1b1r1k1/2p2ppp/1np5/p2p4/2P5/1PB2B2/P2N1PPP/R4RK1 b - - 1 16,16,22,34,2,1,1,Middlegame,6,7,1,1,2,1,2,2,0,0,1,0,0,0,1,0,1,0,0,2,3,4.41,Bf5,c8f5,a4,a5a4,4.47,4.69,22.000000000000064,False,12,16,saransh12387,Nada_Tamang,1950,1976,0-1
r3r1k1/2p2ppp/1np5/p2p1b2/2P5/1PB2B2/P2N1PPP/R4RK1 w - - 2 17,17,22,33,2,1,1,Middlegame,6,7,1,1,2,1,2,2,0,0,1,0,0,0,1,0,1,0,0,2,3,4.75,Rfe1,f1e1,a4,a2a4,4.51,4.36,14.999999999999947,False,12,16,saransh12387,Nada_Tamang,1950,1976,0-1
r3r1k1/2p2ppp/1np5/p2p1b2/2P5/1PB2B2/P2N1PPP/R3R1K1 b - - 3 17,17,22,41,2,1,1,Middlegame,6,7,1,1,2,1,2,2,0,0,1,0,0,0,1,0,1,0,0,2,3,4.5,a4,a5a4,Rxe1+,e8e1,4.48,4.41,7.000000000000028,False,12,16,saransh12387,Nada_Tamang,1950,1976,0-1
r3r1k1/2p2ppp/1np5/3p1b2/p1P5/1PB2B2/P2N1PPP/R3R1K1 w - - 0 18,18,22,41,2,1,1,Middlegame,6,7,1,1,2,1,2,2,0,0,1,0,0,0,1,0,1,0,0,2,3,4.46,Bd4,c3d4,Rxe8+,e1e8,4.6,4.26,33.999999999999986,False,12,16,saransh12387,Nada_Tamang,1950,1976,0-1
r3r1k1/2p2ppp/1np5/3p1b2/p1PB4/1P3B2/P2N1PPP/R3R1K1 b - - 1 18,18,22,41,2,1,1,Middlegame,6,7,1,1,2,1,2,2,0,0,1,0,0,0,1,0,1,0,0,2,3,4.18,axb3,a4b3,Rxe1+,e8e1,4.32,4.58,25.99999999999998,False,12,16,saransh12387,Nada_Tamang,1950,1976,0-1
r3r1k1/2p2ppp/1np5/3p1b2/2PB4/1p3B2/P2N1PPP/R3R1K1 w - - 0 19,19,21,43,1,1,1,Middlegame,5,7,1,1,2,1,2,2,0,0,1,0,0,0,1,2,0,0,0,3,2,4.53,Rxe8+,e1e8,Rxe8+,e1e8,4.25,4.44,19.00000000000004,True,12,16,saransh12387,Nada_Tamang,1950,1976,0-1
r3R1k1/2p2ppp/1np5/3p1b2/2PB4/1p3B2/P2N1PPP/R5K1 b - - 0 19,19,20,1,6,1,1,Middlegame,5,7,1,1,2,1,2,1,0,0,1,0,0,0,1,2,0,0,0,3,2,4.4,Rxe8,a8e8,Rxe8,a8e8,4.44,4.37,7.000000000000028,True,12,16,saransh12387,Nada_Tamang,1950,1976,0-1
4r1k1/2p2ppp/1np5/3p1b2/2PB4/1p3B2/P2N1PPP/R5K1 w - - 0 20,20,19,34,1,1,1,Middlegame,5,7,1,1,2,1,1,1,0,0,1,0,0,0,1,2,0,0,0,3,2,4.3,axb3,a2b3,axb3,a2b3,4.36,4.46,9.999999999999964,True,12,16,saransh12387,Nada_Tamang,1950,1976,0-1
4r1k1/2p2ppp/1np5/3p1b2/2PB4/1P3B2/3N1PPP/R5K1 b - - 0 20,20,18,36,2,1,1,Middlegame,5,6,1,1,2,1,1,1,0,0,1,0,0,0,1,0,0,0,0,2,2,4.34,Bc2,f5c2,g5,g7g5,4.48,4.72,23.999999999999932,False,12,16,saransh12387,Nada_Tamang,1950,1976,0-1
4r1k1/2p2ppp/1np5/3p4/2PB4/1P3B2/2bN1PPP/R5K1 w - - 1 21,21,18,38,2,1,1,Middlegame,5,6,1,1,2,1,1,1,0,0,1,0,0,0,1,0,0,0,0,2,2,4.66,Bxb6,d4b6,h4,h2h4,4.74,4.71,3.000000000000025,False,12,16,saransh12387,Nada_Tamang,1950,1976,0-1
4r1k1/2p2ppp/1Bp5/3p4/2P5/1P3B2/2bN1PPP/R5K1 b - - 0 21,21,17,31,5,1,1,Middlegame,5,6,1,0,2,1,1,1,0,0,1,0,0,0,1,0,0,0,0,2,2,4.78,cxb6,c7b6,cxb6,c7b6,4.53,4.6,6.99999999999994,True,12,16,saransh12387,Nada_Tamang,1950,1976,0-1
4r1k1/5ppp/1pp5/3p4/2P5/1P3B2/2bN1PPP/R5K1 w - - 0 22,22,16,30,2,1,1,Middlegame,5,6,1,0,1,1,1,1,0,0,0,0,0,0,0,0,0,0,0,2,2,4.71,cxd5,c4d5,cxd5,c4d5,4.72,4.59,12.99999999999999,True,12,16,saransh12387,Nada_Tamang,1950,1976,0-1
4r1k1/5ppp/1pp5/3P4/8/1P3B2/2bN1PPP/R5K1 b - - 0 22,22,15,30,3,1,1,Middlegame,5,5,1,0,1,1,1,1,0,0,0,0,0,0,0,2,0,0,0,3,2,4.58,cxd5,c6d5,cxd5,c6d5,4.73,4.66,7.000000000000028,True,12,16,saransh12387,Nada_Tamang,1950,1976,0-1
4r1k1/5ppp/1p6/3p4/8/1P3B2/2bN1PPP/R5K1 w - - 0 23,23,14,29,2,1,1,Middlegame,4,5,1,0,1,1,1,1,0,0,0,0,0,0,0,1,2,0,1,2,3,4.69,Bxd5,f3d5,Bxd5,f3d5,4.67,4.68,0.9999999999999787,True,12,16,saransh12387,Nada_Tamang,1950,1976,0-1
4r1k1/5ppp/1p6/3B4/8/1P6/2bN1PPP/R5K1 b - - 0 23,23,13,26,3,1,1,Middlegame,4,4,1,0,1,1,1,1,0,0,0,0,0,0,0,1,1,0,0,2,2,4.76,h6,h7h6,Kf8,g8f8,4.65,4.87,21.999999999999975,False,12,16,saransh12387,Nada_Tamang,1950,1976,0-1
4r1k1/5pp1/1p5p/3B4/8/1P6/2bN1PPP/R5K1 w - - 0 24,24,13,34,3,1,1,Middlegame,4,4,1,0,1,1,1,1,0,0,0,0,0,0,0,1,1,0,0,2,2,4.91,Ra8,a1a8,Ra8,a1a8,4.83,4.88,4.999999999999982,True,12,16,saransh12387,Nada_Tamang,1950,1976,0-1
R3r1k1/5pp1/1p5p/3B4/8/1P6/2bN1PPP/6K1 b - - 1 24,24,13,20,3,1,1,Middlegame,4,4,1,0,1,1,1,1,0,0,0,0,0,0,0,1,1,0,0,2,2,4.95,Rxa8,e8a8,Kf8,g8f8,4.96,4.93,3.000000000000025,False,12,16,saransh12387,Nada_Tamang,1950,1976,0-1
r5k1/5pp1/1p5p/3B4/8/1P6/2bN1PPP/6K1 w - - 0 25,25,12,22,-2,1,1,Middlegame,4,4,1,0,1,1,0,1,0,0,0,0,0,0,0,1,1,0,0,2,2,4.96,Bxa8,d5a8,Bxa8,d5a8,4.85,4.94,9.000000000000075,True,12,16,saransh12387,Nada_Tamang,1950,1976,0-1
B5k1/5pp1/1p5p/8/8/1P6/2bN1PPP/6K1 b - - 0 25,25,11,17,3,1,1,Middlegame,4,4,1,0,1,1,0,0,0,0,0,0,0,0,0,1,1,0,0,2,2,4.9,Kf8,g8f8,Bf5,c2f5,4.88,4.95,7.000000000000028,False,12,16,saransh12387,Nada_Tamang,1950,1976,0-1
B4k2/5pp1/1p5p/8/8/1P6/2bN1PPP/6K1 w - - 1 26,26,11,19,3,1,0,Middlegame,4,4,1,0,1,1,0,0,0,0,0,0,0,0,0,1,1,0,0,2,2,4.97,Bd5,a8d5,f4,f2f4,4.91,4.3,61.00000000000003,False,12,16,saransh12387,Nada_Tamang,1950,1976,0-1
5k2/5pp1/1p5p/3B4/8/1P6/2bN1PPP/6K1 b - - 2 26,26,11,17,3,1,0,Middlegame,4,4,1,0,1,1,0,0,0,0,0,0,0,0,0,1,1,0,0,2,2,4.2,Ke7,f8e7,Ke7,f8e7,4.15,4.22,6.99999999999994,True,12,16,saransh12387,Nada_Tamang,1950,1976,0-1
8/4kpp1/1p5p/3B4/8/1P6/2bN1PPP/6K1 w - - 3 27,27,11,22,3,1,0,Middlegame,4,4,1,0,1,1,0,0,0,0,0,0,0,0,0,1,1,0,0,2,2,4.29,f3,f2f3,Nc4,d2c4,4.3,4.18,12.00000000000001,False,12,16,saransh12387,Nada_Tamang,1950,1976,0-1
8/4kpp1/1p5p/3B4/8/1P3P2/2bN2PP/6K1 b - - 0 27,27,11,20,3,1,0,Middlegame,4,4,1,0,1,1,0,0,0,0,0,0,0,0,0,1,1,0,0,2,2,3.83,f6,f7f6,Kd6,e7d6,4.06,4.63,57.00000000000003,False,12,16,saransh12387,Nada_Tamang,1950,1976,0-1
8/4k1p1/1p3p1p/3B4/8/1P3P2/2bN2PP/6K1 w - - 0 28,28,11,21,3,1,0,Middlegame,4,4,1,0,1,1,0,0,0,0,0,0,0,0,0,1,1,0,0,2,2,4.57,Kf2,g1f2,Be4,d5e4,4.32,4.8,47.99999999999996,False,12,16,saransh12387,Nada_Tamang,1950,1976,0-1
8/4k1p1/1p3p1p/3B4/8/1P3P2/2bN1KPP/8 b - - 1 28,28,11,18,3,0,0,Middlegame,4,4,1,0,1,1,0,0,0,0,0,0,0,0,0,1,1,0,0,2,2,4.74,Kd6,e7d6,Kd6,e7d6,4.78,4.49,29.000000000000004,True,12,16,saransh12387,Nada_Tamang,1950,1976,0-1
8/6p1/1p1k1p1p/3B4/8/1P3P2/2bN1KPP/8 w - - 2 29,29,11,24,3,0,0,Middlegame,4,4,1,0,1,1,0,0,0,0,0,0,0,0,0,1,1,0,0,2,2,4.92,Bc4,d5c4,Be4,d5e4,4.84,4.55,29.000000000000004,False,12,16,saransh12387,Nada_Tamang,1950,1976,0-1
8/6p1/1p1k1p1p/8/2B5/1P3P2/2bN1KPP/8 b - - 3 29,29,11,19,3,0,0,Middlegame,4,4,1,0,1,1,0,0,0,0,0,0,0,0,0,1,1,0,0,2,2,4.63,Kc5,d6c5,Bg6,c2g6,4.71,4.77,5.999999999999961,False,12,16,saransh12387,Nada_Tamang,1950,1976,0-1
8/6p1/1p3p1p/2k5/2B5/1P3P2/2bN1KPP/8 w - - 4 30,30,11,24,3,0,0,Middlegame,4,4,1,0,1,1,0,0,0,0,0,0,0,0,0,1,1,0,0,2,2,4.68,Ne4+,d2e4,Ke3,f2e3,4.5,4.02,48.00000000000004,False,12,16,saransh12387,Nada_Tamang,1950,1976,0-1
8/6p1/1p3p1p/2k5/2B1N3/1P3P2/2b2KPP/8 b - - 5 30,30,11,4,3,0,0,Middlegame,4,4,1,0,1,1,0,0,0,0,0,0,0,0,0,1,1,0,0,2,2,3.85,Kb4,c5b4,Kd4,c5d4,3.59,3.67,8.000000000000007,False,12,16,saransh12387,Nada_Tamang,1950,1976,0-1
8/6p1/1p3p1p/8/1kB1N3/1P3P2/2b2KPP/8 w - - 6 31,31,11,27,3,0,0,Middlegame,4,4,1,0,1,1,0,0,0,0,0,0,0,0,0,1,1,0,0,2,2,3.62,Ke3,f2e3,Ke3,f2e3,3.54,3.63,8.999999999999986,True,12,16,saransh12387,Nada_Tamang,1950,1976,0-1
8/6p1/1p3p1p/8/1kB1N3/1P2KP2/2b3PP/8 b - - 7 31,31,11,12,3,0,0,Middlegame,4,4,1,0,1,1,0,0,0,0,0,0,0,0,0,1,1,0,0,2,2,3.51,Bxb3,c2b3,Bxb3,c2b3,3.63,3.58,4.999999999999982,True,12,16,saransh12387,Nada_Tamang,1950,1976,0-1
8/6p1/1p3p1p/8/1kB1N3/1b2KP2/6PP/8 w - - 0 32,32,10,29,2,0,0,Endgame,3,4,1,0,1,1,0,0,0,0,0,0,0,0,0,0,1,0,1,1,2,3.63,Bxb3,c4b3,Be2,c4e2,3.62,3.4,22.00000000000002,False,12,16,saransh12387,Nada_Tamang,1950,1976,0-1
8/6p1/1p3p1p/8/1k2N3/1B2KP2/6PP/8 b - - 0 32,32,9,9,5,0,0,Endgame,3,4,1,0,1,0,0,0,0,0,0,0,0,0,0,0,1,0,1,1,2,3.43,Kxb3,b4b3,Kxb3,b4b3,3.49,3.38,11.000000000000032,True,12,16,saransh12387,Nada_Tamang,1950,1976,0-1
8/6p1/1p3p1p/8/4N3/1k2KP2/6PP/8 w - - 0 33,33,8,19,2,0,0,Endgame,3,4,1,0,0,0,0,0,0,0,0,0,0,0,0,0,1,0,1,1,2,3.52,Kf4,e3f4,Nd6,e4d6,3.42,2.39,102.99999999999999,False,12,16,saransh12387,Nada_Tamang,1950,1976,0-1
8/6p1/1p3p1p/8/4NK2/1k3P2/6PP/8 b - - 1 33,33,8,12,2,0,0,Endgame,3,4,1,0,0,0,0,0,0,0,0,0,0,0,0,0,1,0,1,1,2,2.51,b5,b6b5,b5,b6b5,2.69,2.41,27.99999999999998,True,12,16,saransh12387,Nada_Tamang,1950,1976,0-1
8/6p1/5p1p/1p6/4NK2/1k3P2/6PP/8 w - - 0 34,34,8,16,2,0,0,Endgame,3,4,1,0,0,0,0,0,0,0,0,0,0,0,0,0,1,0,1,1,2,2.62,Kf5,f4f5,Ke3,f4e3,2.75,1.79,96.0,False,12,16,saransh12387,Nada_Tamang,1950,1976,0-1
8/6p1/5p1p/1p3K2/4N3/1k3P2/6PP/8 b - - 1 34,34,8,11,2,0,0,Endgame,3,4,1,0,0,0,0,0,0,0,0,0,0,0,0,0,1,0,1,1,2,1.59,b4,b5b4,b4,b5b4,1.9,1.86,3.9999999999999813,True,12,16,saransh12387,Nada_Tamang,1950,1976,0-1
8/6p1/5p1p/5K2/1p2N3/1k3P2/6PP/8 w - - 0 35,35,8,17,2,0,0,Endgame,3,4,1,0,0,0,0,0,0,0,0,0,0,0,0,0,1,0,1,1,2,1.86,Nd6,e4d6,Kf4,f5f4,2.01,1.2,80.99999999999999,False,12,16,saransh12387,Nada_Tamang,1950,1976,0-1
8/6p1/3N1p1p/5K2/1p6/1k3P2/6PP/8 b - - 1 35,35,8,9,2,0,0,Endgame,3,4,1,0,0,0,0,0,0,0,0,0,0,0,0,0,1,0,1,1,2,1.29,Kc3,b3c3,Kc2,b3c2,1.42,1.21,20.999999999999996,False,12,16,saransh12387,Nada_Tamang,1950,1976,0-1
8/6p1/3N1p1p/5K2/1p6/2k2P2/6PP/8 w - - 2 36,36,8,17,2,0,0,Endgame,3,4,1,0,0,0,0,0,0,0,0,0,0,0,0,0,1,0,1,1,2,1.39,Ne4+,d6e4,Nb7,d6b7,1.15,0.0,114.99999999999999,False,12,16,saransh12387,Nada_Tamang,1950,1976,0-1
8/6p1/5p1p/5K2/1p2N3/2k2P2/6PP/8 b - - 3 36,36,8,6,2,0,0,Endgame,3,4,1,0,0,0,0,0,0,0,0,0,0,0,0,0,1,0,1,1,2,0.0,Kd4,c3d4,Kd4,c3d4,0.0,0.0,0.0,True,12,16,saransh12387,Nada_Tamang,1950,1976,0-1
8/6p1/5p1p/5K2/1p1kN3/5P2/6PP/8 w - - 4 37,37,8,17,2,0,0,Endgame,3,4,1,0,0,0,0,0,0,0,0,0,0,0,0,0,1,0,1,1,2,0.0,Nd2,e4d2,Nd2,e4d2,0.0,0.0,0.0,True,12,16,saransh12387,Nada_Tamang,1950,1976,0-1
8/6p1/5p1p/5K2/1p1k4/5P2/3N2PP/8 b - - 5 37,37,8,9,2,0,0,Endgame,3,4,1,0,0,0,0,0,0,0,0,0,0,0,0,0,1,0,1,1,2,0.0,Kd3,d4d3,Kc3,d4c3,0.0,1.42,142.0,False,12,16,saransh12387,Nada_Tamang,1950,1976,0-1
8/6p1/5p1p/5K2/1p6/3k1P2/3N2PP/8 w - - 6 38,38,8,14,2,0,0,Endgame,3,4,1,0,0,0,0,0,0,0,0,0,0,0,0,0,1,0,1,1,2,1.3,Nb1,d2b1,Nb3,d2b3,1.54,-3.54,508.0,False,12,16,saransh12387,Nada_Tamang,1950,1976,0-1
8/6p1/5p1p/5K2/1p6/3k1P2/6PP/1N6 b - - 7 38,38,8,9,2,0,0,Endgame,3,4,1,0,0,0,0,0,0,0,0,0,0,0,0,0,1,0,1,1,2,-3.7,Kc2,d3c2,Kc2,d3c2,-3.74,-3.72,2.0000000000000018,True,12,16,saransh12387,Nada_Tamang,1950,1976,0-1
rnbqkbnr/pppppppp/8/8/8/8/PPPPPPPP/RNBQKBNR w KQkq - 0 1,1,30,20,0,0,0,Opening,8,8,2,2,2,2,2,2,1,1,1,1,2,0,0,0,0,0,0,1,1,0.33,e4,e2e4,d4,d2d4,0.31,0.3,1.0000000000000009,False,12,17,saransh12387,gold-chess2015,1944,1949,0-1
rnbqkbnr/pppppppp/8/8/4P3/8/PPPP1PPP/RNBQKBNR b KQkq - 0 1,1,30,20,0,0,0,Opening,8,8,2,2,2,2,2,2,1,1,1,1,2,0,0,0,0,0,0,1,1,0.3,e5,e7e5,e5,e7e5,0.24,0.25,1.0000000000000009,True,12,17,saransh12387,gold-chess2015,1944,1949,0-1
rnbqkbnr/pppp1ppp/8/4p3/4P3/8/PPPP1PPP/RNBQKBNR w KQkq - 0 2,2,30,29,0,0,0,Opening,8,8,2,2,2,2,2,2,1,1,1,1,2,0,0,0,0,0,0,1,1,0.32,Nf3,g1f3,Nf3,g1f3,0.26,0.22,4.000000000000001,True,12,17,saransh12387,gold-chess2015,1944,1949,0-1
rnbqkbnr/pppp1ppp/8/4p3/4P3/5N2/PPPP1PPP/RNBQKB1R b KQkq - 1 2,2,30,29,0,0,0,Opening,8,8,2,2,2,2,2,2,1,1,1,1,2,0,0,0,0,0,0,1,1,0.22,Nc6,b8c6,Nc6,b8c6,0.24,0.24,0.0,True,12,17,saransh12387,gold-chess2015,1944,1949,0-1
r1bqkbnr/pppp1ppp/2n5/4p3/4P3/5N2/PPPP1PPP/RNBQKB1R w KQkq - 2 3,3,30,27,0,0,0,Opening,8,8,2,2,2,2,2,2,1,1,1,1,2,0,0,0,0,0,0,1,1,0.24,d4,d2d4,Bb5,f1b5,0.25,0.15,10.0,False,12,17,saransh12387,gold-chess2015,1944,1949,0-1
r1bqkbnr/pppp1ppp/2n5/4p3/3PP3/5N2/PPP2PPP/RNBQKB1R b KQkq - 0 3,3,30,32,0,0,0,Opening,8,8,2,2,2,2,2,2,1,1,1,1,2,0,0,0,0,0,0,1,1,0.15,exd4,e5d4,exd4,e5d4,0.16,0.14,1.9999999999999991,True,12,17,saransh12387,gold-chess2015,1944,1949,0-1
r1bqkbnr/pppp1ppp/2n5/8/3pP3/5N2/PPP2PPP/RNBQKB1R w KQkq - 0 4,4,29,37,-1,0,0,Opening,7,8,2,2,2,2,2,2,1,1,1,1,2,0,1,0,0,0,0,2,2,0.14,Nxd4,f3d4,Nxd4,f3d4,0.14,0.14,0.0,True,12,17,saransh12387,gold-chess2015,1944,1949,0-1
r1bqkbnr/pppp1ppp/2n5/8/3NP3/8/PPP2PPP/RNBQKB1R b KQkq - 0 4,4,28,32,0,0,0,Opening,7,7,2,2,2,2,2,2,1,1,1,1,2,0,0,0,0,0,0,2,2,0.09,d6,d7d6,Nf6,g8f6,0.06,0.58,52.0,False,12,17,saransh12387,gold-chess2015,1944,1949,0-1
r1bqkbnr/ppp2ppp/2np4/8/3NP3/8/PPP2PPP/RNBQKB1R w KQkq - 0 5,5,28,42,0,0,0,Opening,7,7,2,2,2,2,2,2,1,1,1,1,2,0,0,0,0,0,0,2,2,0.57,Nc3,b1c3,Nc3,b1c3,0.66,0.7,3.9999999999999925,True,12,17,saransh12387,gold-chess2015,1944,1949,0-1
r1bqkbnr/ppp2ppp/2np4/8/3NP3/2N5/PPP2PPP/R1BQKB1R b KQkq - 1 5,5,28,34,0,0,0,Opening,7,7,2,2,2,2,2,2,1,1,1,1,2,0,0,0,0,0,0,2,2,0.62,Nf6,g8f6,Nf6,g8f6,0.56,0.56,0.0,True,12,17,saransh12387,gold-chess2015,1944,1949,0-1
r1bqkb1r/ppp2ppp/2np1n2/8/3NP3/2N5/PPP2PPP/R1BQKB1R w KQkq - 2 6,6,28,43,0,0,0,Opening,7,7,2,2,2,2,2,2,1,1,1,1,2,0,0,0,0,0,0,2,2,0.57,Bc4,f1c4,Bb5,f1b5,0.77,0.42,35.0,False,12,17,saransh12387,gold-chess2015,1944,1949,0-1
r1bqkb1r/ppp2ppp/2np1n2/8/2BNP3/2N5/PPP2PPP/R1BQK2R b KQkq - 3 6,6,28,33,0,0,0,Opening,7,7,2,2,2,2,2,2,1,1,1,1,2,0,0,0,0,0,0,2,2,0.43,Be7,f8e7,Be7,f8e7,0.41,0.5,9.000000000000002,True,12,17,saransh12387,gold-chess2015,1944,1949,0-1
r1bqk2r/ppp1bppp/2np1n2/8/2BNP3/2N5/PPP2PPP/R1BQK2R w KQkq - 4 7,7,28,50,0,0,0,Opening,7,7,2,2,2,2,2,2,1,1,1,1,2,0,0,0,0,0,0,2,2,0.5,Nxc6,d4c6,Bf4,c1f4,0.53,0.39,14.000000000000002,False,12,17,saransh12387,gold-chess2015,1944,1949,0-1
r1bqk2r/ppp1bppp/2Np1n2/8/2B1P3/2N5/PPP2PPP/R1BQK2R b KQkq - 0 7,7,27,29,3,0,0,Opening,7,7,2,1,2,2,2,2,1,1,1,1,2,0,0,0,0,0,0,2,2,0.42,bxc6,b7c6,bxc6,b7c6,0.39,0.41,1.9999999999999962,True,12,17,saransh12387,gold-chess2015,1944,1949,0-1
r1bqk2r/p1p1bppp/2pp1n2/8/2B1P3/2N5/PPP2PPP/R1BQK2R w KQkq - 0 8,8,26,46,0,0,0,Opening,7,7,1,1,2,2,2,2,1,1,1,1,2,0,1,0,1,0,0,2,3,0.38,O-O,e1g1,b3,b2b3,0.39,0.39,0.0,False,12,17,saransh12387,gold-chess2015,1944,1949,0-1
r1bqk2r/p1p1bppp/2pp1n2/8/2B1P3/2N5/PPP2PPP/R1BQ1RK1 b kq - 1 8,8,26,29,0,1,0,Opening,7,7,1,1,2,2,2,2,1,1,1,1,2,0,1,0,1,0,0,2,3,0.45,O-O,e8g8,a5,a7a5,0.43,0.43,0.0,False,12,17,saransh12387,gold-chess2015,1944,1949,0-1
r1bq1rk1/p1p1bppp/2pp1n2/8/2B1P3/2N5/PPP2PPP/R1BQ1RK1 w - - 2 9,9,26,42,0,1,1,Opening,7,7,1,1,2,2,2,2,1,1,1,1,2,0,1,0,1,0,0,2,3,0.44,Bg5,c1g5,b3,b2b3,0.43,0.11,32.0,False,12,17,saransh12387,gold-chess2015,1944,1949,0-1
r1bq1rk1/p1p1bppp/2pp1n2/6B1/2B1P3/2N5/PPP2PPP/R2Q1RK1 b - - 3 9,9,26,25,0,1,1,Opening,7,7,1,1,2,2,2,2,1,1,1,1,2,0,1,0,1,0,0,2,3,0.06,h6,h7h6,Nxe4,f6e4,0.0,0.23,23.0,False,12,17,saransh12387,gold-chess2015,1944,1949,0-1
r1bq1rk1/p1p1bpp1/2pp1n1p/6B1/2B1P3/2N5/PPP2PPP/R2Q1RK1 w - - 0 10,10,26,47,0,1,1,Opening,7,7,1,1,2,2,2,2,1,1,1,1,2,0,1,0,1,0,0,2,3,0.22,Bh4,g5h4,Bf4,g5f4,0.23,-0.15,38.0,False,12,17,saransh12387,gold-chess2015,1944,1949,0-1
r1bq1rk1/p1p1bpp1/2pp1n1p/8/2B1P2B/2N5/PPP2PPP/R2Q1RK1 b - - 1 10,10,26,27,0,1,1,Opening,7,7,1,1,2,2,2,2,1,1,1,1,2,0,1,0,1,0,0,2,3,-0.12,Bb7,c8b7,Nxe4,f6e4,-0.28,0.35,63.0,False,12,17,saransh12387,gold-chess2015,1944,1949,0-1
r2q1rk1/pbp1bpp1/2pp1n1p/8/2B1P2B/2N5/PPP2PPP/R2Q1RK1 w - - 2 11,11,26,42,0,1,1,Opening,7,7,1,1,2,2,2,2,1,1,1,1,2,0,1,0,1,0,0,2,3,0.41,Re1,f1e1,Re1,f1e1,0.49,0.49,0.0,True,12,17,saransh12387,gold-chess2015,1944,1949,0-1
r2q1rk1/pbp1bpp1/2pp1n1p/8/2B1P2B/2N5/PPP2PPP/R2QR1K1 b - - 3 11,11,26,25,0,1,1,Opening,7,7,1,1,2,2,2,2,1,1,1,1,2,0,1,0,1,0,0,2,3,0.46,Qd7,d8d7,Nd7,f6d7,0.45,3.16,271.0,False,12,17,saransh12387,gold-chess2015,1944,1949,0-1
r4rk1/pbpqbpp1/2pp1n1p/8/2B1P2B/2N5/PPP2PPP/R2QR1K1 w - - 4 12,12,26,45,0,1,1,Opening,7,7,1,1,2,2,2,2,1,1,1,1,2,0,1,0,1,0,0,2,3,1.87,e5,e4e5,Bxf6,h4f6,2.26,1.12,113.99999999999997,False,12,17,saransh12387,gold-chess2015,1944,1949,0-1
r4rk1/pbpqbpp1/2pp1n1p/4P3/2B4B/2N5/PPP2PPP/R2QR1K1 b - - 0 12,12,26,34,0,1,1,Opening,7,7,1,1,2,2,2,2,1,1,1,1,2,0,1,0,1,0,0,2,3,0.86,Ne8,f6e8,Nd5,f6d5,0.82,3.53,271.0,False,12,17,saransh12387,gold-chess2015,1944,1949,0-1
r3nrk1/pbpqbpp1/2pp3p/4P3/2B4B/2N5/PPP2PPP/R2QR1K1 w - - 1 13,13,26,49,0,1,1,Opening,7,7,1,1,2,2,2,2,1,1,1,1,2,0,1,0,1,0,0,2,3,3.46,Bxe7,h4e7,e6,e5e6,3.4,1.28,212.0,False,12,17,saransh12387,gold-chess2015,1944,1949,0-1
r3nrk1/pbpqBpp1/2pp3p/4P3/2B5/2N5/PPP2PPP/R2QR1K1 b - - 0 13,13,25,23,3,1,1,Opening,7,7,1,1,2,1,2,2,1,1,1,0,2,0,1,0,1,0,0,2,3,1.21,Qxe7,d7e7,Qxe7,d7e7,1.21,1.31,10.000000000000009,True,12,17,saransh12387,gold-chess2015,1944,1949,0-1
r3nrk1/pbp1qpp1/2pp3p/4P3/2B5/2N5/PPP2PPP/R2QR1K1 w - - 0 14,14,24,46,0,1,1,Middlegame,7,7,1,1,1,1,2,2,1,1,0,0,2,0,1,0,1,0,0,2,3,1.36,exd6,e5d6,Qh5,d1h5,0.91,0.94,2.9999999999999916,False,12,17,saransh12387,gold-chess2015,1944,1949,0-1
r3nrk1/pbp1qpp1/2pP3p/8/2B5/2N5/PPP2PPP/R2QR1K1 b - - 0 14,14,23,28,1,1,1,Middlegame,7,6,1,1,1,1,2,2,1,1,0,0,2,0,1,0,3,0,0,2,3,1.03,Qxd6,e7d6,Qxd6,e7d6,1.12,1.21,8.999999999999986,True,12,17,saransh12387,gold-chess2015,1944,1949,0-1
r3nrk1/pbp2pp1/2pq3p/8/2B5/2N5/PPP2PPP/R2QR1K1 w - - 0 15,15,22,48,0,1,1,Middlegame,6,6,1,1,1,1,2,2,1,1,0,0,2,0,1,0,3,0,0,2,3,1.18,Qg4,d1g4,Qd3,d1d3,1.19,0.61,57.99999999999999,False,12,17,saransh12387,gold-chess2015,1944,1949,0-1
r3nrk1/pbp2pp1/2pq3p/8/2B3Q1/2N5/PPP2PPP/R3R1K1 b - - 1 15,15,22,32,0,1,1,Middlegame,6,6,1,1,1,1,2,2,1,1,0,0,2,0,1,0,3,0,0,2,3,0.56,Nf6,e8f6,Nf6,e8f6,0.6,0.58,2.0000000000000018,True,12,17,saransh12387,gold-chess2015,1944,1949,0-1
r4rk1/pbp2pp1/2pq1n1p/8/2B3Q1/2N5/PPP2PPP/R3R1K1 w - - 2 16,16,22,58,0,1,1,Middlegame,6,6,1,1,1,1,2,2,1,1,0,0,2,0,1,0,3,0,0,2,3,0.56,Qg3,g4g3,Qf3,g4f3,0.68,0.55,13.0,False,12,17,saransh12387,gold-chess2015,1944,1949,0-1
r4rk1/pbp2pp1/2pq1n1p/8/2B5/2N3Q1/PPP2PPP/R3R1K1 b - - 3 16,16,22,40,0,1,1,Middlegame,6,6,1,1,1,1,2,2,1,1,0,0,2,0,1,0,3,0,0,2,3,0.56,Qxg3,d6g3,Rae8,a8e8,0.6,0.61,1.0000000000000009,False,12,17,saransh12387,gold-chess2015,1944,1949,0-1
r4rk1/pbp2pp1/2p2n1p/8/2B5/2N3q1/PPP2PPP/R3R1K1 w - - 0 17,17,21,42,-9,1,1,Middlegame,6,6,1,1,1,1,2,2,0,1,0,0,1,0,1,0,3,0,0,2,3,0.66,hxg3,h2g3,hxg3,h2g3,0.64,0.66,2.0000000000000018,True,12,17,saransh12387,gold-chess2015,1944,1949,0-1
r4rk1/pbp2pp1/2p2n1p/8/2B5/2N3P1/PPP2PP1/R3R1K1 b - - 0 17,17,20,25,0,1,1,Middlegame,6,6,1,1,1,1,2,2,0,0,0,0,0,1,1,0,3,0,0,2,3,0.72,Rae8,a8e8,Rfe8,f8e8,0.72,0.86,14.000000000000002,False,12,17,saransh12387,gold-chess2015,1944,1949,0-1
4rrk1/pbp2pp1/2p2n1p/8/2B5/2N3P1/PPP2PP1/R3R1K1 w - - 1 18,18,20,40,0,1,1,Middlegame,6,6,1,1,1,1,2,2,0,0,0,0,0,1,1,0,3,0,0,2,3,0.93,Rad1,a1d1,f3,f2f3,0.93,0.69,24.00000000000001,False,12,17,saransh12387,gold-chess2015,1944,1949,0-1
4rrk1/pbp2pp1/2p2n1p/8/2B5/2N3P1/PPP2PP1/3RR1K1 b - - 2 18,18,20,28,0,1,1,Middlegame,6,6,1,1,1,1,2,2,0,0,0,0,0,1,1,0,3,0,0,2,3,0.74,Ng4,f6g4,Rxe1+,e8e1,0.73,1.3,57.00000000000001,False,12,17,saransh12387,gold-chess2015,1944,1949,0-1
4rrk1/pbp2pp1/2p4p/8/2B3n1/2N3P1/PPP2PP1/3RR1K1 w - - 3 19,19,20,41,0,1,1,Middlegame,6,6,1,1,1,1,2,2,0,0,0,0,0,1,1,0,3,0,0,2,3,1.19,Rxe8,e1e8,Ne4,c3e4,1.35,0.91,44.00000000000001,False,12,17,saransh12387,gold-chess2015,1944,1949,0-1
4Rrk1/pbp2pp1/2p4p/8/2B3n1/2N3P1/PPP2PP1/3R2K1 b - - 0 19,19,19,17,5,1,1,Middlegame,6,6,1,1,1,1,2,1,0,0,0,0,0,1,1,0,3,0,0,2,3,0.9,Rxe8,f8e8,Rxe8,f8e8,0.95,0.9,4.999999999999993,True,12,17,saransh12387,gold-chess2015,1944,1949,0-1
4r1k1/pbp2pp1/2p4p/8/2B3n1/2N3P1/PPP2PP1/3R2K1 w - - 0 20,20,18,35,0,1,1,Middlegame,6,6,1,1,1,1,1,1,0,0,0,0,0,1,1,0,3,0,0,2,3,0.93,Ne2,c3e2,Bb3,c4b3,0.91,0.48,43.00000000000001,False,12,17,saransh12387,gold-chess2015,1944,1949,0-1
4r1k1/pbp2pp1/2p4p/8/2B3n1/6P1/PPP1NPP1/3R2K1 b - - 1 20,20,18,28,0,1,1,Middlegame,6,6,1,1,1,1,1,1,0,0,0,0,0,1,1,0,3,0,0,2,3,0.49,Re7,e8e7,Ne5,g4e5,0.49,2.12,163.0,False,12,17,saransh12387,gold-chess2015,1944,1949,0-1
6k1/pbp1rpp1/2p4p/8/2B3n1/6P1/PPP1NPP1/3R2K1 w - - 2 21,21,18,32,0,1,1,Middlegame,6,6,1,1,1,1,1,1,0,0,0,0,0,1,1,0,3,0,0,2,3,1.97,Rd8+,d1d8,Rd8+,d1d8,2.06,2.22,16.000000000000014,True,12,17,saransh12387,gold-chess2015,1944,1949,0-1
3R2k1/pbp1rpp1/2p4p/8/2B3n1/6P1/PPP1NPP1/6K1 b - - 3 21,21,18,2,0,1,1,Middlegame,6,6,1,1,1,1,1,1,0,0,0,0,0,1,1,0,3,0,0,2,3,2.14,Kh7,g8h7,Kh7,g8h7,2.01,1.99,1.9999999999999796,True,12,17,saransh12387,gold-chess2015,1944,1949,0-1
3R4/pbp1rppk/2p4p/8/2B3n1/6P1/PPP1NPP1/6K1 w - - 4 22,22,18,34,0,1,0,Middlegame,6,6,1,1,1,1,1,1,0,0,0,0,0,1,1,0,3,0,0,2,3,1.93,Rb8,d8b8,Bd3+,c4d3,2.04,0.55,149.0,False,12,17,saransh12387,gold-chess2015,1944,1949,0-1
1R6/pbp1rppk/2p4p/8/2B3n1/6P1/PPP1NPP1/6K1 b - - 5 22,22,18,24,0,1,0,Middlegame,6,6,1,1,1,1,1,1,0,0,0,0,0,1,1,0,3,0,0,2,3,0.58,Ne5,g4e5,Ne5,g4e5,0.42,0.45,3.0000000000000027,True,12,17,saransh12387,gold-chess2015,1944,1949,0-1
1R6/pbp1rppk/2p4p/4n3/2B5/6P1/PPP1NPP1/6K1 w - - 6 23,23,18,30,0,1,0,Middlegame,6,6,1,1,1,1,1,1,0,0,0,0,0,1,1,0,3,0,0,2,3,0.44,Bb3,c4b3,Rxb7,b8b7,0.5,-0.18,68.0,False,12,17,saransh12387,gold-chess2015,1944,1949,0-1
1R6/pbp1rppk/2p4p/4n3/8/1B4P1/PPP1NPP1/6K1 b - - 7 23,23,18,21,0,1,0,Middlegame,6,6,1,1,1,1,1,1,0,0,0,0,0,1,1,0,3,0,0,2,3,-0.13,Ba6,b7a6,Ba6,b7a6,0.31,0.33,2.0000000000000018,True,12,17,saransh12387,gold-chess2015,1944,1949,0-1
1R6/p1p1rppk/b1p4p/4n3/8/1B4P1/PPP1NPP1/6K1 w - - 8 24,24,18,30,0,1,0,Middlegame,6,6,1,1,1,1,1,1,0,0,0,0,0,1,1,0,3,0,0,2,3,0.27,Nd4,e2d4,Nd4,e2d4,0.22,0.21,1.0000000000000009,True,12,17,saransh12387,gold-chess2015,1944,1949,0-1
1R6/p1p1rppk/b1p4p/4n3/3N4/1B4P1/PPP2PP1/6K1 b - - 9 24,24,18,23,0,1,0,Middlegame,6,6,1,1,1,1,1,1,0,0,0,0,0,1,1,0,3,0,0,2,3,0.26,Ng4,e5g4,Ng4,e5g4,0.21,0.23,2.0000000000000018,True,12,17,saransh12387,gold-chess2015,1944,1949,0-1
1R6/p1p1rppk/b1p4p/8/3N2n1/1B4P1/PPP2PP1/6K1 w - - 10 25,25,18,29,0,1,0,Middlegame,6,6,1,1,1,1,1,1,0,0,0,0,0,1,1,0,3,0,0,2,3,0.3,Nf3,d4f3,Nf3,d4f3,0.36,0.37,1.0000000000000009,True,12,17,saransh12387,gold-chess2015,1944,1949,0-1
1R6/p1p1rppk/b1p4p/8/6n1/1B3NP1/PPP2PP1/6K1 b - - 11 25,25,18,27,0,1,0,Middlegame,6,6,1,1,1,1,1,1,0,0,0,0,0,1,1,0,3,0,0,2,3,0.25,Re2,e7e2,c5,c6c5,0.27,1.31,104.0,False,12,17,saransh12387,gold-chess2015,1944,1949,0-1
1R6/p1p2ppk/b1p4p/8/6n1/1B3NP1/PPP1rPP1/6K1 w - - 12 26,26,18,29,0,1,0,Middlegame,6,6,1,1,1,1,1,1,0,0,0,0,0,1,1,0,3,0,0,2,3,1.57,Bxf7,b3f7,Ra8,b8a8,1.75,0.03,172.0,False,12,17,saransh12387,gold-chess2015,1944,1949,0-1
1R6/p1p2Bpk/b1p4p/8/6n1/5NP1/PPP1rPP1/6K1 b - - 0 26,26,17,24,1,1,0,Middlegame,6,5,1,1,1,1,1,1,0,0,0,0,0,1,1,0,3,0,0,2,3,-0.02,Rxc2,e2c2,Rxc2,e2c2,0.07,0.06,1.0000000000000009,True,12,17,saransh12387,gold-chess2015,1944,1949,0-1
1R6/p1p2Bpk/b1p4p/8/6n1/5NP1/PPr2PP1/6K1 w - - 0 27,27,16,32,0,1,0,Middlegame,5,5,1,1,1,1,1,1,0,0,0,0,0,1,1,0,3,0,0,2,3,0.13,Bg8+,f7g8,Re8,b8e8,0.08,-0.29,37.0,False,12,17,saransh12387,gold-chess2015,1944,1949,0-1
1R4B1/p1p3pk/b1p4p/8/6n1/5NP1/PPr2PP1/6K1 b - - 1 27,27,16,2,0,1,0,Middlegame,5,5,1,1,1,1,1,1,0,0,0,0,0,1,1,0,3,0,0,2,3,-0.37,Kg6,h7g6,Kg6,h7g6,-0.28,-0.28,0.0,True,12,17,saransh12387,gold-chess2015,1944,1949,0-1
1R4B1/p1p3p1/b1p3kp/8/6n1/5NP1/PPr2PP1/6K1 w - - 2 28,28,16,28,0,1,0,Middlegame,5,5,1,1,1,1,1,1,0,0,0,0,0,1,1,0,3,0,0,2,3,-0.28,Nh4+,f3h4,Re8,b8e8,-0.33,-5.05,472.0,False,12,17,saransh12387,gold-chess2015,1944,1949,0-1
1R4B1/p1p3p1/b1p3kp/8/6nN/6P1/PPr2PP1/6K1 b - - 3 28,28,16,3,0,1,0,Middlegame,5,5,1,1,1,1,1,1,0,0,0,0,0,1,1,0,3,0,0,2,3,-4.89,Kf6,g6f6,Kh5,g6h5,-4.89,-4.41,47.99999999999996,False,12,17,saransh12387,gold-chess2015,1944,1949,0-1
1R4B1/p1p3p1/b1p2k1p/8/6nN/6P1/PPr2PP1/6K1 w - - 4 29,29,16,26,0,1,0,Middlegame,5,5,1,1,1,1,1,1,0,0,0,0,0,1,1,0,3,0,0,2,3,-4.59,Rf8+,b8f8,Rf8+,b8f8,-4.7,-4.57,12.99999999999999,True,12,17,saransh12387,gold-chess2015,1944,1949,0-1
5RB1/p1p3p1/b1p2k1p/8/6nN/6P1/PPr2PP1/6K1 b - - 5 29,29,16,3,0,1,0,Middlegame,5,5,1,1,1,1,1,1,0,0,0,0,0,1,1,0,3,0,0,2,3,-4.82,Ke5,f6e5,Ke7,f6e7,-4.71,-0.94,377.0,False,12,17,saransh12387,gold-chess2015,1944,1949,0-1
5RB1/p1p3p1/b1p4p/4k3/6nN/6P1/PPr2PP1/6K1 w - - 6 30,30,16,26,0,1,0,Middlegame,5,5,1,1,1,1,1,1,0,0,0,0,0,1,1,0,3,0,0,2,3,-0.94,Re8+,f8e8,Ng6+,h4g6,-1.05,-1.28,23.0,False,12,17,saransh12387,gold-chess2015,1944,1949,0-1
4R1B1/p1p3p1/b1p4p/4k3/6nN/6P1/PPr2PP1/6K1 b - - 7 30,30,16,3,0,1,0,Middlegame,5,5,1,1,1,1,1,1,0,0,0,0,0,1,1,0,3,0,0,2,3,-1.16,Kd6,e5d6,Kd6,e5d6,-1.12,-0.96,16.000000000000014,True,12,17,saransh12387,gold-chess2015,1944,1949,0-1
4R1B1/p1p3p1/b1pk3p/8/6nN/6P1/PPr2PP1/6K1 w - - 8 31,31,16,28,0,1,0,Middlegame,5,5,1,1,1,1,1,1,0,0,0,0,0,1,1,0,3,0,0,2,3,-0.92,Re1,e8e1,Re1,e8e1,-0.89,-0.91,2.0000000000000018,True,12,17,saransh12387,gold-chess2015,1944,1949,0-1
6B1/p1p3p1/b1pk3p/8/6nN/6P1/PPr2PP1/4R1K1 b - - 9 31,31,16,26,0,1,0,Middlegame,5,5,1,1,1,1,1,1,0,0,0,0,0,1,1,0,3,0,0,2,3,-0.91,Rxf2,c2f2,Rxf2,c2f2,-0.98,-0.97,1.0000000000000009,True,12,17,saransh12387,gold-chess2015,1944,1949,0-1
6B1/p1p3p1/b1pk3p/8/6nN/6P1/PP3rP1/4R1K1 w - - 0 32,32,15,26,-1,1,0,Middlegame,4,5,1,1,1,1,1,1,0,0,0,0,0,1,1,2,3,0,0,2,3,-1.01,Rd1+,e1d1,Be6,g8e6,-1.14,-1.96,82.0,False,12,17,saransh12387,gold-chess2015,1944,1949,0-1
6B1/p1p3p1/b1pk3p/8/6nN/6P1/PP3rP1/3R2K1 b - - 1 32,32,15,5,-1,1,0,Middlegame,4,5,1,1,1,1,1,1,0,0,0,0,0,1,1,2,3,0,0,2,3,-2.03,Kc5,d6c5,Ke7,d6e7,-2.09,-0.83,125.99999999999997,False,12,17,saransh12387,gold-chess2015,1944,1949,0-1
6B1/p1p3p1/b1p4p/2k5/6nN/6P1/PP3rP1/3R2K1 w - - 2 33,33,15,26,-1,1,0,Middlegame,4,5,1,1,1,1,1,1,0,0,0,0,0,1,1,2,3,0,0,2,3,-0.82,Rc1+,d1c1,Be6,g8e6,-0.72,-1.95,123.0,False,12,17,saransh12387,gold-chess2015,1944,1949,0-1
6B1/p1p3p1/b1p4p/2k5/6nN/6P1/PP3rP1/2R3K1 b - - 3 33,33,15,7,-1,1,0,Middlegame,4,5,1,1,1,1,1,1,0,0,0,0,0,1,1,2,3,0,0,2,3,-1.43,Kb6,c5b6,Kd6,c5d6,-1.18,0.22,140.0,False,12,17,saransh12387,gold-chess2015,1944,1949,0-1
6B1/p1p3p1/bkp4p/8/6nN/6P1/PP3rP1/2R3K1 w - - 4 34,34,15,24,-1,1,0,Middlegame,4,5,1,1,1,1,1,1,0,0,0,0,0,1,1,2,3,0,0,2,3,0.2,Nf3,h4f3,Be6,g8e6,0.09,-2.85,294.0,False,12,17,saransh12387,gold-chess2015,1944,1949,0-1
6B1/p1p3p1/bkp4p/8/6n1/5NP1/PP3rP1/2R3K1 b - - 5 34,34,15,25,-1,1,0,Middlegame,4,5,1,1,1,1,1,1,0,0,0,0,0,1,1,2,3,0,0,2,3,-3.2,Rxb2,f2b2,Rxb2,f2b2,-3.27,-3.32,4.999999999999982,True,12,17,saransh12387,gold-chess2015,1944,1949,0-1
6B1/p1p3p1/bkp4p/8/6n1/5NP1/Pr4P1/2R3K1 w - - 0 35,35,14,26,-2,1,0,Middlegame,3,5,1,1,1,1,1,1,0,0,0,0,0,1,1,3,3,0,2,2,3,-3.41,Be6,g8e6,Be6,g8e6,-3.78,-3.7,7.999999999999963,True,12,17,saransh12387,gold-chess2015,1944,1949,0-1
8/p1p3p1/bkp1B2p/8/6n1/5NP1/Pr4P1/2R3K1 b - - 1 35,35,14,29,-2,1,0,Middlegame,3,5,1,1,1,1,1,1,0,0,0,0,0,1,1,3,3,0,2,2,3,-3.61,Ne3,g4e3,Ne3,g4e3,-3.45,-3.6,14.999999999999991,True,12,17,saransh12387,gold-chess2015,1944,1949,0-1
8/p1p3p1/bkp1B2p/8/8/4nNP1/Pr4P1/2R3K1 w - - 2 36,36,14,32,-2,1,0,Middlegame,3,5,1,1,1,1,1,1,0,0,0,0,0,1,1,3,3,0,2,2,3,-3.33,Bh3,e6h3,Kh1,g1h1,-3.33,-3.8,46.99999999999997,False,12,17,saransh12387,gold-chess2015,1944,1949,0-1
8/p1p3p1/bkp4p/8/8/4nNPB/Pr4P1/2R3K1 b - - 3 36,36,14,32,-2,1,0,Middlegame,3,5,1,1,1,1,1,1,0,0,0,0,0,1,1,3,3,0,2,2,3,-3.76,Bf1,a6f1,Rxa2,b2a2,-4.04,-2.96,108.0,False,12,17,saransh12387,gold-chess2015,1944,1949,0-1
8/p1p3p1/1kp4p/8/8/4nNPB/Pr4P1/2R2bK1 w - - 4 37,37,14,27,-2,1,0,Middlegame,3,5,1,1,1,1,1,1,0,0,0,0,0,1,1,3,3,0,2,2,3,-3.04,Rxf1,c1f1,Re1,c1e1,-3.25,-3.41,16.000000000000014,False,12,17,saransh12387,gold-chess2015,1944,1949,0-1
8/p1p3p1/1kp4p/8/8/4nNPB/Pr4P1/5RK1 b - - 0 37,37,13,29,1,1,0,Middlegame,3,5,1,1,1,0,1,1,0,0,0,0,0,1,1,3,3,0,2,2,3,-3.6,Nxf1,e3f1,Nxf1,e3f1,-3.43,-3.54,10.999999999999988,True,12,17,saransh12387,gold-chess2015,1944,1949,0-1
8/p1p3p1/1kp4p/8/8/5NPB/Pr4P1/5nK1 w - - 0 38,38,12,17,-4,1,0,Middlegame,3,5,1,1,1,0,0,1,0,0,0,0,0,1,1,3,3,0,2,2,3,-3.58,Kxf1,g1f1,Kxf1,g1f1,-3.53,-3.54,1.000000000000023,True,12,17,saransh12387,gold-chess2015,1944,1949,0-1
8/p1p3p1/1kp4p/8/8/5NPB/Pr4P1/5K2 b - - 0 38,38,11,21,-1,0,0,Middlegame,3,5,1,0,1,0,0,1,0,0,0,0,0,1,1,3,3,0,2,2,3,-3.31,Rxa2,b2a2,Rxa2,b2a2,-3.33,-3.43,10.000000000000009,True,12,17,saransh12387,gold-chess2015,1944,1949,0-1
8/p1p3p1/1kp4p/8/8/5NPB/r5P1/5K2 w - - 0 39,39,10,16,-2,0,0,Endgame,2,5,1,0,1,0,0,1,0,0,0,0,0,1,1,2,3,0,3,1,3,-3.57,Ne5,f3e5,Be6,h3e6,-3.57,-3.92,35.00000000000001,False,12,17,saransh12387,gold-chess2015,1944,1949,0-1
8/p1p3p1/1kp4p/4N3/8/6PB/r5P1/5K2 b - - 1 39,39,10,22,-2,0,0,Endgame,2,5,1,0,1,0,0,1,0,0,0,0,0,1,1,2,3,0,3,1,3,-4.02,Rc2,a2c2,Kc5,b6c5,-3.7,-3.13,57.00000000000003,False,12,17,saransh12387,gold-chess2015,1944,1949,0-1
8/p1p3p1/1kp4p/4N3/8/6PB/2r3P1/5K2 w - - 2 40,40,10,16,-2,0,0,Endgame,2,5,1,0,1,0,0,1,0,0,0,0,0,1,1,2,3,0,3,1,3,-3.34,Ke1,f1e1,Bf5,h3f5,-3.61,-3.87,26.00000000000002,False,12,17,saransh12387,gold-chess2015,1944,1949,0-1
8/p1p3p1/1kp4p/4N3/8/6PB/2r3P1/4K3 b - - 3 40,40,10,21,-2,0,0,Endgame,2,5,1,0,1,0,0,1,0,0,0,0,0,1,1,2,3,0,3,1,3,-3.78,a5,a7a5,a5,a7a5,-3.36,-3.71,35.00000000000001,True,12,17,saransh12387,gold-chess2015,1944,1949,0-1
8/2p3p1/1kp4p/p3N3/8/6PB/2r3P1/4K3 w - - 0 41,41,10,16,-2,0,0,Endgame,2,5,1,0,1,0,0,1,0,0,0,0,0,1,1,2,3,0,3,1,3,-3.88,Kd1,e1d1,Kd1,e1d1,-3.67,-3.78,10.999999999999988,True,12,17,saransh12387,gold-chess2015,1944,1949,0-1
8/2p3p1/1kp4p/p3N3/8/6PB/2r3P1/3K4 b - - 1 41,41,10,20,-2,0,0,Endgame,2,5,1,0,1,0,0,1,0,0,0,0,0,1,1,2,3,0,3,1,3,-3.89,Rf2,c2f2,Ra2,c2a2,-3.37,-3.55,17.99999999999997,False,12,17,saransh12387,gold-chess2015,1944,1949,0-1
8/2p3p1/1kp4p/p3N3/8/6PB/5rP1/3K4 w - - 2 42,42,10,16,-2,0,0,Endgame,2,5,1,0,1,0,0,1,0,0,0,0,0,1,1,2,3,0,3,1,3,-3.77,Nd3,e5d3,Nd3,e5d3,-4.11,-3.48,63.000000000000036,True,12,17,saransh12387,gold-chess2015,1944,1949,0-1
8/2p3p1/1kp4p/p7/8/3N2PB/5rP1/3K4 b - - 3 42,42,10,22,-2,0,0,Endgame,2,5,1,0,1,0,0,1,0,0,0,0,0,1,1,2,3,0,3,1,3,-3.48,Ra2,f2a2,Ra2,f2a2,-3.48,-3.71,23.0,True,12,17,saransh12387,gold-chess2015,1944,1949,0-1
8/2p3p1/1kp4p/p7/8/3N2PB/r5P1/3K4 w - - 4 43,43,10,16,-2,0,0,Endgame,2,5,1,0,1,0,0,1,0,0,0,0,0,1,1,2,3,0,3,1,3,-3.68,Be6,h3e6,Nc1,d3c1,-3.8,-4.28,48.00000000000004,False,12,17,saransh12387,gold-chess2015,1944,1949,0-1
8/2p3p1/1kp1B2p/p7/8/3N2P1/r5P1/3K4 b - - 5 43,43,10,18,-2,0,0,Endgame,2,5,1,0,1,0,0,1,0,0,0,0,0,1,1,2,3,0,3,1,3,-4.51,Rxg2,a2g2,Rxg2,a2g2,-4.64,-4.72,8.000000000000007,True,12,17,saransh12387,gold-chess2015,1944,1949,0-1
8/2p3p1/1kp1B2p/p7/8/3N2P1/6r1/3K4 w - - 0 44,44,9,22,-3,0,0,Endgame,1,5,1,0,1,0,0,1,0,0,0,0,0,0,1,1,3,0,3,1,3,-4.6,g4,g3g4,g4,g3g4,-4.54,-4.53,0.9999999999999787,True,12,17,saransh12387,gold-chess2015,1944,1949,0-1
8/2p3p1/1kp1B2p/p7/6P1/3N4/6r1/3K4 b - - 0 44,44,9,19,-3,0,0,Endgame,1,5,1,0,1,0,0,1,0,0,0,0,0,0,1,1,3,0,3,1,3,-4.46,a4,a5a4,a4,a5a4,-4.66,-4.6,6.00000000000005,True,12,17,saransh12387,gold-chess2015,1944,1949,0-1
8/2p3p1/1kp1B2p/8/p5P1/3N4/6r1/3K4 w - - 0 45,45,9,20,-3,0,0,Endgame,1,5,1,0,1,0,0,1,0,0,0,0,0,0,1,1,3,0,3,1,3,-4.6,Kc1,d1c1,Ne5,d3e5,-4.73,-4.77,3.9999999999999147,False,12,17,saransh12387,gold-chess2015,1944,1949,0-1
8/2p3p1/1kp1B2p/8/p5P1/3N4/6r1/2K5 b - - 1 45,45,9,20,-3,1,0,Endgame,1,5,1,0,1,0,0,1,0,0,0,0,0,0,1,1,3,0,3,1,3,-4.69,a3,a4a3,Re2,g2e2,-4.8,-4.89,8.999999999999986,False,12,17,saransh12387,gold-chess2015,1944,1949,0-1
8/2p3p1/1kp1B2p/8/6P1/p2N4/6r1/2K5 w - - 0 46,46,9,19,-3,1,0,Endgame,1,5,1,0,1,0,0,1,0,0,0,0,0,0,1,1,3,0,3,1,3,-4.78,Kb1,c1b1,Nb4,d3b4,-5.07,-4.66,41.000000000000014,False,12,17,saransh12387,gold-chess2015,1944,1949,0-1
8/2p3p1/1kp1B2p/8/6P1/p2N4/6r1/1K6 b - - 1 46,46,9,20,-3,0,0,Endgame,1,5,1,0,1,0,0,1,0,0,0,0,0,0,1,1,3,0,3,1,3,-4.73,c5,c6c5,Re2,g2e2,-4.77,-4.28,48.99999999999993,False,12,17,saransh12387,gold-chess2015,1944,1949,0-1
8/2p3p1/1k2B2p/2p5/6P1/p2N4/6r1/1K6 w - - 0 47,47,9,20,-3,0,0,Endgame,1,5,1,0,1,0,0,1,0,0,0,0,0,0,1,1,3,0,3,1,3,-4.35,Nf4,d3f4,Nf4,d3f4,-4.28,-4.35,6.99999999999994,True,12,17,saransh12387,gold-chess2015,1944,1949,0-1
8/2p3p1/1k2B2p/2p5/5NP1/p7/6r1/1K6 b - - 1 47,47,9,22,-3,0,0,Endgame,1,5,1,0,1,0,0,1,0,0,0,0,0,0,1,1,3,0,3,1,3,-4.24,Rb2+,g2b2,Rb2+,g2b2,-4.28,-4.45,16.999999999999993,True,12,17,saransh12387,gold-chess2015,1944,1949,0-1
8/2p3p1/1k2B2p/2p5/5NP1/p7/1r6/1K6 w - - 2 48,48,9,2,-3,0,0,Endgame,1,5,1,0,1,0,0,1,0,0,0,0,0,0,1,1,3,0,3,1,3,-4.35,Ka1,b1a1,Ka1,b1a1,-4.39,-4.23,15.999999999999925,True,12,17,saransh12387,gold-chess2015,1944,1949,0-1
8/2p3p1/1k2B2p/2p5/5NP1/p7/1r6/K7 b - - 3 48,48,9,23,-3,0,0,Endgame,1,5,1,0,1,0,0,1,0,0,0,0,0,0,1,1,3,0,3,1,3,-4.48,Kb5,b6b5,Ka5,b6a5,-4.4,-4.13,27.000000000000046,False,12,17,saransh12387,gold-chess2015,1944,1949,0-1
8/2p3p1/4B2p/1kp5/5NP1/p7/1r6/K7 w - - 4 49,49,9,17,-3,0,0,Endgame,1,5,1,0,1,0,0,1,0,0,0,0,0,0,1,1,3,0,3,1,3,-4.25,Nd3,f4d3,Nd3,f4d3,-4.39,-4.54,15.000000000000036,True,12,17,saransh12387,gold-chess2015,1944,1949,0-1
8/2p3p1/4B2p/1kp5/6P1/p2N4/1r6/K7 b - - 5 49,49,9,21,-3,0,0,Endgame,1,5,1,0,1,0,0,1,0,0,0,0,0,0,1,1,3,0,3,1,3,-4.32,Rh2,b2h2,Re2,b2e2,-4.43,-4.09,33.999999999999986,False,12,17,saransh12387,gold-chess2015,1944,1949,0-1
8/2p3p1/4B2p/1kp5/6P1/p2N4/7r/K7 w - - 6 50,50,9,19,-3,0,0,Endgame,1,5,1,0,1,0,0,1,0,0,0,0,0,0,1,1,3,0,3,1,3,-4.45,Nf4,d3f4,Ne5,d3e5,-4.32,-4.65,33.00000000000001,False,12,17,saransh12387,gold-chess2015,1944,1949,0-1
8/2p3p1/4B2p/1kp5/5NP1/p7/7r/K7 b - - 7 50,50,9,23,-3,0,0,Endgame,1,5,1,0,1,0,0,1,0,0,0,0,0,0,1,1,3,0,3,1,3,-4.71,c4,c5c4,c4,c5c4,-4.7,-4.65,4.999999999999982,True,12,17,saransh12387,gold-chess2015,1944,1949,0-1
8/2p3p1/4B2p/1k6/2p2NP1/p7/7r/K7 w - - 0 51,51,9,16,-3,0,0,Endgame,1,5,1,0,1,0,0,1,0,0,0,0,0,0,1,1,3,0,3,1,3,-4.72,Nd5,f4d5,Ng6,f4g6,-4.82,-4.72,10.000000000000053,False,12,17,saransh12387,gold-chess2015,1944,1949,0-1
8/2p3p1/4B2p/1k1N4/2p3P1/p7/7r/K7 b - - 1 51,51,9,23,-3,0,0,Endgame,1,5,1,0,1,0,0,1,0,0,0,0,0,0,1,1,3,0,3,1,3,-4.68,c6,c7c6,c6,c7c6,-4.82,-4.69,12.99999999999999,True,12,17,saransh12387,gold-chess2015,1944,1949,0-1
8/6p1/2p1B2p/1k1N4/2p3P1/p7/7r/K7 w - - 0 52,52,9,15,-3,0,0,Endgame,1,5,1,0,1,0,0,1,0,0,0,0,0,0,1,1,3,0,3,1,3,-4.77,Nc3+,d5c3,Ne3,d5e3,-4.81,-5.53,72.00000000000006,False,12,17,saransh12387,gold-chess2015,1944,1949,0-1
8/6p1/2p1B2p/1k6/2p3P1/p1N5/7r/K7 b - - 1 52,52,9,5,-3,0,0,Endgame,1,5,1,0,1,0,0,1,0,0,0,0,0,0,1,1,3,0,3,1,3,-5.21,Kb4,b5b4,Kb4,b5b4,-5.43,-5.42,0.9999999999999787,True,12,17,saransh12387,gold-chess2015,1944,1949,0-1
8/6p1/2p1B2p/8/1kp3P1/p1N5/7r/K7 w - - 2 53,53,9,17,-3,0,0,Endgame,1,5,1,0,1,0,0,1,0,0,0,0,0,0,1,1,3,0,3,1,3,-5.72,Ne4,c3e4,Na2+,c3a2,-6.76,-6.65,10.999999999999943,False,12,17,saransh12387,gold-chess2015,1944,1949,0-1
8/6p1/2p1B2p/8/1kp1N1P1/p7/7r/K7 b - - 3 53,53,9,21,-3,0,0,Endgame,1,5,1,0,1,0,0,1,0,0,0,0,0,0,1,1,3,0,3,1,3,-6.91,c3,c4c3,c3,c4c3,-6.81,-6.74,6.99999999999994,True,12,17,saransh12387,gold-chess2015,1944,1949,0-1
8/6p1/2p1B2p/8/1k2N1P1/p1p5/7r/K7 w - - 0 54,54,9,19,-3,0,0,Endgame,1,5,1,0,1,0,0,1,0,0,0,0,0,0,1,1,3,0,3,1,3,-7.05,Ng3,e4g3,Nxc3,e4c3,-7.24,-10000.0,999276.0,False,12,17,saransh12387,gold-chess2015,1944,1949,0-1
8/6p1/2p1B2p/8/1k4P1/p1p3N1/7r/K7 b - - 1 54,54,9,21,-3,0,0,Endgame,1,5,1,0,1,0,0,1,0,0,0,0,0,0,1,1,3,0,3,1,3,-10000.0,c2,c3c2,c2,c3c2,-10000.0,-10000.0,0.0,True,12,17,saransh12387,gold-chess2015,1944,1949,0-1
rnbqkbnr/pppppppp/8/8/8/8/PPPPPPPP/RNBQKBNR w KQkq - 0 1,1,30,20,0,0,0,Opening,8,8,2,2,2,2,2,2,1,1,1,1,2,0,0,0,0,0,0,1,1,0.3,e4,e2e4,e4,e2e4,0.28,0.26,2.0000000000000018,True,12,18,saransh12387,ZdenkoCroatia,1936,1958,0-1
rnbqkbnr/pppppppp/8/8/4P3/8/PPPP1PPP/RNBQKBNR b KQkq - 0 1,1,30,20,0,0,0,Opening,8,8,2,2,2,2,2,2,1,1,1,1,2,0,0,0,0,0,0,1,1,0.24,e6,e7e6,e5,e7e5,0.24,0.17,6.999999999999998,False,12,18,saransh12387,ZdenkoCroatia,1936,1958,0-1
rnbqkbnr/pppp1ppp/4p3/8/4P3/8/PPPP1PPP/RNBQKBNR w KQkq - 0 2,2,30,30,0,0,0,Opening,8,8,2,2,2,2,2,2,1,1,1,1,2,0,0,0,0,0,0,1,1,0.16,Nf3,g1f3,d4,d2d4,0.41,0.23,17.999999999999996,False,12,18,saransh12387,ZdenkoCroatia,1936,1958,0-1
rnbqkbnr/pppp1ppp/4p3/8/4P3/5N2/PPPP1PPP/RNBQKB1R b KQkq - 1 2,2,30,30,0,0,0,Opening,8,8,2,2,2,2,2,2,1,1,1,1,2,0,0,0,0,0,0,1,1,0.24,f5,f7f5,d5,d7d5,0.23,1.32,109.00000000000001,False,12,18,saransh12387,ZdenkoCroatia,1936,1958,0-1
rnbqkbnr/pppp2pp/4p3/5p2/4P3/5N2/PPPP1PPP/RNBQKB1R w KQkq - 0 3,3,30,29,0,0,0,Opening,8,8,2,2,2,2,2,2,1,1,1,1,2,0,0,0,0,0,0,1,1,1.38,exf5,e4f5,exf5,e4f5,1.46,1.34,11.99999999999999,True,12,18,saransh12387,ZdenkoCroatia,1936,1958,0-1
rnbqkbnr/pppp2pp/4p3/5P2/8/5N2/PPPP1PPP/RNBQKB1R b KQkq - 0 3,3,29,30,1,0,0,Opening,8,7,2,2,2,2,2,2,1,1,1,1,2,1,0,0,0,0,0,2,2,1.45,exf5,e6f5,exf5,e6f5,1.49,1.36,12.99999999999999,True,12,18,saransh12387,ZdenkoCroatia,1936,1958,0-1
rnbqkbnr/pppp2pp/8/5p2/8/5N2/PPPP1PPP/RNBQKB1R w KQkq - 0 4,4,28,27,0,0,0,Opening,7,7,2,2,2,2,2,2,1,1,1,1,2,0,0,0,0,0,0,2,2,1.36,Nc3,b1c3,d4,d2d4,1.36,0.91,45.00000000000001,False,12,18,saransh12387,ZdenkoCroatia,1936,1958,0-1
rnbqkbnr/pppp2pp/8/5p2/8/2N2N2/PPPP1PPP/R1BQKB1R b KQkq - 1 4,4,28,29,0,0,0,Opening,7,7,2,2,2,2,2,2,1,1,1,1,2,0,0,0,0,0,0,2,2,0.74,d5,d7d5,Nf6,g8f6,0.82,0.93,11.00000000000001,False,12,18,saransh12387,ZdenkoCroatia,1936,1958,0-1
rnbqkbnr/ppp3pp/8/3p1p2/8/2N2N2/PPPP1PPP/R1BQKB1R w KQkq - 0 5,5,28,30,0,0,0,Opening,7,7,2,2,2,2,2,2,1,1,1,1,2,0,0,0,0,0,0,2,2,0.94,d4,d2d4,d4,d2d4,1.02,0.99,3.0000000000000027,True,12,18,saransh12387,ZdenkoCroatia,1936,1958,0-1
rnbqkbnr/ppp3pp/8/3p1p2/3P4/2N2N2/PPP2PPP/R1BQKB1R b KQkq - 0 5,5,28,33,0,0,0,Opening,7,7,2,2,2,2,2,2,1,1,1,1,2,0,0,0,0,0,0,2,2,0.94,c6,c7c6,Nf6,g8f6,0.86,1.03,17.000000000000004,False,12,18,saransh12387,ZdenkoCroatia,1936,1958,0-1
rnbqkbnr/pp4pp/2p5/3p1p2/3P4/2N2N2/PPP2PPP/R1BQKB1R w KQkq - 0 6,6,28,36,0,0,0,Opening,7,7,2,2,2,2,2,2,1,1,1,1,2,0,0,0,0,0,0,2,2,0.96,Bd3,f1d3,Bd3,f1d3,1.09,0.99,10.000000000000009,True,12,18,saransh12387,ZdenkoCroatia,1936,1958,0-1
rnbqkbnr/pp4pp/2p5/3p1p2/3P4/2NB1N2/PPP2PPP/R1BQK2R b KQkq - 1 6,6,28,34,0,0,0,Opening,7,7,2,2,2,2,2,2,1,1,1,1,2,0,0,0,0,0,0,2,2,1.03,Nf6,g8f6,Nf6,g8f6,1.01,1.03,2.0000000000000018,True,12,18,saransh12387,ZdenkoCroatia,1936,1958,0-1
rnbqkb1r/pp4pp/2p2n2/3p1p2/3P4/2NB1N2/PPP2PPP/R1BQK2R w KQkq - 2 7,7,28,40,0,0,0,Opening,7,7,2,2,2,2,2,2,1,1,1,1,2,0,0,0,0,0,0,2,2,1.07,O-O,e1g1,O-O,e1g1,1.02,1.14,11.99999999999999,True,12,18,saransh12387,ZdenkoCroatia,1936,1958,0-1
rnbqkb1r/pp4pp/2p2n2/3p1p2/3P4/2NB1N2/PPP2PPP/R1BQ1RK1 b kq - 3 7,7,28,34,0,1,0,Opening,7,7,2,2,2,2,2,2,1,1,1,1,2,0,0,0,0,0,0,2,2,1.05,Bd6,f8d6,Be7,f8e7,1.14,1.57,43.000000000000014,False,12,18,saransh12387,ZdenkoCroatia,1936,1958,0-1
rnbqk2r/pp4pp/2pb1n2/3p1p2/3P4/2NB1N2/PPP2PPP/R1BQ1RK1 w kq - 4 8,8,28,36,0,1,0,Opening,7,7,2,2,2,2,2,2,1,1,1,1,2,0,0,0,0,0,0,2,2,1.74,Re1+,f1e1,Re1+,f1e1,1.39,1.55,16.000000000000014,True,12,18,saransh12387,ZdenkoCroatia,1936,1958,0-1
rnbqk2r/pp4pp/2pb1n2/3p1p2/3P4/2NB1N2/PPP2PPP/R1BQR1K1 b kq - 5 8,8,28,8,0,1,0,Opening,7,7,2,2,2,2,2,2,1,1,1,1,2,0,0,0,0,0,0,2,2,1.62,Ne4,f6e4,Be7,d6e7,1.68,2.2,52.00000000000002,False,12,18,saransh12387,ZdenkoCroatia,1936,1958,0-1
rnbqk2r/pp4pp/2pb4/3p1p2/3Pn3/2NB1N2/PPP2PPP/R1BQR1K1 w kq - 6 9,9,28,38,0,1,0,Opening,7,7,2,2,2,2,2,2,1,1,1,1,2,0,0,0,0,0,0,2,2,2.4,Bg5,c1g5,Bxe4,d3e4,2.27,2.25,2.0000000000000018,False,12,18,saransh12387,ZdenkoCroatia,1936,1958,0-1
rnbqk2r/pp4pp/2pb4/3p1pB1/3Pn3/2NB1N2/PPP2PPP/R2QR1K1 b kq - 7 9,9,28,36,0,1,0,Opening,7,7,2,2,2,2,2,2,1,1,1,1,2,0,0,0,0,0,0,2,2,2.24,Qb6,d8b6,Be7,d6e7,2.24,2.78,53.99999999999996,False,12,18,saransh12387,ZdenkoCroatia,1936,1958,0-1
rnb1k2r/pp4pp/1qpb4/3p1pB1/3Pn3/2NB1N2/PPP2PPP/R2QR1K1 w kq - 8 10,10,28,44,0,1,0,Opening,7,7,2,2,2,2,2,2,1,1,1,1,2,0,0,0,0,0,0,2,2,3.22,a3,a2a3,Bxe4,d3e4,3.73,0.3,343.0,False,12,18,saransh12387,ZdenkoCroatia,1936,1958,0-1
rnb1k2r/pp4pp/1qpb4/3p1pB1/3Pn3/P1NB1N2/1PP2PPP/R2QR1K1 b kq - 0 10,10,28,37,0,1,0,Opening,7,7,2,2,2,2,2,2,1,1,1,1,2,0,0,0,0,0,0,2,2,0.33,O-O,e8g8,O-O,e8g8,0.31,0.32,1.0000000000000009,True,12,18,saransh12387,ZdenkoCroatia,1936,1958,0-1
rnb2rk1/pp4pp/1qpb4/3p1pB1/3Pn3/P1NB1N2/1PP2PPP/R2QR1K1 w - - 1 11,11,28,45,0,1,1,Opening,7,7,2,2,2,2,2,2,1,1,1,1,2,0,0,0,0,0,0,2,2,0.32,Ne5,f3e5,Ne2,c3e2,0.41,-3.0,341.0,False,12,18,saransh12387,ZdenkoCroatia,1936,1958,0-1
rnb2rk1/pp4pp/1qpb4/3pNpB1/3Pn3/P1NB4/1PP2PPP/R2QR1K1 b - - 2 11,11,28,39,0,1,1,Opening,7,7,2,2,2,2,2,2,1,1,1,1,2,0,0,0,0,0,0,2,2,-3.68,Bxe5,d6e5,Nxg5,e4g5,-3.77,-2.15,162.0,False,12,18,saransh12387,ZdenkoCroatia,1936,1958,0-1
rnb2rk1/pp4pp/1qp5/3pbpB1/3Pn3/P1NB4/1PP2PPP/R2QR1K1 w - - 0 12,12,27,48,-3,1,1,Opening,7,7,1,2,2,2,2,2,1,1,1,1,2,0,0,0,0,0,0,2,2,-1.84,dxe5,d4e5,Bxe4,d3e4,-1.82,-3.7,188.0,False,12,18,saransh12387,ZdenkoCroatia,1936,1958,0-1
rnb2rk1/pp4pp/1qp5/3pPpB1/4n3/P1NB4/1PP2PPP/R2QR1K1 b - - 0 12,12,26,38,0,1,1,Opening,7,7,1,2,2,1,2,2,1,1,1,0,2,0,0,0,0,1,0,2,2,-3.92,Nxf2,e4f2,Nxg5,e4g5,-3.74,-3.23,51.00000000000002,False,12,18,saransh12387,ZdenkoCroatia,1936,1958,0-1
rnb2rk1/pp4pp/1qp5/3pPpB1/8/P1NB4/1PP2nPP/R2QR1K1 w - - 0 13,13,25,46,-1,1,1,Opening,6,7,1,2,2,1,2,2,1,1,1,0,2,0,0,1,0,1,0,3,2,-3.26,Be3,g5e3,Qe2,d1e2,-3.45,-3.58,12.99999999999999,False,12,18,saransh12387,ZdenkoCroatia,1936,1958,0-1
rnb2rk1/pp4pp/1qp5/3pPp2/8/P1NBB3/1PP2nPP/R2QR1K1 b - - 1 13,13,25,36,-1,1,1,Opening,6,7,1,2,2,1,2,2,1,1,1,0,2,0,0,1,0,1,0,3,2,-3.86,Nxd1,f2d1,Nxd1,f2d1,-3.71,-3.69,2.0000000000000018,True,12,18,saransh12387,ZdenkoCroatia,1936,1958,0-1
rnb2rk1/pp4pp/1qp5/3pPp2/8/P1NBB3/1PP3PP/R2nR1K1 w - - 0 14,14,24,36,-10,1,1,Middlegame,6,7,1,2,2,1,2,2,0,1,1,0,1,0,0,1,0,1,0,3,2,-3.82,Bxb6,e3b6,Bxb6,e3b6,-3.95,-3.97,2.0000000000000018,True,12,18,saransh12387,ZdenkoCroatia,1936,1958,0-1
rnb2rk1/pp4pp/1Bp5/3pPp2/8/P1NB4/1PP3PP/R2nR1K1 b - - 0 14,14,23,24,-1,1,1,Middlegame,6,7,1,2,2,1,2,2,0,0,1,0,0,0,0,1,0,1,0,3,2,-4.07,Nxc3,d1c3,Nxc3,d1c3,-4.0,-4.17,16.999999999999993,True,12,18,saransh12387,ZdenkoCroatia,1936,1958,0-1
rnb2rk1/pp4pp/1Bp5/3pPp2/8/P1nB4/1PP3PP/R3R1K1 w - - 0 15,15,22,38,-4,1,1,Middlegame,6,7,0,2,2,1,2,2,0,0,1,0,0,0,0,1,0,1,0,3,2,-4.19,bxc3,b2c3,bxc3,b2c3,-4.18,-4.06,12.00000000000001,True,12,18,saransh12387,ZdenkoCroatia,1936,1958,0-1
rnb2rk1/pp4pp/1Bp5/3pPp2/8/P1PB4/2P3PP/R3R1K1 b - - 0 15,15,21,20,-1,1,1,Middlegame,6,7,0,1,2,1,2,2,0,0,1,0,0,1,0,4,0,1,0,4,2,-4.2,axb6,a7b6,axb6,a7b6,-4.35,-4.36,1.0000000000000675,True,12,18,saransh12387,ZdenkoCroatia,1936,1958,0-1
rnb2rk1/1p4pp/1pp5/3pPp2/8/P1PB4/2P3PP/R3R1K1 w - - 0 16,16,20,28,-4,1,1,Middlegame,6,7,0,1,1,1,2,2,0,0,0,0,0,1,1,4,0,1,0,4,2,-4.13,e6,e5e6,e6,e5e6,-4.43,-4.4,2.999999999999936,True,12,18,saransh12387,ZdenkoCroatia,1936,1958,0-1
rnb2rk1/1p4pp/1pp1P3/3p1p2/8/P1PB4/2P3PP/R3R1K1 b - - 0 16,16,20,22,-4,1,1,Middlegame,6,7,0,1,1,1,2,2,0,0,0,0,0,1,1,4,0,1,0,4,2,-4.47,g6,g7g6,Re8,f8e8,-4.06,-3.46,59.999999999999964,False,12,18,saransh12387,ZdenkoCroatia,1936,1958,0-1
rnb2rk1/1p5p/1pp1P1p1/3p1p2/8/P1PB4/2P3PP/R3R1K1 w - - 0 17,17,20,29,-4,1,1,Middlegame,6,7,0,1,1,1,2,2,0,0,0,0,0,1,1,4,0,1,0,4,2,-3.59,c4,c3c4,g4,g2g4,-4.28,-4.0,28.000000000000025,False,12,18,saransh12387,ZdenkoCroatia,1936,1958,0-1
rnb2rk1/1p5p/1pp1P1p1/3p1p2/2P5/P2B4/2P3PP/R3R1K1 b - - 0 17,17,20,23,-4,1,1,Middlegame,6,7,0,1,1,1,2,2,0,0,0,0,0,1,1,4,0,1,0,4,2,-4.19,Na6,b8a6,Re8,f8e8,-4.21,-3.49,71.99999999999997,False,12,18,saransh12387,ZdenkoCroatia,1936,1958,0-1
r1b2rk1/1p5p/npp1P1p1/3p1p2/2P5/P2B4/2P3PP/R3R1K1 w - - 1 18,18,20,28,-4,1,1,Middlegame,6,7,0,1,1,1,2,2,0,0,0,0,0,1,1,4,0,1,0,4,2,-3.41,cxd5,c4d5,cxd5,c4d5,-3.71,-3.85,14.000000000000012,True,12,18,saransh12387,ZdenkoCroatia,1936,1958,0-1
r1b2rk1/1p5p/npp1P1p1/3P1p2/8/P2B4/2P3PP/R3R1K1 b - - 0 18,18,19,21,-3,1,1,Middlegame,6,6,0,1,1,1,2,2,0,0,0,0,0,0,1,1,0,1,0,3,2,-3.67,cxd5,c6d5,Nc5,a6c5,-3.45,-3.17,28.000000000000025,False,12,18,saransh12387,ZdenkoCroatia,1936,1958,0-1
r1b2rk1/1p5p/np2P1p1/3p1p2/8/P2B4/2P3PP/R3R1K1 w - - 0 19,19,18,30,-4,1,1,Middlegame,5,6,0,1,1,1,2,2,0,0,0,0,0,0,1,3,3,1,0,4,3,-3.14,e7,e6e7,Bb5,d3b5,-3.24,-3.46,21.999999999999975,False,12,18,saransh12387,ZdenkoCroatia,1936,1958,0-1
r1b2rk1/1p2P2p/np4p1/3p1p2/8/P2B4/2P3PP/R3R1K1 b - - 0 19,19,18,21,-4,1,1,Middlegame,5,6,0,1,1,1,2,2,0,0,0,0,0,0,1,3,3,1,0,4,3,-3.69,Re8,f8e8,Re8,f8e8,-3.78,-4.0,22.00000000000002,True,12,18,saransh12387,ZdenkoCroatia,1936,1958,0-1
r1b1r1k1/1p2P2p/np4p1/3p1p2/8/P2B4/2P3PP/R3R1K1 w - - 1 20,20,18,30,-4,1,1,Middlegame,5,6,0,1,1,1,2,2,0,0,0,0,0,0,1,3,3,1,0,4,3,-3.97,Rad1,a1d1,Bb5,d3b5,-4.1,-4.43,33.00000000000001,False,12,18,saransh12387,ZdenkoCroatia,1936,1958,0-1
r1b1r1k1/1p2P2p/np4p1/3p1p2/8/P2B4/2P3PP/3RR1K1 b - - 2 20,20,18,20,-4,1,1,Middlegame,5,6,0,1,1,1,2,2,0,0,0,0,0,0,1,3,3,1,0,4,3,-4.61,Kf7,g8f7,Kf7,g8f7,-4.68,-4.7,2.000000000000046,True,12,18,saransh12387,ZdenkoCroatia,1936,1958,0-1
r1b1r3/1p2Pk1p/np4p1/3p1p2/8/P2B4/2P3PP/3RR1K1 w - - 3 21,21,18,27,-4,1,0,Middlegame,5,6,0,1,1,1,2,2,0,0,0,0,0,0,1,3,3,1,0,4,3,-4.65,Re5,e1e5,Be2,d3e2,-4.88,-5.36,48.00000000000004,False,12,18,saransh12387,ZdenkoCroatia,1936,1958,0-1
r1b1r3/1p2Pk1p/np4p1/3pRp2/8/P2B4/2P3PP/3R2K1 b - - 4 21,21,18,22,-4,1,0,Middlegame,5,6,0,1,1,1,2,2,0,0,0,0,0,0,1,3,3,1,0,4,3,-4.74,Nc7,a6c7,Be6,c8e6,-4.98,-4.84,14.000000000000057,False,12,18,saransh12387,ZdenkoCroatia,1936,1958,0-1
r1b1r3/1pn1Pk1p/1p4p1/3pRp2/8/P2B4/2P3PP/3R2K1 w - - 5 22,22,18,30,-4,1,0,Middlegame,5,6,0,1,1,1,2,2,0,0,0,0,0,0,1,3,3,1,0,4,3,-4.91,Rde1,d1e1,Rde1,d1e1,-4.96,-5.22,25.99999999999998,True,12,18,saransh12387,ZdenkoCroatia,1936,1958,0-1
r1b1r3/1pn1Pk1p/1p4p1/3pRp2/8/P2B4/2P3PP/4R1K1 b - - 6 22,22,18,25,-4,1,0,Middlegame,5,6,0,1,1,1,2,2,0,0,0,0,0,0,1,3,3,1,0,4,3,-5.25,Be6,c8e6,Be6,c8e6,-5.08,-5.19,11.000000000000032,True,12,18,saransh12387,ZdenkoCroatia,1936,1958,0-1
r3r3/1pn1Pk1p/1p2b1p1/3pRp2/8/P2B4/2P3PP/4R1K1 w - - 7 23,23,18,31,-4,1,0,Middlegame,5,6,0,1,1,1,2,2,0,0,0,0,0,0,1,3,3,1,0,4,3,-5.06,Bb5,d3b5,h4,h2h4,-5.25,-5.26,0.9999999999999787,False,12,18,saransh12387,ZdenkoCroatia,1936,1958,0-1
r3r3/1pn1Pk1p/1p2b1p1/1B1pRp2/8/P7/2P3PP/4R1K1 b - - 8 23,23,18,28,-4,1,0,Middlegame,5,6,0,1,1,1,2,2,0,0,0,0,0,0,1,3,3,1,0,4,3,-5.72,Rxe7,e8e7,Rxe7,e8e7,-5.55,-5.47,8.000000000000007,True,12,18,saransh12387,ZdenkoCroatia,1936,1958,0-1
r7/1pn1rk1p/1p2b1p1/1B1pRp2/8/P7/2P3PP/4R1K1 w - - 0 24,24,17,33,-5,1,0,Middlegame,4,6,0,1,1,1,2,2,0,0,0,0,0,0,1,2,3,0,0,3,3,-5.22,g4,g2g4,Bd3,b5d3,-5.68,-6.37,69.00000000000004,False,12,18,saransh12387,ZdenkoCroatia,1936,1958,0-1
r7/1pn1rk1p/1p2b1p1/1B1pRp2/6P1/P7/2P4P/4R1K1 b - - 0 24,24,17,29,-5,1,0,Middlegame,4,6,0,1,1,1,2,2,0,0,0,0,0,0,1,2,3,0,0,3,3,-6.48,Nxb5,c7b5,Nxb5,c7b5,-6.8,-6.71,8.999999999999986,True,12,18,saransh12387,ZdenkoCroatia,1936,1958,0-1
r7/1p2rk1p/1p2b1p1/1n1pRp2/6P1/P7/2P4P/4R1K1 w - - 0 25,25,16,25,-8,1,0,Middlegame,4,6,0,1,0,1,2,2,0,0,0,0,0,0,1,2,3,0,0,3,3,-7.03,gxf5,g4f5,c4,c2c4,-7.19,-7.12,7.000000000000028,False,12,18,saransh12387,ZdenkoCroatia,1936,1958,0-1
r7/1p2rk1p/1p2b1p1/1n1pRP2/8/P7/2P4P/4R1K1 b - - 0 25,25,15,34,-7,1,0,Middlegame,4,5,0,1,0,1,2,2,0,0,0,0,0,0,1,4,3,0,0,4,3,-7.13,gxf5,g6f5,gxf5,g6f5,-6.96,-7.17,20.999999999999996,True,12,18,saransh12387,ZdenkoCroatia,1936,1958,0-1
r7/1p2rk1p/1p2b3/1n1pRp2/8/P7/2P4P/4R1K1 w - - 0 26,26,14,23,-8,1,0,Middlegame,3,5,0,1,0,1,2,2,0,0,0,0,0,0,1,3,5,0,1,3,4,-7.29,Kf2,g1f2,c4,c2c4,-7.12,-7.58,46.0,False,12,18,saransh12387,ZdenkoCroatia,1936,1958,0-1
r7/1p2rk1p/1p2b3/1n1pRp2/8/P7/2P2K1P/4R3 b - - 1 26,26,14,33,-8,0,0,Middlegame,3,5,0,1,0,1,2,2,0,0,0,0,0,0,1,3,5,0,1,3,4,-7.58,Nd4,b5d4,Nd6,b5d6,-7.63,-6.52,111.00000000000003,False,12,18,saransh12387,ZdenkoCroatia,1936,1958,0-1
r7/1p2rk1p/1p2b3/3pRp2/3n4/P7/2P2K1P/4R3 w - - 2 27,27,14,26,-8,0,0,Middlegame,3,5,0,1,0,1,2,2,0,0,0,0,0,0,1,3,5,0,1,3,4,-7.05,c3,c2c3,Rg1,e1g1,-7.12,-7.25,12.99999999999999,False,12,18,saransh12387,ZdenkoCroatia,1936,1958,0-1
r7/1p2rk1p/1p2b3/3pRp2/3n4/P1P5/5K1P/4R3 b - - 0 27,27,14,33,-8,0,0,Middlegame,3,5,0,1,0,1,2,2,0,0,0,0,0,0,1,3,5,0,1,3,4,-7.39,Nc6,d4c6,Nc6,d4c6,-7.49,-7.38,11.000000000000032,True,12,18,saransh12387,ZdenkoCroatia,1936,1958,0-1
rnbqkbnr/pppppppp/8/8/8/8/PPPPPPPP/RNBQKBNR w KQkq - 0 1,1,30,20,0,0,0,Opening,8,8,2,2,2,2,2,2,1,1,1,1,2,0,0,0,0,0,0,1,1,0.41,e4,e2e4,e4,e2e4,0.35,0.43,8.000000000000002,True,12,19,saransh12387,Marcel_ZHU,1935,1940,1-0
rnbqkbnr/pppppppp/8/8/4P3/8/PPPP1PPP/RNBQKBNR b KQkq - 0 1,1,30,20,0,0,0,Opening,8,8,2,2,2,2,2,2,1,1,1,1,2,0,0,0,0,0,0,1,1,0.42,d5,d7d5,c5,c7c5,0.37,0.62,25.0,False,12,19,saransh12387,Marcel_ZHU,1935,1940,1-0
rnbqkbnr/ppp1pppp/8/3p4/4P3/8/PPPP1PPP/RNBQKBNR w KQkq - 0 2,2,30,31,0,0,0,Opening,8,8,2,2,2,2,2,2,1,1,1,1,2,0,0,0,0,0,0,1,1,0.75,exd5,e4d5,exd5,e4d5,0.72,0.64,7.9999999999999964,True,12,19,saransh12387,Marcel_ZHU,1935,1940,1-0
rnbqkbnr/ppp1pppp/8/3P4/8/8/PPPP1PPP/RNBQKBNR b KQkq - 0 2,2,29,28,1,0,0,Opening,8,7,2,2,2,2,2,2,1,1,1,1,2,1,0,0,0,0,0,2,2,0.75,c6,c7c6,Qxd5,d8d5,0.7,1.14,43.99999999999999,False,12,19,saransh12387,Marcel_ZHU,1935,1940,1-0
rnbqkbnr/pp2pppp/2p5/3P4/8/8/PPPP1PPP/RNBQKBNR w KQkq - 0 3,3,29,31,1,0,0,Opening,8,7,2,2,2,2,2,2,1,1,1,1,2,1,0,0,0,0,0,2,2,1.05,dxc6,d5c6,dxc6,d5c6,0.79,0.84,4.999999999999993,True,12,19,saransh12387,Marcel_ZHU,1935,1940,1-0
rnbqkbnr/pp2pppp/2P5/8/8/8/PPPP1PPP/RNBQKBNR b KQkq - 0 3,3,28,32,2,0,0,Opening,8,6,2,2,2,2,2,2,1,1,1,1,2,1,0,0,0,0,0,2,2,0.81,Nxc6,b8c6,Nxc6,b8c6,0.84,0.81,2.9999999999999916,True,12,19,saransh12387,Marcel_ZHU,1935,1940,1-0
r1bqkbnr/pp2pppp/2n5/8/8/8/PPPP1PPP/RNBQKBNR w KQkq - 0 4,4,27,29,1,0,0,Opening,7,6,2,2,2,2,2,2,1,1,1,1,2,0,0,0,0,0,0,2,2,0.84,Nc3,b1c3,Nf3,g1f3,0.92,0.83,9.000000000000007,False,12,19,saransh12387,Marcel_ZHU,1935,1940,1-0
r1bqkbnr/pp2pppp/2n5/8/8/2N5/PPPP1PPP/R1BQKBNR b KQkq - 1 4,4,27,35,1,0,0,Opening,7,6,2,2,2,2,2,2,1,1,1,1,2,0,0,0,0,0,0,2,2,0.83,Nf6,g8f6,Nf6,g8f6,0.77,0.8,3.0000000000000027,True,12,19,saransh12387,Marcel_ZHU,1935,1940,1-0
r1bqkb1r/pp2pppp/2n2n2/8/8/2N5/PPPP1PPP/R1BQKBNR w KQkq - 2 5,5,27,32,1,0,0,Opening,7,6,2,2,2,2,2,2,1,1,1,1,2,0,0,0,0,0,0,2,2,0.8,Nf3,g1f3,Nf3,g1f3,0.83,0.79,3.9999999999999925,True,12,19,saransh12387,Marcel_ZHU,1935,1940,1-0
r1bqkb1r/pp2pppp/2n2n2/8/8/2N2N2/PPPP1PPP/R1BQKB1R b KQkq - 3 5,5,27,38,1,0,0,Opening,7,6,2,2,2,2,2,2,1,1,1,1,2,0,0,0,0,0,0,2,2,0.78,Bg4,c8g4,e5,e7e5,0.76,0.92,16.000000000000004,False,12,19,saransh12387,Marcel_ZHU,1935,1940,1-0
r2qkb1r/pp2pppp/2n2n2/8/6b1/2N2N2/PPPP1PPP/R1BQKB1R w KQkq - 4 6,6,27,29,1,0,0,Opening,7,6,2,2,2,2,2,2,1,1,1,1,2,0,0,0,0,0,0,2,2,0.84,Bb5,f1b5,h3,h2h3,1.02,0.83,19.000000000000007,False,12,19,saransh12387,Marcel_ZHU,1935,1940,1-0
r2qkb1r/pp2pppp/2n2n2/1B6/6b1/2N2N2/PPPP1PPP/R1BQK2R b KQkq - 5 6,6,27,36,1,0,0,Opening,7,6,2,2,2,2,2,2,1,1,1,1,2,0,0,0,0,0,0,2,2,0.91,e6,e7e6,e6,e7e6,0.84,0.93,9.000000000000007,True,12,19,saransh12387,Marcel_ZHU,1935,1940,1-0
r2qkb1r/pp3ppp/2n1pn2/1B6/6b1/2N2N2/PPPP1PPP/R1BQK2R w KQkq - 0 7,7,27,33,1,0,0,Opening,7,6,2,2,2,2,2,2,1,1,1,1,2,0,0,0,0,0,0,2,2,1.01,O-O,e1g1,Bxc6+,b5c6,0.96,0.63,32.99999999999999,False,12,19,saransh12387,Marcel_ZHU,1935,1940,1-0
r2qkb1r/pp3ppp/2n1pn2/1B6/6b1/2N2N2/PPPP1PPP/R1BQ1RK1 b kq - 1 7,7,27,39,1,1,0,Opening,7,6,2,2,2,2,2,2,1,1,1,1,2,0,0,0,0,0,0,2,2,0.61,Bd6,f8d6,Rc8,a8c8,0.69,0.87,18.000000000000004,False,12,19,saransh12387,Marcel_ZHU,1935,1940,1-0
r2qk2r/pp3ppp/2nbpn2/1B6/6b1/2N2N2/PPPP1PPP/R1BQ1RK1 w kq - 2 8,8,27,30,1,1,0,Opening,7,6,2,2,2,2,2,2,1,1,1,1,2,0,0,0,0,0,0,2,2,0.84,Bxc6+,b5c6,Bxc6+,b5c6,0.83,0.86,3.0000000000000027,True,12,19,saransh12387,Marcel_ZHU,1935,1940,1-0
r2qk2r/pp3ppp/2Bbpn2/8/6b1/2N2N2/PPPP1PPP/R1BQ1RK1 b kq - 0 8,8,26,5,4,1,0,Opening,7,6,2,1,2,2,2,2,1,1,1,1,2,0,0,0,0,0,0,2,2,0.87,bxc6,b7c6,bxc6,b7c6,0.8,0.81,1.0000000000000009,True,12,19,saransh12387,Marcel_ZHU,1935,1940,1-0
r2qk2r/p4ppp/2pbpn2/8/6b1/2N2N2/PPPP1PPP/R1BQ1RK1 w kq - 0 9,9,25,25,1,1,0,Opening,7,6,2,1,1,2,2,2,1,1,0,1,2,0,0,0,2,0,0,2,3,0.83,d3,d2d3,h3,h2h3,0.8,0.8,0.0,False,12,19,saransh12387,Marcel_ZHU,1935,1940,1-0
r2qk2r/p4ppp/2pbpn2/8/6b1/2NP1N2/PPP2PPP/R1BQ1RK1 b kq - 0 9,9,25,43,1,1,0,Opening,7,6,2,1,1,2,2,2,1,1,0,1,2,0,0,0,2,0,0,2,3,0.81,h6,h7h6,Qc7,d8c7,0.89,0.83,6.000000000000005,False,12,19,saransh12387,Marcel_ZHU,1935,1940,1-0
r2qk2r/p4pp1/2pbpn1p/8/6b1/2NP1N2/PPP2PPP/R1BQ1RK1 w kq - 0 10,10,25,31,1,1,0,Opening,7,6,2,1,1,2,2,2,1,1,0,1,2,0,0,0,2,0,0,2,3,0.87,h3,h2h3,h3,h2h3,0.79,0.84,4.999999999999993,True,12,19,saransh12387,Marcel_ZHU,1935,1940,1-0
r2qk2r/p4pp1/2pbpn1p/8/6b1/2NP1N1P/PPP2PP1/R1BQ1RK1 b kq - 0 10,10,25,44,1,1,0,Opening,7,6,2,1,1,2,2,2,1,1,0,1,2,0,0,0,2,0,0,2,3,0.82,Bh5,g4h5,Bh5,g4h5,0.83,0.8,2.9999999999999916,True,12,19,saransh12387,Marcel_ZHU,1935,1940,1-0
r2qk2r/p4pp1/2pbpn1p/7b/8/2NP1N1P/PPP2PP1/R1BQ1RK1 w kq - 1 11,11,25,32,1,1,0,Opening,7,6,2,1,1,2,2,2,1,1,0,1,2,0,0,0,2,0,0,2,3,0.87,Ne4,c3e4,Qe2,d1e2,0.95,0.69,26.0,False,12,19,saransh12387,Marcel_ZHU,1935,1940,1-0
r2qk2r/p4pp1/2pbpn1p/7b/4N3/3P1N1P/PPP2PP1/R1BQ1RK1 b kq - 2 11,11,25,42,1,1,0,Opening,7,6,2,1,1,2,2,2,1,1,0,1,2,0,0,0,2,0,0,2,3,0.61,Bc7,d6c7,Nxe4,f6e4,0.57,1.35,78.00000000000001,False,12,19,saransh12387,Marcel_ZHU,1935,1940,1-0
r2qk2r/p1b2pp1/2p1pn1p/7b/4N3/3P1N1P/PPP2PP1/R1BQ1RK1 w kq - 3 12,12,25,35,1,1,0,Opening,7,6,2,1,1,2,2,2,1,1,0,1,2,0,0,0,2,0,0,2,3,1.26,b3,b2b3,Ng3,e4g3,1.24,0.58,66.0,False,12,19,saransh12387,Marcel_ZHU,1935,1940,1-0
r2qk2r/p1b2pp1/2p1pn1p/7b/4N3/1P1P1N1P/P1P2PP1/R1BQ1RK1 b kq - 0 12,12,25,40,1,1,0,Opening,7,6,2,1,1,2,2,2,1,1,0,1,2,0,0,0,2,0,0,2,3,1.0,O-O,e8g8,Nxe4,f6e4,0.7,1.22,52.0,False,12,19,saransh12387,Marcel_ZHU,1935,1940,1-0
r2q1rk1/p1b2pp1/2p1pn1p/7b/4N3/1P1P1N1P/P1P2PP1/R1BQ1RK1 w - - 1 13,13,25,36,1,1,1,Opening,7,6,2,1,1,2,2,2,1,1,0,1,2,0,0,0,2,0,0,2,3,1.18,Bb2,c1b2,Ng3,e4g3,1.28,0.84,44.00000000000001,False,12,19,saransh12387,Marcel_ZHU,1935,1940,1-0
r2q1rk1/p1b2pp1/2p1pn1p/7b/4N3/1P1P1N1P/PBP2PP1/R2Q1RK1 b - - 2 13,13,25,37,1,1,1,Opening,7,6,2,1,1,2,2,2,1,1,0,1,2,0,0,0,2,0,0,2,3,0.79,Nxe4,f6e4,Nd5,f6d5,0.85,0.91,6.000000000000005,False,12,19,saransh12387,Marcel_ZHU,1935,1940,1-0
r2q1rk1/p1b2pp1/2p1p2p/7b/4n3/1P1P1N1P/PBP2PP1/R2Q1RK1 w - - 0 14,14,24,33,-2,1,1,Middlegame,7,6,1,1,1,2,2,2,1,1,0,1,2,0,0,0,2,0,0,2,3,0.93,dxe4,d3e4,dxe4,d3e4,0.99,1.02,3.0000000000000027,True,12,19,saransh12387,Marcel_ZHU,1935,1940,1-0
r2q1rk1/p1b2pp1/2p1p2p/7b/4P3/1P3N1P/PBP2PP1/R2Q1RK1 b - - 0 14,14,23,38,1,1,1,Middlegame,7,6,1,0,1,2,2,2,1,1,0,1,2,0,0,0,2,0,0,2,3,0.99,Qxd1,d8d1,Qxd1,d8d1,0.99,0.94,5.000000000000004,True,12,19,saransh12387,Marcel_ZHU,1935,1940,1-0
r4rk1/p1b2pp1/2p1p2p/7b/4P3/1P3N1P/PBP2PP1/R2q1RK1 w - - 0 15,15,22,29,-8,1,1,Middlegame,7,6,1,0,1,2,2,2,0,1,0,1,1,0,0,0,2,0,0,2,3,0.98,Rfxd1,f1d1,Rfxd1,f1d1,1.02,0.98,4.0000000000000036,True,12,19,saransh12387,Marcel_ZHU,1935,1940,1-0
r4rk1/p1b2pp1/2p1p2p/7b/4P3/1P3N1P/PBP2PP1/R2R2K1 b - - 0 15,15,21,30,1,1,1,Middlegame,7,6,1,0,1,2,2,2,0,0,0,1,0,0,0,0,2,0,0,2,3,0.99,Bxf3,h5f3,Rfd8,f8d8,0.94,1.61,67.00000000000001,False,12,19,saransh12387,Marcel_ZHU,1935,1940,1-0
r4rk1/p1b2pp1/2p1p2p/8/4P3/1P3b1P/PBP2PP1/R2R2K1 w - - 0 16,16,20,32,-2,1,1,Middlegame,7,6,0,0,1,2,2,2,0,0,0,1,0,0,0,0,2,0,0,2,3,1.6,gxf3,g2f3,gxf3,g2f3,1.69,1.72,3.0000000000000027,True,12,19,saransh12387,Marcel_ZHU,1935,1940,1-0
r4rk1/p1b2pp1/2p1p2p/8/4P3/1P3P1P/PBP2P2/R2R2K1 b - - 0 16,16,19,28,1,1,1,Middlegame,7,6,0,0,1,1,2,2,0,0,0,0,0,1,0,1,2,0,0,3,3,1.5,Rad8,a8d8,c5,c6c5,1.22,1.86,64.00000000000001,False,12,19,saransh12387,Marcel_ZHU,1935,1940,1-0
3r1rk1/p1b2pp1/2p1p2p/8/4P3/1P3P1P/PBP2P2/R2R2K1 w - - 1 17,17,19,31,1,1,1,Middlegame,7,6,0,0,1,1,2,2,0,0,0,0,0,1,0,1,2,0,0,3,3,1.85,Kg2,g1g2,Kf1,g1f1,1.82,1.59,23.0,False,12,19,saransh12387,Marcel_ZHU,1935,1940,1-0
3r1rk1/p1b2pp1/2p1p2p/8/4P3/1P3P1P/PBP2PK1/R2R4 b - - 2 17,17,19,31,1,0,1,Middlegame,7,6,0,0,1,1,2,2,0,0,0,0,0,1,0,1,2,0,0,3,3,1.65,Rxd1,d8d1,f5,f7f5,1.52,1.92,39.99999999999999,False,12,19,saransh12387,Marcel_ZHU,1935,1940,1-0
5rk1/p1b2pp1/2p1p2p/8/4P3/1P3P1P/PBP2PK1/R2r4 w - - 0 18,18,18,18,-4,0,1,Middlegame,7,6,0,0,1,1,1,2,0,0,0,0,0,1,0,1,2,0,0,3,3,1.87,Rxd1,a1d1,Rxd1,a1d1,1.58,1.46,12.00000000000001,True,12,19,saransh12387,Marcel_ZHU,1935,1940,1-0
5rk1/p1b2pp1/2p1p2p/8/4P3/1P3P1P/PBP2PK1/3R4 b - - 0 18,18,17,25,1,0,1,Middlegame,7,6,0,0,1,1,1,1,0,0,0,0,0,1,0,1,2,0,0,3,3,1.59,Rd8,f8d8,Rd8,f8d8,1.47,1.49,2.0000000000000018,True,12,19,saransh12387,Marcel_ZHU,1935,1940,1-0
3r2k1/p1b2pp1/2p1p2p/8/4P3/1P3P1P/PBP2PK1/3R4 w - - 1 19,19,17,33,1,0,1,Middlegame,7,6,0,0,1,1,1,1,0,0,0,0,0,1,0,1,2,0,0,3,3,1.41,Rxd8+,d1d8,Rxd8+,d1d8,1.5,1.5,0.0,True,12,19,saransh12387,Marcel_ZHU,1935,1940,1-0
3R2k1/p1b2pp1/2p1p2p/8/4P3/1P3P1P/PBP2PK1/8 b - - 0 19,19,16,2,6,0,1,Middlegame,7,6,0,0,1,1,1,0,0,0,0,0,0,1,0,1,2,0,0,3,3,1.44,Bxd8,c7d8,Bxd8,c7d8,1.53,1.54,1.0000000000000009,True,12,19,saransh12387,Marcel_ZHU,1935,1940,1-0
3b2k1/p4pp1/2p1p2p/8/4P3/1P3P1P/PBP2PK1/8 w - - 0 20,20,15,21,1,0,1,Middlegame,7,6,0,0,1,1,0,0,0,0,0,0,0,1,0,1,2,0,0,3,3,1.57,c4,c2c4,Kf1,g2f1,1.55,1.25,30.000000000000004,False,12,19,saransh12387,Marcel_ZHU,1935,1940,1-0
3b2k1/p4pp1/2p1p2p/8/2P1P3/1P3P1P/PB3PK1/8 b - - 0 20,20,15,19,1,0,1,Middlegame,7,6,0,0,1,1,0,0,0,0,0,0,0,1,0,1,2,0,0,3,3,1.3,Bb6,d8b6,Be7,d8e7,1.35,1.49,13.99999999999999,False,12,19,saransh12387,Marcel_ZHU,1935,1940,1-0
6k1/p4pp1/1bp1p2p/8/2P1P3/1P3P1P/PB3PK1/8 w - - 1 21,21,15,20,1,0,1,Middlegame,7,6,0,0,1,1,0,0,0,0,0,0,0,1,0,1,2,0,0,3,3,1.47,Kg3,g2g3,b4,b3b4,1.34,1.32,2.0000000000000018,False,12,19,saransh12387,Marcel_ZHU,1935,1940,1-0
6k1/p4pp1/1bp1p2p/8/2P1P3/1P3PKP/PB3P2/8 b - - 2 21,21,15,19,1,0,1,Middlegame,7,6,0,0,1,1,0,0,0,0,0,0,0,1,0,1,2,0,0,3,3,1.22,f6,f7f6,Bc7+,b6c7,1.12,1.19,6.999999999999984,False,12,19,saransh12387,Marcel_ZHU,1935,1940,1-0
6k1/p5p1/1bp1pp1p/8/2P1P3/1P3PKP/PB3P2/8 w - - 0 22,22,15,19,1,0,1,Middlegame,7,6,0,0,1,1,0,0,0,0,0,0,0,1,0,1,2,0,0,3,3,1.37,Bc1,b2c1,b4,b3b4,1.18,1.14,4.0000000000000036,False,12,19,saransh12387,Marcel_ZHU,1935,1940,1-0
6k1/p5p1/1bp1pp1p/8/2P1P3/1P3PKP/P4P2/2B5 b - - 1 22,22,15,19,1,0,1,Middlegame,7,6,0,0,1,1,0,0,0,0,0,0,0,1,0,1,2,0,0,3,3,1.09,e5,e6e5,Kf7,g8f7,1.13,1.88,75.0,False,12,19,saransh12387,Marcel_ZHU,1935,1940,1-0
6k1/p5p1/1bp2p1p/4p3/2P1P3/1P3PKP/P4P2/2B5 w - - 0 23,23,15,17,1,0,1,Middlegame,7,6,0,0,1,1,0,0,0,0,0,0,0,1,0,1,2,0,0,3,3,1.72,Be3,c1e3,f4,f3f4,1.72,0.19,153.0,False,12,19,saransh12387,Marcel_ZHU,1935,1940,1-0
6k1/p5p1/1bp2p1p/4p3/2P1P3/1P2BPKP/P4P2/8 b - - 1 23,23,15,17,1,0,1,Middlegame,7,6,0,0,1,1,0,0,0,0,0,0,0,1,0,1,2,0,0,3,3,0.13,c5,c6c5,Bxe3,b6e3,0.2,2.5,229.99999999999997,False,12,19,saransh12387,Marcel_ZHU,1935,1940,1-0
6k1/p5p1/1b3p1p/2p1p3/2P1P3/1P2BPKP/P4P2/8 w - - 0 24,24,15,16,1,0,1,Middlegame,7,6,0,0,1,1,0,0,0,0,0,0,0,1,0,1,2,0,0,3,3,2.75,Kg4,g3g4,f4,f3f4,2.65,1.76,88.99999999999999,False,12,19,saransh12387,Marcel_ZHU,1935,1940,1-0
6k1/p5p1/1b3p1p/2p1p3/2P1P1K1/1P2BP1P/P4P2/8 b - - 1 24,24,15,13,1,0,1,Middlegame,7,6,0,0,1,1,0,0,0,0,0,0,0,1,0,1,2,0,0,3,3,1.91,Kf7,g8f7,g5,g7g5,1.91,2.57,65.99999999999999,False,12,19,saransh12387,Marcel_ZHU,1935,1940,1-0
8/p4kp1/1b3p1p/2p1p3/2P1P1K1/1P2BP1P/P4P2/8 w - - 2 25,25,15,16,1,0,0,Middlegame,7,6,0,0,1,1,0,0,0,0,0,0,0,1,0,1,2,0,0,3,3,2.42,h4,h3h4,f4,f3f4,2.54,1.75,79.0,False,12,19,saransh12387,Marcel_ZHU,1935,1940,1-0
8/p4kp1/1b3p1p/2p1p3/2P1P1KP/1P2BP2/P4P2/8 b - - 0 25,25,15,15,1,0,0,Middlegame,7,6,0,0,1,1,0,0,0,0,0,0,0,1,0,1,2,0,0,3,3,1.96,Kg6,f7g6,g5,g7g5,1.77,3.9,213.0,False,12,19,saransh12387,Marcel_ZHU,1935,1940,1-0
8/p5p1/1b3pkp/2p1p3/2P1P1KP/1P2BP2/P4P2/8 w - - 1 26,26,15,14,1,0,0,Middlegame,7,6,0,0,1,1,0,0,0,0,0,0,0,1,0,1,2,0,0,3,3,3.79,h5+,h4h5,h5+,h4h5,4.18,4.38,20.000000000000018,True,12,19,saransh12387,Marcel_ZHU,1935,1940,1-0
8/p5p1/1b3pkp/2p1p2P/2P1P1K1/1P2BP2/P4P2/8 b - - 0 26,26,15,2,1,0,0,Middlegame,7,6,0,0,1,1,0,0,0,0,0,0,0,1,0,1,2,0,0,3,3,4.39,Kf7,g6f7,Kf7,g6f7,4.34,4.37,3.000000000000025,True,12,19,saransh12387,Marcel_ZHU,1935,1940,1-0
8/p4kp1/1b3p1p/2p1p2P/2P1P1K1/1P2BP2/P4P2/8 w - - 1 27,27,15,15,1,0,0,Middlegame,7,6,0,0,1,1,0,0,0,0,0,0,0,1,0,1,2,0,0,3,3,4.48,f4,f3f4,Kf5,g4f5,4.14,2.78,136.0,False,12,19,saransh12387,Marcel_ZHU,1935,1940,1-0
8/p4kp1/1b3p1p/2p1p2P/2P1PPK1/1P2B3/P4P2/8 b - - 0 27,27,15,14,1,0,0,Middlegame,7,6,0,0,1,1,0,0,0,0,0,0,0,1,0,1,2,0,0,3,3,2.83,Ke6,f7e6,Ke6,f7e6,2.71,3.07,35.999999999999986,True,12,19,saransh12387,Marcel_ZHU,1935,1940,1-0
8/p5p1/1b2kp1p/2p1p2P/2P1PPK1/1P2B3/P4P2/8 w - - 1 28,28,15,14,1,0,0,Middlegame,7,6,0,0,1,1,0,0,0,0,0,0,0,1,0,1,2,0,0,3,3,3.07,fxe5,f4e5,Kf3,g4f3,2.85,2.66,18.999999999999993,False,12,19,saransh12387,Marcel_ZHU,1935,1940,1-0
8/p5p1/1b2kp1p/2p1P2P/2P1P1K1/1P2B3/P4P2/8 b - - 0 28,28,14,13,2,0,0,Middlegame,7,5,0,0,1,1,0,0,0,0,0,0,0,1,0,1,2,0,0,3,3,2.83,Kxe5,e6e5,fxe5,f6e5,2.69,3.05,35.999999999999986,False,12,19,saransh12387,Marcel_ZHU,1935,1940,1-0
8/p5p1/1b3p1p/2p1k2P/2P1P1K1/1P2B3/P4P2/8 w - - 0 29,29,13,16,1,0,0,Middlegame,6,5,0,0,1,1,0,0,0,0,0,0,0,0,0,1,2,0,0,3,3,3.5,f3,f2f3,f3,f2f3,3.49,3.58,8.999999999999986,True,12,19,saransh12387,Marcel_ZHU,1935,1940,1-0
8/p5p1/1b3p1p/2p1k2P/2P1P1K1/1P2BP2/P7/8 b - - 0 29,29,13,10,1,0,0,Middlegame,6,5,0,0,1,1,0,0,0,0,0,0,0,0,0,1,2,0,0,3,3,3.9,a5,a7a5,a5,a7a5,4.14,4.21,7.000000000000028,True,12,19,saransh12387,Marcel_ZHU,1935,1940,1-0
8/6p1/1b3p1p/p1p1k2P/2P1P1K1/1P2BP2/P7/8 w - - 0 30,30,13,16,1,0,0,Middlegame,6,5,0,0,1,1,0,0,0,0,0,0,0,0,0,1,2,0,0,3,3,4.13,Kg3,g4g3,Bf2,e3f2,4.28,2.41,187.0,False,12,19,saransh12387,Marcel_ZHU,1935,1940,1-0
8/6p1/1b3p1p/p1p1k2P/2P1P3/1P2BPK1/P7/8 b - - 1 30,30,13,9,1,0,0,Middlegame,6,5,0,0,1,1,0,0,0,0,0,0,0,0,0,1,2,0,0,3,3,2.44,Ba7,b6a7,f5,f6f5,2.31,4.35,203.99999999999997,False,12,19,saransh12387,Marcel_ZHU,1935,1940,1-0
8/b5p1/5p1p/p1p1k2P/2P1P3/1P2BPK1/P7/8 w - - 2 31,31,13,19,1,0,0,Middlegame,6,5,0,0,1,1,0,0,0,0,0,0,0,0,0,1,2,0,0,3,3,4.38,Kf2,g3f2,Kg4,g3g4,4.62,2.91,171.0,False,12,19,saransh12387,Marcel_ZHU,1935,1940,1-0
8/b5p1/5p1p/p1p1k2P/2P1P3/1P2BP2/P4K2/8 b - - 3 31,31,13,8,1,0,0,Middlegame,6,5,0,0,1,1,0,0,0,0,0,0,0,0,0,1,2,0,0,3,3,3.03,Bb6,a7b6,f5,f6f5,3.12,2.67,45.000000000000014,False,12,19,saransh12387,Marcel_ZHU,1935,1940,1-0
8/6p1/1b3p1p/p1p1k2P/2P1P3/1P2BP2/P4K2/8 w - - 4 32,32,13,17,1,0,0,Middlegame,6,5,0,0,1,1,0,0,0,0,0,0,0,0,0,1,2,0,0,3,3,2.77,Kg3,f2g3,Bd2,e3d2,2.87,2.56,31.000000000000007,False,12,19,saransh12387,Marcel_ZHU,1935,1940,1-0
8/6p1/1b3p1p/p1p1k2P/2P1P3/1P2BPK1/P7/8 b - - 5 32,32,13,9,1,0,0,Middlegame,6,5,0,0,1,1,0,0,0,0,0,0,0,0,0,1,2,0,0,3,3,2.44,Ba7,b6a7,f5,f6f5,2.64,4.74,210.0,False,12,19,saransh12387,Marcel_ZHU,1935,1940,1-0
8/b5p1/5p1p/p1p1k2P/2P1P3/1P2BPK1/P7/8 w - - 6 33,33,13,19,1,0,0,Middlegame,6,5,0,0,1,1,0,0,0,0,0,0,0,0,0,1,2,0,0,3,3,4.81,Kf2,g3f2,Kg4,g3g4,4.94,3.22,172.00000000000003,False,12,19,saransh12387,Marcel_ZHU,1935,1940,1-0
8/b5p1/5p1p/p1p1k2P/2P1P3/1P2BP2/P4K2/8 b - - 7 33,33,13,8,1,0,0,Middlegame,6,5,0,0,1,1,0,0,0,0,0,0,0,0,0,1,2,0,0,3,3,3.24,Bb6,a7b6,Bb6,a7b6,3.25,3.28,2.9999999999999805,True,12,19,saransh12387,Marcel_ZHU,1935,1940,1-0
8/6p1/1b3p1p/p1p1k2P/2P1P3/1P2BP2/P4K2/8 w - - 8 34,34,13,17,1,0,0,Middlegame,6,5,0,0,1,1,0,0,0,0,0,0,0,0,0,1,2,0,0,3,3,3.22,Ke2,f2e2,Bd2,e3d2,3.15,2.65,50.0,False,12,19,saransh12387,Marcel_ZHU,1935,1940,1-0
8/6p1/1b3p1p/p1p1k2P/2P1P3/1P2BP2/P3K3/8 b - - 9 34,34,13,9,1,0,0,Middlegame,6,5,0,0,1,1,0,0,0,0,0,0,0,0,0,1,2,0,0,3,3,2.55,Ba7,b6a7,f5,f6f5,2.73,3.71,98.0,False,12,19,saransh12387,Marcel_ZHU,1935,1940,1-0
8/b5p1/5p1p/p1p1k2P/2P1P3/1P2BP2/P3K3/8 w - - 10 35,35,13,19,1,0,0,Middlegame,6,5,0,0,1,1,0,0,0,0,0,0,0,0,0,1,2,0,0,3,3,3.67,Kd3,e2d3,Bd2,e3d2,3.92,3.97,5.000000000000027,False,12,19,saransh12387,Marcel_ZHU,1935,1940,1-0
8/b5p1/5p1p/p1p1k2P/2P1P3/1P1KBP2/P7/8 b - - 11 35,35,13,8,1,0,0,Middlegame,6,5,0,0,1,1,0,0,0,0,0,0,0,0,0,1,2,0,0,3,3,3.89,Bb6,a7b6,Bb6,a7b6,3.92,3.97,5.000000000000027,True,12,19,saransh12387,Marcel_ZHU,1935,1940,1-0
8/6p1/1b3p1p/p1p1k2P/2P1P3/1P1KBP2/P7/8 w - - 12 36,36,13,17,1,0,0,Middlegame,6,5,0,0,1,1,0,0,0,0,0,0,0,0,0,1,2,0,0,3,3,3.98,f4+,f3f4,f4+,f3f4,4.06,4.09,3.000000000000025,True,12,19,saransh12387,Marcel_ZHU,1935,1940,1-0
8/6p1/1b3p1p/p1p1k2P/2P1PP2/1P1KB3/P7/8 b - - 0 36,36,13,2,1,0,0,Middlegame,6,5,0,0,1,1,0,0,0,0,0,0,0,0,0,1,2,0,0,3,3,4.09,Kd6,e5d6,Kd6,e5d6,4.02,3.95,6.99999999999994,True,12,19,saransh12387,Marcel_ZHU,1935,1940,1-0
8/6p1/1b1k1p1p/p1p4P/2P1PP2/1P1KB3/P7/8 w - - 1 37,37,13,15,1,0,0,Middlegame,6,5,0,0,1,1,0,0,0,0,0,0,0,0,0,1,2,0,0,3,3,3.94,Kc2,d3c2,Bf2,e3f2,3.93,3.74,18.999999999999993,False,12,19,saransh12387,Marcel_ZHU,1935,1940,1-0
8/6p1/1b1k1p1p/p1p4P/2P1PP2/1P2B3/P1K5/8 b - - 2 37,37,13,12,1,0,0,Middlegame,6,5,0,0,1,1,0,0,0,0,0,0,0,0,0,1,2,0,0,3,3,3.81,Ba7,b6a7,Bd8,b6d8,3.88,3.93,5.000000000000027,False,12,19,saransh12387,Marcel_ZHU,1935,1940,1-0
8/b5p1/3k1p1p/p1p4P/2P1PP2/1P2B3/P1K5/8 w - - 3 38,38,13,18,1,0,0,Middlegame,6,5,0,0,1,1,0,0,0,0,0,0,0,0,0,1,2,0,0,3,3,3.91,Kb2,c2b2,Kd3,c2d3,4.11,3.98,13.000000000000034,False,12,19,saransh12387,Marcel_ZHU,1935,1940,1-0
8/b5p1/3k1p1p/p1p4P/2P1PP2/1P2B3/PK6/8 b - - 4 38,38,13,11,1,0,0,Middlegame,6,5,0,0,1,1,0,0,0,0,0,0,0,0,0,1,2,0,0,3,3,4.0,Bb6,a7b6,Kc6,d6c6,4.09,3.87,21.999999999999975,False,12,19,saransh12387,Marcel_ZHU,1935,1940,1-0
8/6p1/1b1k1p1p/p1p4P/2P1PP2/1P2B3/PK6/8 w - - 5 39,39,13,17,1,0,0,Middlegame,6,5,0,0,1,1,0,0,0,0,0,0,0,0,0,1,2,0,0,3,3,4.0,Ka3,b2a3,Kc3,b2c3,4.32,4.14,18.00000000000006,False,12,19,saransh12387,Marcel_ZHU,1935,1940,1-0
8/6p1/1b1k1p1p/p1p4P/2P1PP2/KP2B3/P7/8 b - - 6 39,39,13,12,1,0,0,Middlegame,6,5,0,0,1,1,0,0,0,0,0,0,0,0,0,1,2,0,0,3,3,4.0,Kc6,d6c6,Ke7,d6e7,4.26,4.52,25.99999999999998,False,12,19,saransh12387,Marcel_ZHU,1935,1940,1-0
8/6p1/1bk2p1p/p1p4P/2P1PP2/KP2B3/P7/8 w - - 7 40,40,13,11,1,0,0,Middlegame,6,5,0,0,1,1,0,0,0,0,0,0,0,0,0,1,2,0,0,3,3,4.72,Ka4,a3a4,Ka4,a3a4,4.85,4.84,0.9999999999999787,True,12,19,saransh12387,Marcel_ZHU,1935,1940,1-0
8/6p1/1bk2p1p/p1p4P/K1P1PP2/1P2B3/P7/8 b - - 8 40,40,13,10,1,0,0,Middlegame,6,5,0,0,1,1,0,0,0,0,0,0,0,0,0,1,2,0,0,3,3,4.67,Bc7,b6c7,Bc7,b6c7,4.78,4.91,12.99999999999999,True,12,19,saransh12387,Marcel_ZHU,1935,1940,1-0
8/2b3p1/2k2p1p/p1p4P/K1P1PP2/1P2B3/P7/8 w - - 9 41,41,13,11,1,0,0,Middlegame,6,5,0,0,1,1,0,0,0,0,0,0,0,0,0,1,2,0,0,3,3,4.93,Bd2,e3d2,Bd2,e3d2,4.95,4.75,20.000000000000018,True,12,19,saransh12387,Marcel_ZHU,1935,1940,1-0
8/2b3p1/2k2p1p/p1p4P/K1P1PP2/1P6/P2B4/8 b - - 10 41,41,13,13,1,0,0,Middlegame,6,5,0,0,1,1,0,0,0,0,0,0,0,0,0,1,2,0,0,3,3,4.89,Kb7,c6b7,Kd6,c6d6,4.96,5.4,44.00000000000004,False,12,19,saransh12387,Marcel_ZHU,1935,1940,1-0
8/1kb3p1/5p1p/p1p4P/K1P1PP2/1P6/P2B4/8 w - - 11 42,42,13,12,1,0,0,Middlegame,6,5,0,0,1,1,0,0,0,0,0,0,0,0,0,1,2,0,0,3,3,5.69,Kb5,a4b5,Kb5,a4b5,5.75,5.79,4.0000000000000036,True,12,19,saransh12387,Marcel_ZHU,1935,1940,1-0
8/1kb3p1/5p1p/pKp4P/2P1PP2/1P6/P2B4/8 b - - 12 42,42,13,14,1,0,0,Middlegame,6,5,0,0,1,1,0,0,0,0,0,0,0,0,0,1,2,0,0,3,3,5.85,Bb6,c7b6,Bb6,c7b6,5.96,5.98,2.000000000000046,True,12,19,saransh12387,Marcel_ZHU,1935,1940,1-0
8/1k4p1/1b3p1p/pKp4P/2P1PP2/1P6/P2B4/8 w - - 13 43,43,13,12,1,0,0,Middlegame,6,5,0,0,1,1,0,0,0,0,0,0,0,0,0,1,2,0,0,3,3,5.93,Bxa5,d2a5,f5,f4f5,6.08,6.36,28.000000000000025,False,12,19,saransh12387,Marcel_ZHU,1935,1940,1-0
8/1k4p1/1b3p1p/BKp4P/2P1PP2/1P6/P7/8 b - - 0 43,43,12,12,2,0,0,Middlegame,6,4,0,0,1,1,0,0,0,0,0,0,0,0,0,1,1,1,0,3,2,6.13,Bxa5,b6a5,Bxa5,b6a5,6.29,6.77,47.99999999999996,True,12,19,saransh12387,Marcel_ZHU,1935,1940,1-0
8/1k4p1/5p1p/bKp4P/2P1PP2/1P6/P7/8 w - - 0 44,44,11,8,-1,0,0,Middlegame,6,4,0,0,0,1,0,0,0,0,0,0,0,0,0,1,1,1,0,3,2,6.53,Kxa5,b5a5,Kxa5,b5a5,7.02,7.02,0.0,True,12,19,saransh12387,Marcel_ZHU,1935,1940,1-0
8/1k4p1/5p1p/K1p4P/2P1PP2/1P6/P7/8 b - - 0 44,44,10,9,2,0,0,Endgame,6,4,0,0,0,0,0,0,0,0,0,0,0,0,0,1,1,1,0,3,2,7.05,Kc6,b7c6,Kc7,b7c7,7.04,6.85,19.00000000000004,False,12,19,saransh12387,Marcel_ZHU,1935,1940,1-0
8/6p1/2k2p1p/K1p4P/2P1PP2/1P6/P7/8 w - - 1 45,45,10,7,2,0,0,Endgame,6,4,0,0,0,0,0,0,0,0,0,0,0,0,0,1,1,1,0,3,2,6.97,a4,a2a4,f5,f4f5,6.99,7.12,12.99999999999999,False,12,19,saransh12387,Marcel_ZHU,1935,1940,1-0
8/6p1/2k2p1p/K1p4P/P1P1PP2/1P6/8/8 b - - 0 45,45,10,7,2,0,0,Endgame,6,4,0,0,0,0,0,0,0,0,0,0,0,0,0,1,1,1,0,3,2,7.28,Kb7,c6b7,Kb7,c6b7,7.37,7.96,58.999999999999986,True,12,19,saransh12387,Marcel_ZHU,1935,1940,1-0
8/1k4p1/5p1p/K1p4P/P1P1PP2/1P6/8/8 w - - 1 46,46,10,4,2,0,0,Endgame,6,4,0,0,0,0,0,0,0,0,0,0,0,0,0,1,1,1,0,3,2,8.0,Kb5,a5b5,Kb5,a5b5,7.98,7.98,0.0,True,12,19,saransh12387,Marcel_ZHU,1935,1940,1-0
8/1k4p1/5p1p/1Kp4P/P1P1PP2/1P6/8/8 b - - 2 46,46,10,8,2,0,0,Endgame,6,4,0,0,0,0,0,0,0,0,0,0,0,0,0,1,1,1,0,3,2,7.98,Kc7,b7c7,f5,f6f5,8.58,8.58,0.0,False,12,19,saransh12387,Marcel_ZHU,1935,1940,1-0
8/2k3p1/5p1p/1Kp4P/P1P1PP2/1P6/8/8 w - - 3 47,47,10,7,2,0,0,Endgame,6,4,0,0,0,0,0,0,0,0,0,0,0,0,0,1,1,1,0,3,2,8.49,Kxc5,b5c5,f5,f4f5,8.54,8.19,34.999999999999964,False,12,19,saransh12387,Marcel_ZHU,1935,1940,1-0
8/2k3p1/5p1p/2K4P/P1P1PP2/1P6/8/8 b - - 0 47,47,9,8,3,0,0,Endgame,6,3,0,0,0,0,0,0,0,0,0,0,0,0,0,1,0,3,0,3,1,8.55,Kb7,c7b7,f5,f6f5,8.99,9.94,94.99999999999993,False,12,19,saransh12387,Marcel_ZHU,1935,1940,1-0
8/1k4p1/5p1p/2K4P/P1P1PP2/1P6/8/8 w - - 1 48,48,9,9,3,0,0,Endgame,6,3,0,0,0,0,0,0,0,0,0,0,0,0,0,1,0,3,0,3,1,9.23,b4,b3b4,f5,f4f5,11.14,9.48,166.0,False,12,19,saransh12387,Marcel_ZHU,1935,1940,1-0
8/1k4p1/5p1p/2K4P/PPP1PP2/8/8/8 b - - 0 48,48,9,9,3,0,0,Endgame,6,3,0,0,0,0,0,0,0,0,0,0,0,0,0,1,0,3,0,3,1,9.13,Ka6,b7a6,g6,g7g6,9.98,11.07,108.99999999999999,False,12,19,saransh12387,Marcel_ZHU,1935,1940,1-0
8/6p1/k4p1p/2K4P/PPP1PP2/8/8/8 w - - 1 49,49,9,8,3,0,0,Endgame,6,3,0,0,0,0,0,0,0,0,0,0,0,0,0,1,0,3,0,3,1,10.96,Kd6,c5d6,f5,f4f5,12.54,9.98,255.9999999999999,False,12,19,saransh12387,Marcel_ZHU,1935,1940,1-0
8/6p1/k2K1p1p/7P/PPP1PP2/8/8/8 b - - 2 49,49,9,6,3,0,0,Endgame,6,3,0,0,0,0,0,0,0,0,0,0,0,0,0,1,0,3,0,3,1,10.45,Kb6,a6b6,Kb7,a6b7,10.36,12.71,235.00000000000014,False,12,19,saransh12387,Marcel_ZHU,1935,1940,1-0
8/6p1/1k1K1p1p/7P/PPP1PP2/8/8/8 w - - 3 50,50,9,9,3,0,0,Endgame,6,3,0,0,0,0,0,0,0,0,0,0,0,0,0,1,0,3,0,3,1,12.94,c5+,c4c5,a5+,a4a5,13.54,8.87,467.0,False,12,19,saransh12387,Marcel_ZHU,1935,1940,1-0
8/6p1/1k1K1p1p/2P4P/PP2PP2/8/8/8 b - - 0 50,50,9,3,3,0,0,Endgame,6,3,0,0,0,0,0,0,0,0,0,0,0,0,0,1,0,3,0,3,1,8.88,Kb7,b6b7,Kb7,b6b7,10.35,10.2,15.000000000000036,True,12,19,saransh12387,Marcel_ZHU,1935,1940,1-0
8/1k4p1/3K1p1p/2P4P/PP2PP2/8/8/8 w - - 1 51,51,9,9,3,0,0,Endgame,6,3,0,0,0,0,0,0,0,0,0,0,0,0,0,1,0,3,0,3,1,13.34,Kd7,d6d7,f5,f4f5,14.24,9.49,475.0,False,12,19,saransh12387,Marcel_ZHU,1935,1940,1-0
8/1k1K2p1/5p1p/2P4P/PP2PP2/8/8/8 b - - 2 51,51,9,7,3,0,0,Endgame,6,3,0,0,0,0,0,0,0,0,0,0,0,0,0,1,0,3,0,3,1,9.81,Kb8,b7b8,f5,f6f5,10000.0,10000.0,0.0,False,12,19,saransh12387,Marcel_ZHU,1935,1940,1-0
1k6/3K2p1/5p1p/2P4P/PP2PP2/8/8/8 w - - 3 52,52,9,11,3,0,0,Endgame,6,3,0,0,0,0,0,0,0,0,0,0,0,0,0,1,0,3,0,3,1,10000.0,c6,c5c6,c6,c5c6,10000.0,10000.0,0.0,True,12,19,saransh12387,Marcel_ZHU,1935,1940,1-0
1k6/3K2p1/2P2p1p/7P/PP2PP2/8/8/8 b - - 0 52,52,9,5,3,0,0,Endgame,6,3,0,0,0,0,0,0,0,0,0,0,0,0,0,1,0,3,0,3,1,10000.0,Ka7,b8a7,f5,f6f5,10000.0,10000.0,0.0,False,12,19,saransh12387,Marcel_ZHU,1935,1940,1-0
8/k2K2p1/2P2p1p/7P/PP2PP2/8/8/8 w - - 1 53,53,9,12,3,0,0,Endgame,6,3,0,0,0,0,0,0,0,0,0,0,0,0,0,1,0,3,0,3,1,10000.0,c7,c6c7,c7,c6c7,10000.0,10000.0,0.0,True,12,19,saransh12387,Marcel_ZHU,1935,1940,1-0
rnbqkbnr/pppppppp/8/8/8/8/PPPPPPPP/RNBQKBNR w KQkq - 0 1,1,30,20,0,0,0,Opening,8,8,2,2,2,2,2,2,1,1,1,1,2,0,0,0,0,0,0,1,1,0.41,e4,e2e4,e4,e2e4,0.37,0.39,2.0000000000000018,True,12,20,saransh12387,snatch71,1933,1952,0-1
rnbqkbnr/pppppppp/8/8/4P3/8/PPPP1PPP/RNBQKBNR b KQkq - 0 1,1,30,20,0,0,0,Opening,8,8,2,2,2,2,2,2,1,1,1,1,2,0,0,0,0,0,0,1,1,0.37,e5,e7e5,e6,e7e6,0.43,0.33,9.999999999999998,False,12,20,saransh12387,snatch71,1933,1952,0-1
rnbqkbnr/pppp1ppp/8/4p3/4P3/8/PPPP1PPP/RNBQKBNR w KQkq - 0 2,2,30,29,0,0,0,Opening,8,8,2,2,2,2,2,2,1,1,1,1,2,0,0,0,0,0,0,1,1,0.3,Nf3,g1f3,Nf3,g1f3,0.29,0.3,1.0000000000000009,True,12,20,saransh12387,snatch71,1933,1952,0-1
rnbqkbnr/pppp1ppp/8/4p3/4P3/5N2/PPPP1PPP/RNBQKB1R b KQkq - 1 2,2,30,29,0,0,0,Opening,8,8,2,2,2,2,2,2,1,1,1,1,2,0,0,0,0,0,0,1,1,0.29,Nc6,b8c6,Nc6,b8c6,0.26,0.3,3.9999999999999982,True,12,20,saransh12387,snatch71,1933,1952,0-1
r1bqkbnr/pppp1ppp/2n5/4p3/4P3/5N2/PPPP1PPP/RNBQKB1R w KQkq - 2 3,3,30,27,0,0,0,Opening,8,8,2,2,2,2,2,2,1,1,1,1,2,0,0,0,0,0,0,1,1,0.29,Bc4,f1c4,Bb5,f1b5,0.26,0.24,2.0000000000000018,False,12,20,saransh12387,snatch71,1933,1952,0-1
r1bqkbnr/pppp1ppp/2n5/4p3/2B1P3/5N2/PPPP1PPP/RNBQK2R b KQkq - 3 3,3,30,31,0,0,0,Opening,8,8,2,2,2,2,2,2,1,1,1,1,2,0,0,0,0,0,0,1,1,0.25,f5,f7f5,Nf6,g8f6,0.2,1.07,87.00000000000001,False,12,20,saransh12387,snatch71,1933,1952,0-1
r1bqkbnr/pppp2pp/2n5/4pp2/2B1P3/5N2/PPPP1PPP/RNBQK2R w KQkq - 0 4,4,30,35,0,0,0,Opening,8,8,2,2,2,2,2,2,1,1,1,1,2,0,0,0,0,0,0,1,1,1.06,exf5,e4f5,d3,d2d3,1.05,0.0,105.0,False,12,20,saransh12387,snatch71,1933,1952,0-1
r1bqkbnr/pppp2pp/2n5/4pP2/2B5/5N2/PPPP1PPP/RNBQK2R b KQkq - 0 4,4,29,30,1,0,0,Opening,8,7,2,2,2,2,2,2,1,1,1,1,2,1,0,0,0,0,0,2,2,-0.01,e4,e5e4,e4,e5e4,-0.15,-0.14,0.9999999999999981,True,12,20,saransh12387,snatch71,1933,1952,0-1
r1bqkbnr/pppp2pp/2n5/5P2/2B1p3/5N2/PPPP1PPP/RNBQK2R w KQkq - 0 5,5,29,35,1,0,0,Opening,8,7,2,2,2,2,2,2,1,1,1,1,2,1,0,0,0,0,0,2,2,-0.15,Qe2,d1e2,Nd4,f3d4,-0.18,-1.48,130.0,False,12,20,saransh12387,snatch71,1933,1952,0-1
r1bqkbnr/pppp2pp/2n5/5P2/2B1p3/5N2/PPPPQPPP/RNB1K2R b KQkq - 1 5,5,29,31,1,0,0,Opening,8,7,2,2,2,2,2,2,1,1,1,1,2,1,0,0,0,0,0,2,2,-1.56,Qe7,d8e7,Qe7,d8e7,-1.22,-1.17,5.000000000000004,True,12,20,saransh12387,snatch71,1933,1952,0-1
r1b1kbnr/ppppq1pp/2n5/5P2/2B1p3/5N2/PPPPQPPP/RNB1K2R w KQkq - 2 6,6,29,37,1,0,0,Opening,8,7,2,2,2,2,2,2,1,1,1,1,2,1,0,0,0,0,0,2,2,-1.29,Ng1,f3g1,Ng1,f3g1,-1.42,-1.32,9.999999999999986,True,12,20,saransh12387,snatch71,1933,1952,0-1
r1b1kbnr/ppppq1pp/2n5/5P2/2B1p3/8/PPPPQPPP/RNB1K1NR b KQkq - 3 6,6,29,32,1,0,0,Opening,8,7,2,2,2,2,2,2,1,1,1,1,2,1,0,0,0,0,0,2,2,-1.49,Nf6,g8f6,Nf6,g8f6,-1.61,-1.37,24.0,True,12,20,saransh12387,snatch71,1933,1952,0-1
r1b1kb1r/ppppq1pp/2n2n2/5P2/2B1p3/8/PPPPQPPP/RNB1K1NR w KQkq - 4 7,7,29,35,1,0,0,Opening,8,7,2,2,2,2,2,2,1,1,1,1,2,1,0,0,0,0,0,2,2,-1.39,Nc3,b1c3,Nc3,b1c3,-1.34,-1.44,9.999999999999986,True,12,20,saransh12387,snatch71,1933,1952,0-1
r1b1kb1r/ppppq1pp/2n2n2/5P2/2B1p3/2N5/PPPPQPPP/R1B1K1NR b KQkq - 5 7,7,29,32,1,0,0,Opening,8,7,2,2,2,2,2,2,1,1,1,1,2,1,0,0,0,0,0,2,2,-1.33,Nd4,c6d4,Nd4,c6d4,-1.33,-1.42,8.999999999999986,True,12,20,saransh12387,snatch71,1933,1952,0-1
r1b1kb1r/ppppq1pp/5n2/5P2/2Bnp3/2N5/PPPPQPPP/R1B1K1NR w KQkq - 6 8,8,29,38,1,0,0,Opening,8,7,2,2,2,2,2,2,1,1,1,1,2,1,0,0,0,0,0,2,2,-1.4,Qd1,e2d1,Qd1,e2d1,-1.42,-1.42,0.0,True,12,20,saransh12387,snatch71,1933,1952,0-1
r1b1kb1r/ppppq1pp/5n2/5P2/2Bnp3/2N5/PPPP1PPP/R1BQK1NR b KQkq - 7 8,8,29,36,1,0,0,Opening,8,7,2,2,2,2,2,2,1,1,1,1,2,1,0,0,0,0,0,2,2,-1.42,c6,c7c6,d5,d7d5,-1.32,-1.25,7.000000000000006,False,12,20,saransh12387,snatch71,1933,1952,0-1
r1b1kb1r/pp1pq1pp/2p2n2/5P2/2Bnp3/2N5/PPPP1PPP/R1BQK1NR w KQkq - 0 9,9,29,36,1,0,0,Opening,8,7,2,2,2,2,2,2,1,1,1,1,2,1,0,0,0,0,0,2,2,-1.29,Nge2,g1e2,Nge2,g1e2,-1.43,-1.37,5.999999999999983,True,12,20,saransh12387,snatch71,1933,1952,0-1
r1b1kb1r/pp1pq1pp/2p2n2/5P2/2Bnp3/2N5/PPPPNPPP/R1BQK2R b KQkq - 1 9,9,29,34,1,0,0,Opening,8,7,2,2,2,2,2,2,1,1,1,1,2,1,0,0,0,0,0,2,2,-1.35,Nxf5,d4f5,Nxf5,d4f5,-1.28,-1.42,13.99999999999999,True,12,20,saransh12387,snatch71,1933,1952,0-1
r1b1kb1r/pp1pq1pp/2p2n2/5n2/2B1p3/2N5/PPPPNPPP/R1BQK2R w KQkq - 0 10,10,28,34,0,0,0,Opening,7,7,2,2,2,2,2,2,1,1,1,1,2,0,0,0,0,0,0,2,2,-1.41,d4,d2d4,O-O,e1g1,-1.41,-2.2,79.00000000000003,False,12,20,saransh12387,snatch71,1933,1952,0-1
r1b1kb1r/pp1pq1pp/2p2n2/5n2/2BPp3/2N5/PPP1NPPP/R1BQK2R b KQkq d3 0 10,10,28,34,0,0,0,Opening,7,7,2,2,2,2,2,2,1,1,1,1,2,0,0,0,0,0,0,2,2,-1.62,d5,d7d5,d5,d7d5,-1.6,-1.55,5.000000000000004,True,12,20,saransh12387,snatch71,1933,1952,0-1
r1b1kb1r/pp2q1pp/2p2n2/3p1n2/2BPp3/2N5/PPP1NPPP/R1BQK2R w KQkq - 0 11,11,28,36,0,0,0,Opening,7,7,2,2,2,2,2,2,1,1,1,1,2,0,0,0,0,0,0,2,2,-1.59,Bb3,c4b3,Bb3,c4b3,-1.62,-1.62,0.0,True,12,20,saransh12387,snatch71,1933,1952,0-1
r1b1kb1r/pp2q1pp/2p2n2/3p1n2/3Pp3/1BN5/PPP1NPPP/R1BQK2R b KQkq - 1 11,11,28,37,0,0,0,Opening,7,7,2,2,2,2,2,2,1,1,1,1,2,0,0,0,0,0,0,2,2,-1.75,Be6,c8e6,Nh4,f5h4,-1.6,-1.27,33.00000000000001,False,12,20,saransh12387,snatch71,1933,1952,0-1
r3kb1r/pp2q1pp/2p1bn2/3p1n2/3Pp3/1BN5/PPP1NPPP/R1BQK2R w KQkq - 2 12,12,28,32,0,0,0,Opening,7,7,2,2,2,2,2,2,1,1,1,1,2,0,0,0,0,0,0,2,2,-1.36,Nf4,e2f4,O-O,e1g1,-1.38,-1.97,59.00000000000001,False,12,20,saransh12387,snatch71,1933,1952,0-1
r3kb1r/pp2q1pp/2p1bn2/3p1n2/3PpN2/1BN5/PPP2PPP/R1BQK2R b KQkq - 3 12,12,28,40,0,0,0,Opening,7,7,2,2,2,2,2,2,1,1,1,1,2,0,0,0,0,0,0,2,2,-1.78,Bf7,e6f7,Bd7,e6d7,-2.05,-1.95,9.999999999999986,False,12,20,saransh12387,snatch71,1933,1952,0-1
r3kb1r/pp2qbpp/2p2n2/3p1n2/3PpN2/1BN5/PPP2PPP/R1BQK2R w KQkq - 4 13,13,28,38,0,0,0,Opening,7,7,2,2,2,2,2,2,1,1,1,1,2,0,0,0,0,0,0,2,2,-1.95,O-O,e1g1,O-O,e1g1,-1.98,-1.91,7.000000000000006,True,12,20,saransh12387,snatch71,1933,1952,0-1
r3kb1r/pp2qbpp/2p2n2/3p1n2/3PpN2/1BN5/PPP2PPP/R1BQ1RK1 b kq - 5 13,13,28,40,0,1,0,Opening,7,7,2,2,2,2,2,2,1,1,1,1,2,0,0,0,0,0,0,2,2,-1.89,g5,g7g5,g5,g7g5,-2.01,-2.14,13.000000000000034,True,12,20,saransh12387,snatch71,1933,1952,0-1
r3kb1r/pp2qb1p/2p2n2/3p1np1/3PpN2/1BN5/PPP2PPP/R1BQ1RK1 w kq - 0 14,14,28,35,0,1,0,Opening,7,7,2,2,2,2,2,2,1,1,1,1,2,0,0,0,0,0,0,2,2,-2.08,Nfe2,f4e2,Nfxd5,f4d5,-2.0,-2.18,18.000000000000014,False,12,20,saransh12387,snatch71,1933,1952,0-1
r3kb1r/pp2qb1p/2p2n2/3p1np1/3Pp3/1BN5/PPP1NPPP/R1BQ1RK1 b kq - 1 14,14,28,42,0,1,0,Opening,7,7,2,2,2,2,2,2,1,1,1,1,2,0,0,0,0,0,0,2,2,-2.28,h6,h7h6,Bh5,f7h5,-2.2,-1.29,91.00000000000001,False,12,20,saransh12387,snatch71,1933,1952,0-1
r3kb1r/pp2qb2/2p2n1p/3p1np1/3Pp3/1BN5/PPP1NPPP/R1BQ1RK1 w kq - 0 15,15,28,28,0,1,0,Opening,7,7,2,2,2,2,2,2,1,1,1,1,2,0,0,0,0,0,0,2,2,-1.12,f3,f2f3,Ng3,e2g3,-1.09,-1.69,59.999999999999986,False,12,20,saransh12387,snatch71,1933,1952,0-1
r3kb1r/pp2qb2/2p2n1p/3p1np1/3Pp3/1BN2P2/PPP1N1PP/R1BQ1RK1 b kq - 0 15,15,28,42,0,1,0,Opening,7,7,2,2,2,2,2,2,1,1,1,1,2,0,0,0,0,0,0,2,2,-1.87,e3,e4e3,exf3,e4f3,-1.85,-0.57,128.00000000000003,False,12,20,saransh12387,snatch71,1933,1952,0-1
r3kb1r/pp2qb2/2p2n1p/3p1np1/3P4/1BN1pP2/PPP1N1PP/R1BQ1RK1 w kq - 0 16,16,28,26,0,1,0,Opening,7,7,2,2,2,2,2,2,1,1,1,1,2,0,0,0,0,0,1,2,2,-0.67,Na4,c3a4,Qd3,d1d3,-0.51,-1.88,137.0,False,12,20,saransh12387,snatch71,1933,1952,0-1
r3kb1r/pp2qb2/2p2n1p/3p1np1/N2P4/1B2pP2/PPP1N1PP/R1BQ1RK1 b kq - 1 16,16,28,41,0,1,0,Opening,7,7,2,2,2,2,2,2,1,1,1,1,2,0,0,0,0,0,1,2,2,-1.82,Nd7,f6d7,O-O-O,e8c8,-1.97,0.07,204.0,False,12,20,saransh12387,snatch71,1933,1952,0-1
r3kb1r/pp1nqb2/2p4p/3p1np1/N2P4/1B2pP2/PPP1N1PP/R1BQ1RK1 w kq - 2 17,17,28,25,0,1,0,Opening,7,7,2,2,2,2,2,2,1,1,1,1,2,0,0,0,0,0,1,2,2,-0.4,Re1,f1e1,Qd3,d1d3,-0.63,-1.43,80.0,False,12,20,saransh12387,snatch71,1933,1952,0-1
r3kb1r/pp1nqb2/2p4p/3p1np1/N2P4/1B2pP2/PPP1N1PP/R1BQR1K1 b kq - 3 17,17,28,38,0,1,0,Opening,7,7,2,2,2,2,2,2,1,1,1,1,2,0,0,0,0,0,1,2,2,-1.24,O-O-O,e8c8,O-O-O,e8c8,-0.87,-0.71,16.000000000000004,True,12,20,saransh12387,snatch71,1933,1952,0-1
2kr1b1r/pp1nqb2/2p4p/3p1np1/N2P4/1B2pP2/PPP1N1PP/R1BQR1K1 w - - 4 18,18,28,24,0,1,1,Opening,7,7,2,2,2,2,2,2,1,1,1,1,2,0,0,0,0,0,1,2,2,-0.53,Nec3,e2c3,c3,c2c3,-0.7,-2.25,155.0,False,12,20,saransh12387,snatch71,1933,1952,0-1
2kr1b1r/pp1nqb2/2p4p/3p1np1/N2P4/1BN1pP2/PPP3PP/R1BQR1K1 b - - 5 18,18,28,38,0,1,1,Opening,7,7,2,2,2,2,2,2,1,1,1,1,2,0,0,0,0,0,1,2,2,-2.22,Re8,d8e8,Qf6,e7f6,-1.95,-2.09,13.99999999999999,False,12,20,saransh12387,snatch71,1933,1952,0-1
2k1rb1r/pp1nqb2/2p4p/3p1np1/N2P4/1BN1pP2/PPP3PP/R1BQR1K1 w - - 6 19,19,28,26,0,1,1,Opening,7,7,2,2,2,2,2,2,1,1,1,1,2,0,0,0,0,0,1,2,2,-2.0,g4,g2g4,Qd3,d1d3,-2.04,-3.95,191.0,False,12,20,saransh12387,snatch71,1933,1952,0-1
2k1rb1r/pp1nqb2/2p4p/3p1np1/N2P2P1/1BN1pP2/PPP4P/R1BQR1K1 b - - 0 19,19,28,37,0,1,1,Opening,7,7,2,2,2,2,2,2,1,1,1,1,2,0,0,0,0,0,1,2,2,-3.0,Nh4,f5h4,Nh4,f5h4,-3.22,-3.11,11.000000000000032,True,12,20,saransh12387,snatch71,1933,1952,0-1
2k1rb1r/pp1nqb2/2p4p/3p2p1/N2P2Pn/1BN1pP2/PPP4P/R1BQR1K1 w - - 1 20,20,28,23,0,1,1,Opening,7,7,2,2,2,2,2,2,1,1,1,1,2,0,0,0,0,0,1,2,2,-3.11,Rxe3,e1e3,Rxe3,e1e3,-3.31,-3.11,20.000000000000018,True,12,20,saransh12387,snatch71,1933,1952,0-1
2k1rb1r/pp1nqb2/2p4p/3p2p1/N2P2Pn/1BN1RP2/PPP4P/R1BQ2K1 b - - 0 20,20,27,36,1,1,1,Opening,7,6,2,2,2,2,2,2,1,1,1,1,2,0,0,0,0,0,0,2,2,-3.21,Qf6,e7f6,Qf6,e7f6,-3.25,-3.32,6.999999999999984,True,12,20,saransh12387,snatch71,1933,1952,0-1
2k1rb1r/pp1n1b2/2p2q1p/3p2p1/N2P2Pn/1BN1RP2/PPP4P/R1BQ2K1 w - - 1 21,21,27,30,1,1,1,Opening,7,6,2,2,2,2,2,2,1,1,1,1,2,0,0,0,0,0,0,2,2,-3.29,Kf2,g1f2,Rxe8+,e3e8,-3.25,-4.49,124.00000000000003,False,12,20,saransh12387,snatch71,1933,1952,0-1
2k1rb1r/pp1n1b2/2p2q1p/3p2p1/N2P2Pn/1BN1RP2/PPP2K1P/R1BQ4 b - - 2 21,21,27,46,1,0,1,Opening,7,6,2,2,2,2,2,2,1,1,1,1,2,0,0,0,0,0,0,2,2,-4.35,Rxe3,e8e3,Bd6,f8d6,-4.42,-4.41,0.9999999999999787,False,12,20,saransh12387,snatch71,1933,1952,0-1
2k2b1r/pp1n1b2/2p2q1p/3p2p1/N2P2Pn/1BN1rP2/PPP2K1P/R1BQ4 w - - 0 22,22,26,26,-4,0,1,Opening,7,6,2,2,2,2,1,2,1,1,1,1,2,0,0,0,0,0,0,2,2,-4.63,Bxe3,c1e3,Bxe3,c1e3,-4.67,-4.62,4.999999999999982,True,12,20,saransh12387,snatch71,1933,1952,0-1
2k2b1r/pp1n1b2/2p2q1p/3p2p1/N2P2Pn/1BN1BP2/PPP2K1P/R2Q4 b - - 0 22,22,25,41,1,0,1,Opening,7,6,2,2,2,2,1,1,1,1,1,1,2,0,0,0,0,0,0,2,2,-4.86,Bd6,f8d6,h5,h6h5,-4.65,-4.3,35.00000000000006,False,12,20,saransh12387,snatch71,1933,1952,0-1
2k4r/pp1n1b2/2pb1q1p/3p2p1/N2P2Pn/1BN1BP2/PPP2K1P/R2Q4 w - - 1 23,23,25,31,1,0,1,Opening,7,6,2,2,2,2,1,1,1,1,1,1,2,0,0,0,0,0,0,2,2,-4.28,Nc5,a4c5,Qh1,d1h1,-4.62,-4.41,20.999999999999996,False,12,20,saransh12387,snatch71,1933,1952,0-1
2k4r/pp1n1b2/2pb1q1p/2Np2p1/3P2Pn/1BN1BP2/PPP2K1P/R2Q4 b - - 2 23,23,25,46,1,0,1,Opening,7,6,2,2,2,2,1,1,1,1,1,1,2,0,0,0,0,0,0,2,2,-4.4,Nxc5,d7c5,Bxc5,d6c5,-4.53,-4.09,44.00000000000004,False,12,20,saransh12387,snatch71,1933,1952,0-1
2k4r/pp3b2/2pb1q1p/2np2p1/3P2Pn/1BN1BP2/PPP2K1P/R2Q4 w - - 0 24,24,24,33,-2,0,1,Middlegame,7,6,1,2,2,2,1,1,1,1,1,1,2,0,0,0,0,0,0,2,2,-3.92,dxc5,d4c5,dxc5,d4c5,-3.88,-4.06,17.99999999999997,True,12,20,saransh12387,snatch71,1933,1952,0-1
2k4r/pp3b2/2pb1q1p/2Pp2p1/6Pn/1BN1BP2/PPP2K1P/R2Q4 b - - 0 24,24,23,44,1,0,1,Middlegame,7,6,1,1,2,2,1,1,1,1,1,1,2,1,0,0,0,0,0,2,2,-4.18,Bxh2,d6h2,Be5,d6e5,-4.5,-3.97,52.99999999999998,False,12,20,saransh12387,snatch71,1933,1952,0-1
2k4r/pp3b2/2p2q1p/2Pp2p1/6Pn/1BN1BP2/PPP2K1b/R2Q4 w - - 0 25,25,22,33,0,0,1,Middlegame,6,6,1,1,2,2,1,1,1,1,1,1,2,1,0,0,0,0,0,2,2,-3.91,a4,a2a4,Bxd5,b3d5,-4.92,-4.43,49.00000000000002,False,12,20,saransh12387,snatch71,1933,1952,0-1
2k4r/pp3b2/2p2q1p/2Pp2p1/P5Pn/1BN1BP2/1PP2K1b/R2Q4 b - - 0 25,25,22,43,0,0,1,Middlegame,6,6,1,1,2,2,1,1,1,1,1,1,2,1,0,0,0,0,0,2,2,-4.65,Be6,f7e6,h5,h6h5,-4.48,-3.84,64.00000000000006,False,12,20,saransh12387,snatch71,1933,1952,0-1
2k4r/pp6/2p1bq1p/2Pp2p1/P5Pn/1BN1BP2/1PP2K1b/R2Q4 w - - 1 26,26,22,34,0,0,1,Middlegame,6,6,1,1,2,2,1,1,1,1,1,1,2,1,0,0,0,0,0,2,2,-3.76,Qh1,d1h1,a5,a4a5,-4.18,-4.99,81.00000000000006,False,12,20,saransh12387,snatch71,1933,1952,0-1
2k4r/pp6/2p1bq1p/2Pp2p1/P5Pn/1BN1BP2/1PP2K1b/R6Q b - - 2 26,26,22,43,0,0,1,Middlegame,6,6,1,1,2,2,1,1,1,1,1,1,2,1,0,0,0,0,0,2,2,-4.95,Bc7,h2c7,Rf8,h8f8,-4.97,-4.24,72.99999999999996,False,12,20,saransh12387,snatch71,1933,1952,0-1
2k4r/ppb5/2p1bq1p/2Pp2p1/P5Pn/1BN1BP2/1PP2K2/R6Q w - - 3 27,27,22,39,0,0,1,Middlegame,6,6,1,1,2,2,1,1,1,1,1,1,2,1,0,0,0,0,0,2,2,-4.35,Rg1,a1g1,a5,a4a5,-3.75,-5.32,157.00000000000003,False,12,20,saransh12387,snatch71,1933,1952,0-1
2k4r/ppb5/2p1bq1p/2Pp2p1/P5Pn/1BN1BP2/1PP2K2/6RQ b - - 4 27,27,22,44,0,0,1,Middlegame,6,6,1,1,2,2,1,1,1,1,1,1,2,1,0,0,0,0,0,2,2,-5.24,Rf8,h8f8,Rf8,h8f8,-5.47,-5.02,45.000000000000014,True,12,20,saransh12387,snatch71,1933,1952,0-1
2k2r2/ppb5/2p1bq1p/2Pp2p1/P5Pn/1BN1BP2/1PP2K2/6RQ w - - 5 28,28,22,32,0,0,1,Middlegame,6,6,1,1,2,2,1,1,1,1,1,1,2,1,0,0,0,0,0,2,2,-5.19,Ne2,c3e2,Qh3,h1h3,-6.29,-6.43,13.999999999999968,False,12,20,saransh12387,snatch71,1933,1952,0-1
2k2r2/ppb5/2p1bq1p/2Pp2p1/P5Pn/1B2BP2/1PP1NK2/6RQ b - - 6 28,28,22,45,0,0,1,Middlegame,6,6,1,1,2,2,1,1,1,1,1,1,2,1,0,0,0,0,0,2,2,-6.11,Nxf3,h4f3,Nxf3,h4f3,-6.53,-6.15,37.999999999999986,True,12,20,saransh12387,snatch71,1933,1952,0-1
2k2r2/ppb5/2p1bq1p/2Pp2p1/P5P1/1B2Bn2/1PP1NK2/6RQ w - - 0 29,29,21,33,-1,0,1,Middlegame,5,6,1,1,2,2,1,1,1,1,1,1,2,1,0,1,0,0,0,2,2,-6.55,Nd4,e2d4,Ng3,e2g3,-7.1,-7.9,80.00000000000007,False,12,20,saransh12387,snatch71,1933,1952,0-1
2k2r2/ppb5/2p1bq1p/2Pp2p1/P2N2P1/1B2Bn2/1PP2K2/6RQ b - - 1 29,29,21,44,-1,0,1,Middlegame,5,6,1,1,2,2,1,1,1,1,1,1,2,1,0,1,0,0,0,2,2,-8.46,Nxd4+,f3d4,Nxd4+,f3d4,-8.65,-8.37,28.000000000000114,True,12,20,saransh12387,snatch71,1933,1952,0-1
2k2r2/ppb5/2p1bq1p/2Pp2p1/P2n2P1/1B2B3/1PP2K2/6RQ w - - 0 30,30,20,4,-4,0,1,Middlegame,5,6,0,1,2,2,1,1,1,1,1,1,2,1,0,1,0,0,0,2,2,-8.41,Ke1,f2e1,Ke1,f2e1,-8.49,-9.01,51.99999999999996,True,12,20,saransh12387,snatch71,1933,1952,0-1
2k2r2/ppb5/2p1bq1p/2Pp2p1/P2n2P1/1B2B3/1PP5/4K1RQ b - - 1 30,30,20,45,-4,0,1,Middlegame,5,6,0,1,2,2,1,1,1,1,1,1,2,1,0,1,0,0,0,2,2,-9.01,Nf3+,d4f3,Nxb3,d4b3,-9.05,-8.23,82.00000000000003,False,12,20,saransh12387,snatch71,1933,1952,0-1
rnbqkbnr/pppppppp/8/8/8/8/PPPPPPPP/RNBQKBNR w KQkq - 0 1,1,30,20,0,0,0,Opening,8,8,2,2,2,2,2,2,1,1,1,1,2,0,0,0,0,0,0,1,1,0.39,e4,e2e4,Nf3,g1f3,0.29,0.33,4.0000000000000036,False,12,21,saransh12387,whitenight09,1932,1891,1-0
rnbqkbnr/pppppppp/8/8/4P3/8/PPPP1PPP/RNBQKBNR b KQkq - 0 1,1,30,20,0,0,0,Opening,8,8,2,2,2,2,2,2,1,1,1,1,2,0,0,0,0,0,0,1,1,0.33,e5,e7e5,e5,e7e5,0.38,0.27,10.999999999999998,True,12,21,saransh12387,whitenight09,1932,1891,1-0
rnbqkbnr/pppp1ppp/8/4p3/4P3/8/PPPP1PPP/RNBQKBNR w KQkq - 0 2,2,30,29,0,0,0,Opening,8,8,2,2,2,2,2,2,1,1,1,1,2,0,0,0,0,0,0,1,1,0.35,Nf3,g1f3,Nf3,g1f3,0.36,0.39,3.0000000000000027,True,12,21,saransh12387,whitenight09,1932,1891,1-0
rnbqkbnr/pppp1ppp/8/4p3/4P3/5N2/PPPP1PPP/RNBQKB1R b KQkq - 1 2,2,30,29,0,0,0,Opening,8,8,2,2,2,2,2,2,1,1,1,1,2,0,0,0,0,0,0,1,1,0.33,Nc6,b8c6,Nc6,b8c6,0.32,0.35,2.9999999999999973,True,12,21,saransh12387,whitenight09,1932,1891,1-0
r1bqkbnr/pppp1ppp/2n5/4p3/4P3/5N2/PPPP1PPP/RNBQKB1R w KQkq - 2 3,3,30,27,0,0,0,Opening,8,8,2,2,2,2,2,2,1,1,1,1,2,0,0,0,0,0,0,1,1,0.34,Bc4,f1c4,Bb5,f1b5,0.37,0.23,13.999999999999998,False,12,21,saransh12387,whitenight09,1932,1891,1-0
r1bqkbnr/pppp1ppp/2n5/4p3/2B1P3/5N2/PPPP1PPP/RNBQK2R b KQkq - 3 3,3,30,31,0,0,0,Opening,8,8,2,2,2,2,2,2,1,1,1,1,2,0,0,0,0,0,0,1,1,0.19,Be7,f8e7,Nf6,g8f6,0.24,0.56,32.00000000000001,False,12,21,saransh12387,whitenight09,1932,1891,1-0
r1bqk1nr/ppppbppp/2n5/4p3/2B1P3/5N2/PPPP1PPP/RNBQK2R w KQkq - 4 4,4,30,33,0,0,0,Opening,8,8,2,2,2,2,2,2,1,1,1,1,2,0,0,0,0,0,0,1,1,0.58,c3,c2c3,d4,d2d4,0.59,0.06,53.0,False,12,21,saransh12387,whitenight09,1932,1891,1-0
r1bqk1nr/ppppbppp/2n5/4p3/2B1P3/2P2N2/PP1P1PPP/RNBQK2R b KQkq - 0 4,4,30,28,0,0,0,Opening,8,8,2,2,2,2,2,2,1,1,1,1,2,0,0,0,0,0,0,1,1,0.05,Nf6,g8f6,Nf6,g8f6,0.14,0.19,4.999999999999999,True,12,21,saransh12387,whitenight09,1932,1891,1-0
r1bqk2r/ppppbppp/2n2n2/4p3/2B1P3/2P2N2/PP1P1PPP/RNBQK2R w KQkq - 1 5,5,30,34,0,0,0,Opening,8,8,2,2,2,2,2,2,1,1,1,1,2,0,0,0,0,0,0,1,1,0.23,O-O,e1g1,d3,d2d3,0.24,-0.76,100.0,False,12,21,saransh12387,whitenight09,1932,1891,1-0
r1bqk2r/ppppbppp/2n2n2/4p3/2B1P3/2P2N2/PP1P1PPP/RNBQ1RK1 b kq - 2 5,5,30,29,0,1,0,Opening,8,8,2,2,2,2,2,2,1,1,1,1,2,0,0,0,0,0,0,1,1,-0.61,Nxe4,f6e4,Nxe4,f6e4,-0.72,-0.72,0.0,True,12,21,saransh12387,whitenight09,1932,1891,1-0
r1bqk2r/ppppbppp/2n5/4p3/2B1n3/2P2N2/PP1P1PPP/RNBQ1RK1 w kq - 0 6,6,29,31,-1,1,0,Opening,7,8,2,2,2,2,2,2,1,1,1,1,2,0,0,0,0,0,0,2,1,-0.7,Re1,f1e1,Bd5,c4d5,-0.66,-1.4,73.99999999999999,False,12,21,saransh12387,whitenight09,1932,1891,1-0
r1bqk2r/ppppbppp/2n5/4p3/2B1n3/2P2N2/PP1P1PPP/RNBQR1K1 b kq - 1 6,6,29,37,-1,1,0,Opening,7,8,2,2,2,2,2,2,1,1,1,1,2,0,0,0,0,0,0,2,1,-1.44,d5,d7d5,d5,d7d5,-1.37,-1.46,8.999999999999986,True,12,21,saransh12387,whitenight09,1932,1891,1-0
r1bqk2r/ppp1bppp/2n5/3pp3/2B1n3/2P2N2/PP1P1PPP/RNBQR1K1 w kq - 0 7,7,29,32,-1,1,0,Opening,7,8,2,2,2,2,2,2,1,1,1,1,2,0,0,0,0,0,0,2,1,-1.38,Bb3,c4b3,Bb5,c4b5,-1.37,-1.57,19.999999999999996,False,12,21,saransh12387,whitenight09,1932,1891,1-0
r1bqk2r/ppp1bppp/2n5/3pp3/4n3/1BP2N2/PP1P1PPP/RNBQR1K1 b kq - 1 7,7,29,44,-1,1,0,Opening,7,8,2,2,2,2,2,2,1,1,1,1,2,0,0,0,0,0,0,2,1,-1.55,Bf6,e7f6,Bg4,c8g4,-1.55,-0.48,107.0,False,12,21,saransh12387,whitenight09,1932,1891,1-0
r1bqk2r/ppp2ppp/2n2b2/3pp3/4n3/1BP2N2/PP1P1PPP/RNBQR1K1 w kq - 2 8,8,29,26,-1,1,0,Opening,7,8,2,2,2,2,2,2,1,1,1,1,2,0,0,0,0,0,0,2,1,-0.45,d4,d2d4,d3,d2d3,-0.53,-0.86,32.99999999999999,False,12,21,saransh12387,whitenight09,1932,1891,1-0
r1bqk2r/ppp2ppp/2n2b2/3pp3/3Pn3/1BP2N2/PP3PPP/RNBQR1K1 b kq - 0 8,8,29,39,-1,1,0,Opening,7,8,2,2,2,2,2,2,1,1,1,1,2,0,0,0,0,0,0,2,1,-0.87,Bg4,c8g4,O-O,e8g8,-0.79,0.3,109.00000000000001,False,12,21,saransh12387,whitenight09,1932,1891,1-0
r2qk2r/ppp2ppp/2n2b2/3pp3/3Pn1b1/1BP2N2/PP3PPP/RNBQR1K1 w kq - 1 9,9,29,32,-1,1,0,Opening,7,8,2,2,2,2,2,2,1,1,1,1,2,0,0,0,0,0,0,2,1,0.5,h3,h2h3,dxe5,d4e5,0.42,-0.17,59.0,False,12,21,saransh12387,whitenight09,1932,1891,1-0
r2qk2r/ppp2ppp/2n2b2/3pp3/3Pn1b1/1BP2N1P/PP3PP1/RNBQR1K1 b kq - 0 9,9,29,44,-1,1,0,Opening,7,8,2,2,2,2,2,2,1,1,1,1,2,0,0,0,0,0,0,2,1,-0.14,Bh5,g4h5,Bh4,f6h4,-0.04,0.85,89.0,False,12,21,saransh12387,whitenight09,1932,1891,1-0
r2qk2r/ppp2ppp/2n2b2/3pp2b/3Pn3/1BP2N1P/PP3PP1/RNBQR1K1 w kq - 1 10,10,29,34,-1,1,0,Opening,7,8,2,2,2,2,2,2,1,1,1,1,2,0,0,0,0,0,0,2,1,0.88,g4,g2g4,g4,g2g4,0.89,0.73,16.000000000000004,True,12,21,saransh12387,whitenight09,1932,1891,1-0
r2qk2r/ppp2ppp/2n2b2/3pp2b/3Pn1P1/1BP2N1P/PP3P2/RNBQR1K1 b kq - 0 10,10,29,38,-1,1,0,Opening,7,8,2,2,2,2,2,2,1,1,1,1,2,0,0,0,0,0,0,2,1,0.74,Bg6,h5g6,Bg6,h5g6,0.58,0.59,1.0000000000000009,True,12,21,saransh12387,whitenight09,1932,1891,1-0
r2qk2r/ppp2ppp/2n2bb1/3pp3/3Pn1P1/1BP2N1P/PP3P2/RNBQR1K1 w kq - 1 11,11,29,34,-1,1,0,Opening,7,8,2,2,2,2,2,2,1,1,1,1,2,0,0,0,0,0,0,2,1,0.43,dxe5,d4e5,dxe5,d4e5,0.54,0.34,20.0,True,12,21,saransh12387,whitenight09,1932,1891,1-0
r2qk2r/ppp2ppp/2n2bb1/3pP3/4n1P1/1BP2N1P/PP3P2/RNBQR1K1 b kq - 0 11,11,28,39,0,1,0,Opening,7,7,2,2,2,2,2,2,1,1,1,1,2,0,0,0,0,0,0,2,2,0.44,Bh4,f6h4,Be7,f6e7,0.51,0.77,26.0,False,12,21,saransh12387,whitenight09,1932,1891,1-0
r2qk2r/ppp2ppp/2n3b1/3pP3/4n1Pb/1BP2N1P/PP3P2/RNBQR1K1 w kq - 1 12,12,28,35,0,1,0,Opening,7,7,2,2,2,2,2,2,1,1,1,1,2,0,0,0,0,0,0,2,2,0.82,Be3,c1e3,Be3,c1e3,0.82,0.92,10.000000000000009,True,12,21,saransh12387,whitenight09,1932,1891,1-0
r2qk2r/ppp2ppp/2n3b1/3pP3/4n1Pb/1BP1BN1P/PP3P2/RN1QR1K1 b kq - 2 12,12,28,45,0,1,0,Opening,7,7,2,2,2,2,2,2,1,1,1,1,2,0,0,0,0,0,0,2,2,0.93,O-O,e8g8,h5,h7h5,0.86,1.57,71.00000000000001,False,12,21,saransh12387,whitenight09,1932,1891,1-0
r2q1rk1/ppp2ppp/2n3b1/3pP3/4n1Pb/1BP1BN1P/PP3P2/RN1QR1K1 w - - 3 13,13,28,38,0,1,1,Opening,7,7,2,2,2,2,2,2,1,1,1,1,2,0,0,0,0,0,0,2,2,1.38,Bxd5,b3d5,Qxd5,d1d5,1.46,1.32,13.99999999999999,False,12,21,saransh12387,whitenight09,1932,1891,1-0
r2q1rk1/ppp2ppp/2n3b1/3BP3/4n1Pb/2P1BN1P/PP3P2/RN1QR1K1 b - - 0 13,13,27,40,1,1,1,Opening,7,6,2,2,2,2,2,2,1,1,1,1,2,0,0,0,0,0,0,2,2,1.25,Be7,h4e7,Re8,f8e8,1.26,1.27,1.0000000000000009,False,12,21,saransh12387,whitenight09,1932,1891,1-0
r2q1rk1/ppp1bppp/2n3b1/3BP3/4n1P1/2P1BN1P/PP3P2/RN1QR1K1 w - - 1 14,14,27,44,1,1,1,Opening,7,6,2,2,2,2,2,2,1,1,1,1,2,0,0,0,0,0,0,2,2,1.26,Bxc6,d5c6,a4,a2a4,1.3,1.15,15.000000000000014,False,12,21,saransh12387,whitenight09,1932,1891,1-0
r2q1rk1/ppp1bppp/2B3b1/4P3/4n1P1/2P1BN1P/PP3P2/RN1QR1K1 b - - 0 14,14,26,40,4,1,1,Opening,7,6,2,1,2,2,2,2,1,1,1,1,2,0,0,0,0,0,0,2,2,1.22,Qxd1,d8d1,bxc6,b7c6,1.37,1.41,3.9999999999999813,False,12,21,saransh12387,whitenight09,1932,1891,1-0
r4rk1/ppp1bppp/2B3b1/4P3/4n1P1/2P1BN1P/PP3P2/RN1qR1K1 w - - 0 15,15,25,37,-5,1,1,Opening,7,6,2,1,2,2,2,2,0,1,1,1,1,0,0,0,0,0,0,2,2,1.4,Rxd1,e1d1,Rxd1,e1d1,1.44,1.44,0.0,True,12,21,saransh12387,whitenight09,1932,1891,1-0
r4rk1/ppp1bppp/2B3b1/4P3/4n1P1/2P1BN1P/PP3P2/RN1R2K1 b - - 0 15,15,24,36,4,1,1,Middlegame,7,6,2,1,2,2,2,2,0,0,1,1,0,0,0,0,0,0,0,2,2,1.55,bxc6,b7c6,bxc6,b7c6,1.3,1.56,26.0,True,12,21,saransh12387,whitenight09,1932,1891,1-0
r4rk1/p1p1bppp/2p3b1/4P3/4n1P1/2P1BN1P/PP3P2/RN1R2K1 w - - 0 16,16,23,39,1,1,1,Middlegame,7,6,2,1,1,2,2,2,0,0,0,1,0,0,1,0,3,0,0,2,3,1.54,Nbd2,b1d2,Nbd2,b1d2,1.45,1.45,0.0,True,12,21,saransh12387,whitenight09,1932,1891,1-0
r4rk1/p1p1bppp/2p3b1/4P3/4n1P1/2P1BN1P/PP1N1P2/R2R2K1 b - - 1 16,16,23,34,1,1,1,Middlegame,7,6,2,1,1,2,2,2,0,0,0,1,0,0,1,0,3,0,0,2,3,1.58,c5,c6c5,Rab8,a8b8,1.75,1.6,14.999999999999991,False,12,21,saransh12387,whitenight09,1932,1891,1-0
r4rk1/p1p1bppp/6b1/2p1P3/4n1P1/2P1BN1P/PP1N1P2/R2R2K1 w - - 0 17,17,23,33,1,1,1,Middlegame,7,6,2,1,1,2,2,2,0,0,0,1,0,0,1,0,3,0,0,2,3,1.5,Nxe4,d2e4,Nc4,d2c4,1.6,1.23,37.000000000000014,False,12,21,saransh12387,whitenight09,1932,1891,1-0
r4rk1/p1p1bppp/6b1/2p1P3/4N1P1/2P1BN1P/PP3P2/R2R2K1 b - - 0 17,17,22,25,4,1,1,Middlegame,7,6,2,0,1,2,2,2,0,0,0,1,0,0,1,0,3,0,0,2,3,1.04,Bxe4,g6e4,Bxe4,g6e4,0.99,1.01,2.0000000000000018,True,12,21,saransh12387,whitenight09,1932,1891,1-0
r4rk1/p1p1bppp/8/2p1P3/4b1P1/2P1BN1P/PP3P2/R2R2K1 w - - 0 18,18,21,38,1,1,1,Middlegame,7,6,1,0,1,2,2,2,0,0,0,1,0,0,1,0,3,0,0,2,3,0.95,Ng5,f3g5,Rd7,d1d7,0.91,0.17,74.0,False,12,21,saransh12387,whitenight09,1932,1891,1-0
r4rk1/p1p1bppp/8/2p1P1N1/4b1P1/2P1B2P/PP3P2/R2R2K1 b - - 1 18,18,21,33,1,1,1,Middlegame,7,6,1,0,1,2,2,2,0,0,0,1,0,0,1,0,3,0,0,2,3,0.14,Bc6,e4c6,Bc6,e4c6,0.19,0.22,3.0,True,12,21,saransh12387,whitenight09,1932,1891,1-0
r4rk1/p1p1bppp/2b5/2p1P1N1/6P1/2P1B2P/PP3P2/R2R2K1 w - - 2 19,19,21,34,1,1,1,Middlegame,7,6,1,0,1,2,2,2,0,0,0,1,0,0,1,0,3,0,0,2,3,0.22,f3,f2f3,f3,f2f3,0.27,0.27,0.0,True,12,21,saransh12387,whitenight09,1932,1891,1-0
r4rk1/p1p1bppp/2b5/2p1P1N1/6P1/2P1BP1P/PP6/R2R2K1 b - - 0 19,19,21,29,1,1,1,Middlegame,7,6,1,0,1,2,2,2,0,0,0,1,0,0,1,0,3,0,0,2,3,0.23,f6,f7f6,Bxg5,e7g5,0.26,0.85,59.0,False,12,21,saransh12387,whitenight09,1932,1891,1-0
r4rk1/p1p1b1pp/2b2p2/2p1P1N1/6P1/2P1BP1P/PP6/R2R2K1 w - - 0 20,20,21,37,1,1,1,Middlegame,7,6,1,0,1,2,2,2,0,0,0,1,0,0,1,0,3,0,0,2,3,0.68,Ne6,g5e6,Ne6,g5e6,0.53,0.53,0.0,True,12,21,saransh12387,whitenight09,1932,1891,1-0
r4rk1/p1p1b1pp/2b1Np2/2p1P3/6P1/2P1BP1P/PP6/R2R2K1 b - - 1 20,20,21,30,1,1,1,Middlegame,7,6,1,0,1,2,2,2,0,0,0,1,0,0,1,0,3,0,0,2,3,0.65,Rfc8,f8c8,fxe5,f6e5,0.78,1.77,99.0,False,12,21,saransh12387,whitenight09,1932,1891,1-0
r1r3k1/p1p1b1pp/2b1Np2/2p1P3/6P1/2P1BP1P/PP6/R2R2K1 w - - 2 21,21,21,43,1,1,1,Middlegame,7,6,1,0,1,2,2,2,0,0,0,1,0,0,1,0,3,0,0,2,3,1.69,exf6,e5f6,Bxc5,e3c5,1.46,1.3,15.999999999999993,False,12,21,saransh12387,whitenight09,1932,1891,1-0
r1r3k1/p1p1b1pp/2b1NP2/2p5/6P1/2P1BP1P/PP6/R2R2K1 b - - 0 21,21,20,27,2,1,1,Middlegame,7,5,1,0,1,2,2,2,0,0,0,1,0,1,1,0,3,0,0,2,3,1.44,gxf6,g7f6,Bxf6,e7f6,1.41,2.77,136.0,False,12,21,saransh12387,whitenight09,1932,1891,1-0
r1r3k1/p1p1b2p/2b1Np2/2p5/6P1/2P1BP1P/PP6/R2R2K1 w - - 0 22,22,19,42,1,1,1,Middlegame,6,5,1,0,1,2,2,2,0,0,0,1,0,0,1,0,5,0,0,2,4,2.62,Kf2,g1f2,Kf2,g1f2,2.71,2.09,62.000000000000014,True,12,21,saransh12387,whitenight09,1932,1891,1-0
r1r3k1/p1p1b2p/2b1Np2/2p5/6P1/2P1BP1P/PP3K2/R2R4 b - - 1 22,22,19,24,1,0,1,Middlegame,6,5,1,0,1,2,2,2,0,0,0,1,0,0,1,0,5,0,0,2,4,2.29,Kf7,g8f7,c4,c5c4,2.53,3.4,87.00000000000001,False,12,21,saransh12387,whitenight09,1932,1891,1-0
r1r5/p1p1bk1p/2b1Np2/2p5/6P1/2P1BP1P/PP3K2/R2R4 w - - 2 23,23,19,44,1,0,0,Middlegame,6,5,1,0,1,2,2,2,0,0,0,1,0,0,1,0,5,0,0,2,4,3.21,Nxc5,e6c5,Bxc5,e3c5,2.93,2.1,83.0,False,12,21,saransh12387,whitenight09,1932,1891,1-0
r1r5/p1p1bk1p/2b2p2/2N5/6P1/2P1BP1P/PP3K2/R2R4 b - - 0 23,23,18,29,2,0,0,Middlegame,6,4,1,0,1,2,2,2,0,0,0,1,0,0,0,0,4,0,0,2,4,2.23,Bd6,e7d6,h5,h7h5,2.15,2.7,55.00000000000003,False,12,21,saransh12387,whitenight09,1932,1891,1-0
r1r5/p1p2k1p/2bb1p2/2N5/6P1/2P1BP1P/PP3K2/R2R4 w - - 1 24,24,18,40,2,0,0,Middlegame,6,4,1,0,1,2,2,2,0,0,0,1,0,0,0,0,4,0,0,2,4,2.74,Ne4,c5e4,Nd3,c5d3,3.01,2.98,2.9999999999999805,False,12,21,saransh12387,whitenight09,1932,1891,1-0
r1r5/p1p2k1p/2bb1p2/8/4N1P1/2P1BP1P/PP3K2/R2R4 b - - 2 24,24,18,35,2,0,0,Middlegame,6,4,1,0,1,2,2,2,0,0,0,1,0,0,0,0,4,0,0,2,4,2.92,Bxe4,c6e4,Bxe4,c6e4,2.73,2.91,18.000000000000014,True,12,21,saransh12387,whitenight09,1932,1891,1-0
r1r5/p1p2k1p/3b1p2/8/4b1P1/2P1BP1P/PP3K2/R2R4 w - - 0 25,25,17,36,-1,0,0,Middlegame,6,4,0,0,1,2,2,2,0,0,0,1,0,0,0,0,4,0,0,2,4,2.77,fxe4,f3e4,fxe4,f3e4,2.83,2.8,3.000000000000025,True,12,21,saransh12387,whitenight09,1932,1891,1-0
r1r5/p1p2k1p/3b1p2/8/4P1P1/2P1B2P/PP3K2/R2R4 b - - 0 25,25,16,30,2,0,0,Middlegame,6,4,0,0,1,1,2,2,0,0,0,0,0,0,0,1,4,0,0,3,4,2.88,a5,a7a5,a5,a7a5,2.9,2.88,2.0000000000000018,True,12,21,saransh12387,whitenight09,1932,1891,1-0
r1r5/2p2k1p/3b1p2/p7/4P1P1/2P1B2P/PP3K2/R2R4 w - - 0 26,26,16,36,2,0,0,Middlegame,6,4,0,0,1,1,2,2,0,0,0,0,0,0,0,1,4,0,0,3,4,2.87,Bd4,e3d4,Rd5,d1d5,2.88,1.98,89.99999999999999,False,12,21,saransh12387,whitenight09,1932,1891,1-0
r1r5/2p2k1p/3b1p2/p7/3BP1P1/2P4P/PP3K2/R2R4 b - - 1 26,26,16,31,2,0,0,Middlegame,6,4,0,0,1,1,2,2,0,0,0,0,0,0,0,1,4,0,0,3,4,2.22,Re8,c8e8,Rab8,a8b8,2.32,1.99,32.999999999999986,False,12,21,saransh12387,whitenight09,1932,1891,1-0
r3r3/2p2k1p/3b1p2/p7/3BP1P1/2P4P/PP3K2/R2R4 w - - 2 27,27,16,31,2,0,0,Middlegame,6,4,0,0,1,1,2,2,0,0,0,0,0,0,0,1,4,0,0,3,4,1.88,Ke3,f2e3,Kf3,f2f3,1.86,1.67,19.000000000000018,False,12,21,saransh12387,whitenight09,1932,1891,1-0
r3r3/2p2k1p/3b1p2/p7/3BP1P1/2P1K2P/PP6/R2R4 b - - 3 27,27,16,36,2,0,0,Middlegame,6,4,0,0,1,1,2,2,0,0,0,0,0,0,0,1,4,0,0,3,4,1.91,c5,c7c5,Re6,e8e6,1.81,3.03,121.99999999999997,False,12,21,saransh12387,whitenight09,1932,1891,1-0
r3r3/5k1p/3b1p2/p1p5/3BP1P1/2P1K2P/PP6/R2R4 w - - 0 28,28,16,26,2,0,0,Middlegame,6,4,0,0,1,1,2,2,0,0,0,0,0,0,0,1,4,0,0,3,4,3.36,Bxf6,d4f6,Bxf6,d4f6,3.36,3.41,5.000000000000027,True,12,21,saransh12387,whitenight09,1932,1891,1-0
r3r3/5k1p/3b1B2/p1p5/4P1P1/2P1K2P/PP6/R2R4 b - - 0 28,28,15,32,3,0,0,Middlegame,6,3,0,0,1,1,2,2,0,0,0,0,0,0,0,1,3,1,0,3,3,3.43,Kxf6,f7f6,Re6,e8e6,3.27,4.73,146.00000000000003,False,12,21,saransh12387,whitenight09,1932,1891,1-0
r3r3/7p/3b1k2/p1p5/4P1P1/2P1K2P/PP6/R2R4 w - - 0 29,29,14,26,0,0,0,Middlegame,6,3,0,0,0,1,2,2,0,0,0,0,0,0,0,1,3,1,0,3,3,4.97,Rxd6+,d1d6,Rxd6+,d1d6,4.58,4.82,24.00000000000002,True,12,21,saransh12387,whitenight09,1932,1891,1-0
r3r3/7p/3R1k2/p1p5/4P1P1/2P1K2P/PP6/R7 b - - 0 29,29,13,6,3,0,0,Middlegame,6,3,0,0,0,0,2,2,0,0,0,0,0,0,0,1,3,1,0,3,3,4.6,Ke7,f6e7,Re6,e8e6,5.27,4.86,40.99999999999993,False,12,21,saransh12387,whitenight09,1932,1891,1-0
r3r3/4k2p/3R4/p1p5/4P1P1/2P1K2P/PP6/R7 w - - 1 30,30,13,35,3,0,0,Middlegame,6,3,0,0,0,0,2,2,0,0,0,0,0,0,0,1,3,1,0,3,3,4.9,Rd5,d6d5,Rad1,a1d1,4.95,4.71,24.00000000000002,False,12,21,saransh12387,whitenight09,1932,1891,1-0
r3r3/4k2p/8/p1pR4/4P1P1/2P1K2P/PP6/R7 b - - 2 30,30,13,19,3,0,0,Middlegame,6,3,0,0,0,0,2,2,0,0,0,0,0,0,0,1,3,1,0,3,3,4.87,Reb8,e8b8,Ke6,e7e6,4.69,4.92,22.999999999999954,False,12,21,saransh12387,whitenight09,1932,1891,1-0
rr6/4k2p/8/p1pR4/4P1P1/2P1K2P/PP6/R7 w - - 3 31,31,13,33,3,0,0,Middlegame,6,3,0,0,0,0,2,2,0,0,0,0,0,0,0,1,3,1,0,3,3,4.96,b3,b2b3,Rb1,a1b1,4.79,4.31,48.00000000000004,False,12,21,saransh12387,whitenight09,1932,1891,1-0
rr6/4k2p/8/p1pR4/4P1P1/1PP1K2P/P7/R7 b - - 0 31,31,13,22,3,0,0,Middlegame,6,3,0,0,0,0,2,2,0,0,0,0,0,0,0,1,3,1,0,3,3,4.43,c4,c5c4,a4,a5a4,4.42,4.5,8.000000000000007,False,12,21,saransh12387,whitenight09,1932,1891,1-0
rr6/4k2p/8/p2R4/2p1P1P1/1PP1K2P/P7/R7 w - - 0 32,32,13,34,3,0,0,Middlegame,6,3,0,0,0,0,2,2,0,0,0,0,0,0,0,1,3,1,0,3,3,4.57,bxc4,b3c4,bxc4,b3c4,4.65,4.7,4.999999999999982,True,12,21,saransh12387,whitenight09,1932,1891,1-0
rr6/4k2p/8/p2R4/2P1P1P1/2P1K2P/P7/R7 b - - 0 32,32,12,23,4,0,0,Middlegame,6,2,0,0,0,0,2,2,0,0,0,0,0,1,0,4,2,3,0,4,2,4.59,Rb2,b8b2,Rb2,b8b2,4.81,4.68,12.99999999999999,True,12,21,saransh12387,whitenight09,1932,1891,1-0
r7/4k2p/8/p2R4/2P1P1P1/2P1K2P/Pr6/R7 w - - 1 33,33,12,31,4,0,0,Middlegame,6,2,0,0,0,0,2,2,0,0,0,0,0,1,0,4,2,3,0,4,2,4.74,c5,c4c5,a4,a2a4,4.82,4.59,23.000000000000043,False,12,21,saransh12387,whitenight09,1932,1891,1-0
r7/4k2p/8/p1PR4/4P1P1/2P1K2P/Pr6/R7 b - - 0 33,33,12,31,4,0,0,Middlegame,6,2,0,0,0,0,2,2,0,0,0,0,0,1,0,4,2,3,0,4,2,4.71,Rh2,b2h2,a4,a5a4,4.51,5.04,53.00000000000003,False,12,21,saransh12387,whitenight09,1932,1891,1-0
r7/4k2p/8/p1PR4/4P1P1/2P1K2P/P6r/R7 w - - 1 34,34,12,29,4,0,0,Middlegame,6,2,0,0,0,0,2,2,0,0,0,0,0,1,0,4,2,3,0,4,2,5.02,Rh5,d5h5,Rb1,a1b1,4.3,4.56,25.99999999999998,False,12,21,saransh12387,whitenight09,1932,1891,1-0
r7/4k2p/8/p1P4R/4P1P1/2P1K2P/P6r/R7 b - - 2 34,34,12,27,4,0,0,Middlegame,6,2,0,0,0,0,2,2,0,0,0,0,0,1,0,4,2,3,0,4,2,4.76,Rh8,a8h8,Rc8,a8c8,5.35,5.13,21.999999999999975,False,12,21,saransh12387,whitenight09,1932,1891,1-0
7r/4k2p/8/p1P4R/4P1P1/2P1K2P/P6r/R7 w - - 3 35,35,12,25,4,0,0,Middlegame,6,2,0,0,0,0,2,2,0,0,0,0,0,1,0,4,2,3,0,4,2,5.28,Rd1,a1d1,Rd1,a1d1,4.84,4.77,7.000000000000028,True,12,21,saransh12387,whitenight09,1932,1891,1-0
7r/4k2p/8/p1P4R/4P1P1/2P1K2P/P6r/3R4 b - - 4 35,35,12,23,4,0,0,Middlegame,6,2,0,0,0,0,2,2,0,0,0,0,0,1,0,4,2,3,0,4,2,5.05,Rxa2,h2a2,Rc2,h2c2,5.33,5.18,15.000000000000036,False,12,21,saransh12387,whitenight09,1932,1891,1-0
7r/4k2p/8/p1P4R/4P1P1/2P1K2P/r7/3R4 w - - 0 36,36,11,30,3,0,0,Middlegame,5,2,0,0,0,0,2,2,0,0,0,0,0,1,0,3,2,3,1,3,2,4.96,c6,c5c6,c6,c5c6,5.29,5.38,8.999999999999986,True,12,21,saransh12387,whitenight09,1932,1891,1-0
7r/4k2p/2P5/p6R/4P1P1/2P1K2P/r7/3R4 b - - 0 36,36,11,24,3,0,0,Middlegame,5,2,0,0,0,0,2,2,0,0,0,0,0,1,0,3,2,3,1,3,2,5.24,Rc2,a2c2,Rc2,a2c2,5.43,5.6,16.999999999999993,True,12,21,saransh12387,whitenight09,1932,1891,1-0
7r/4k2p/2P5/p6R/4P1P1/2P1K2P/2r5/3R4 w - - 1 37,37,11,33,3,0,0,Middlegame,5,2,0,0,0,0,2,2,0,0,0,0,0,1,0,3,2,3,1,3,2,5.42,Kd3,e3d3,Rd7+,d1d7,5.39,4.96,42.99999999999997,False,12,21,saransh12387,whitenight09,1932,1891,1-0
7r/4k2p/2P5/p6R/4P1P1/2PK3P/2r5/3R4 b - - 2 37,37,11,25,3,0,0,Middlegame,5,2,0,0,0,0,2,2,0,0,0,0,0,1,0,3,2,3,1,3,2,4.98,Rh2,c2h2,Rb2,c2b2,5.0,5.23,23.000000000000043,False,12,21,saransh12387,whitenight09,1932,1891,1-0
7r/4k2p/2P5/p6R/4P1P1/2PK3P/7r/3R4 w - - 3 38,38,11,26,3,0,0,Middlegame,5,2,0,0,0,0,2,2,0,0,0,0,0,1,0,3,2,3,1,3,2,5.44,Kc4,d3c4,Kc4,d3c4,5.48,5.24,24.00000000000002,True,12,21,saransh12387,whitenight09,1932,1891,1-0
7r/4k2p/2P5/p6R/2K1P1P1/2P4P/7r/3R4 b - - 4 38,38,11,23,3,0,0,Middlegame,5,2,0,0,0,0,2,2,0,0,0,0,0,1,0,3,2,3,1,3,2,5.12,Rc2,h2c2,Re2,h2e2,5.07,5.48,41.000000000000014,False,12,21,saransh12387,whitenight09,1932,1891,1-0
7r/4k2p/2P5/p6R/2K1P1P1/2P4P/2r5/3R4 w - - 5 39,39,11,34,3,0,0,Middlegame,5,2,0,0,0,0,2,2,0,0,0,0,0,1,0,3,2,3,1,3,2,6.22,Rd7+,d1d7,Rh6,h5h6,5.97,5.63,33.999999999999986,False,12,21,saransh12387,whitenight09,1932,1891,1-0
7r/3Rk2p/2P5/p6R/2K1P1P1/2P4P/2r5/8 b - - 6 39,39,11,4,3,0,0,Middlegame,5,2,0,0,0,0,2,2,0,0,0,0,0,1,0,3,2,3,1,3,2,5.8,Ke8,e7e8,Ke6,e7e6,5.89,10000.0,999411.0,False,12,21,saransh12387,whitenight09,1932,1891,1-0
4k2r/3R3p/2P5/p6R/2K1P1P1/2P4P/2r5/8 w - - 7 40,40,11,34,3,0,0,Middlegame,5,2,0,0,0,0,2,2,0,0,0,0,0,1,0,3,2,3,1,3,2,10000.0,Rhxh7,h5h7,Rb5,h5b5,10000.0,5.68,999432.0,False,12,21,saransh12387,whitenight09,1932,1891,1-0
4k2r/3R3R/2P5/p7/2K1P1P1/2P4P/2r5/8 b - - 0 40,40,10,14,4,0,0,Endgame,5,1,0,0,0,0,2,2,0,0,0,0,0,1,0,3,1,5,1,3,1,5.92,Rxh7,h8h7,Rxh7,h8h7,5.8,5.9,10.000000000000053,True,12,21,saransh12387,whitenight09,1932,1891,1-0
4k3/3R3r/2P5/p7/2K1P1P1/2P4P/2r5/8 w - - 0 41,41,9,24,-1,0,0,Endgame,5,1,0,0,0,0,1,2,0,0,0,0,0,1,0,3,1,5,1,3,1,5.9,Rxh7,d7h7,Rxh7,d7h7,5.81,5.96,15.000000000000036,True,12,21,saransh12387,whitenight09,1932,1891,1-0
4k3/7R/2P5/p7/2K1P1P1/2P4P/2r5/8 b - - 0 41,41,8,12,4,0,0,Endgame,5,1,0,0,0,0,1,1,0,0,0,0,0,1,0,3,1,5,1,3,1,5.86,Kd8,e8d8,Kd8,e8d8,5.61,5.34,27.000000000000046,True,12,21,saransh12387,whitenight09,1932,1891,1-0
3k4/7R/2P5/p7/2K1P1P1/2P4P/2r5/8 w - - 1 42,42,8,21,4,0,0,Endgame,5,1,0,0,0,0,1,1,0,0,0,0,0,1,0,3,1,5,1,3,1,5.75,c7+,c6c7,g5,g4g5,5.65,4.63,102.00000000000004,False,12,21,saransh12387,whitenight09,1932,1891,1-0
3k4/2P4R/8/p7/2K1P1P1/2P4P/2r5/8 b - - 0 42,42,8,2,4,0,0,Endgame,5,1,0,0,0,0,1,1,0,0,0,0,0,1,0,3,1,5,1,3,1,4.62,Kc8,d8c8,Kc8,d8c8,4.66,4.6,6.00000000000005,True,12,21,saransh12387,whitenight09,1932,1891,1-0
2k5/2P4R/8/p7/2K1P1P1/2P4P/2r5/8 w - - 1 43,43,8,17,4,0,1,Endgame,5,1,0,0,0,0,1,1,0,0,0,0,0,1,0,3,1,5,1,3,1,4.52,e5,e4e5,Rh5,h7h5,4.71,4.81,9.999999999999964,False,12,21,saransh12387,whitenight09,1932,1891,1-0
2k5/2P4R/8/p3P3/2K3P1/2P4P/2r5/8 b - - 0 43,43,8,11,4,0,1,Endgame,5,1,0,0,0,0,1,1,0,0,0,0,0,1,0,3,1,5,1,3,1,4.88,a4,a5a4,Re2,c2e2,5.17,6.49,132.00000000000003,False,12,21,saransh12387,whitenight09,1932,1891,1-0
2k5/2P4R/8/4P3/p1K3P1/2P4P/2r5/8 w - - 0 44,44,8,17,4,0,1,Endgame,5,1,0,0,0,0,1,1,0,0,0,0,0,1,0,3,1,5,1,3,1,6.94,e6,e5e6,e6,e5e6,6.65,6.91,25.99999999999998,True,12,21,saransh12387,whitenight09,1932,1891,1-0
2k5/2P4R/4P3/8/p1K3P1/2P4P/2r5/8 b - - 0 44,44,8,11,4,0,1,Endgame,5,1,0,0,0,0,1,1,0,0,0,0,0,1,0,3,1,5,1,3,1,7.61,a3,a4a3,Re2,c2e2,7.98,7.98,0.0,False,12,21,saransh12387,whitenight09,1932,1891,1-0
2k5/2P4R/4P3/8/2K3P1/p1P4P/2r5/8 w - - 0 45,45,8,18,4,0,1,Endgame,5,1,0,0,0,0,1,1,0,0,0,0,0,1,0,3,1,5,1,3,1,8.03,e7,e6e7,e7,e6e7,9.56,14.15,459.0,True,12,21,saransh12387,whitenight09,1932,1891,1-0
2k5/2P1P2R/8/8/2K3P1/p1P4P/2r5/8 b - - 0 45,45,8,13,4,0,1,Endgame,5,1,0,0,0,0,1,1,0,0,0,0,0,1,0,3,1,5,1,3,1,8.48,Re2,c2e2,Re2,c2e2,14.37,11.45,292.0,True,12,21,saransh12387,whitenight09,1932,1891,1-0
2k5/2P1P2R/8/8/2K3P1/p1P4P/4r3/8 w - - 1 46,46,8,19,4,0,1,Endgame,5,1,0,0,0,0,1,1,0,0,0,0,0,1,0,3,1,5,1,3,1,9.07,Rh8+,h7h8,Rh8+,h7h8,11.27,12.37,109.99999999999997,True,12,21,saransh12387,whitenight09,1932,1891,1-0
2k4R/2P1P3/8/8/2K3P1/p1P4P/4r3/8 b - - 2 46,46,8,3,4,0,1,Endgame,5,1,0,0,0,0,1,1,0,0,0,0,0,1,0,3,1,5,1,3,1,12.37,Kxc7,c8c7,Kxc7,c8c7,10.61,10.62,0.9999999999999787,True,12,21,saransh12387,whitenight09,1932,1891,1-0
7R/2k1P3/8/8/2K3P1/p1P4P/4r3/8 w - - 0 47,47,7,24,3,0,0,Endgame,4,1,0,0,0,0,1,1,0,0,0,0,0,0,0,2,1,4,1,3,1,9.84,e8=Q,e7e8q,e8=Q,e7e8q,12.26,12.07,18.99999999999995,True,12,21,saransh12387,whitenight09,1932,1891,1-0
4Q2R/2k5/8/8/2K3P1/p1P4P/4r3/8 b - - 0 47,47,7,18,11,0,0,Endgame,3,1,0,0,0,0,1,1,1,0,0,0,1,0,0,1,1,3,1,2,1,12.07,Rxe8,e2e8,Rxe8,e2e8,11.93,10.62,131.00000000000006,True,12,21,saransh12387,whitenight09,1932,1891,1-0
4r2R/2k5/8/8/2K3P1/p1P4P/8/8 w - - 0 48,48,6,16,2,0,0,Endgame,3,1,0,0,0,0,1,1,0,0,0,0,0,0,0,1,1,3,1,2,1,10.62,Rxe8,h8e8,Rxe8,h8e8,13.81,11.58,223.00000000000006,True,12,21,saransh12387,whitenight09,1932,1891,1-0
rnbqkbnr/pppppppp/8/8/8/8/PPPPPPPP/RNBQKBNR w KQkq - 0 1,1,30,20,0,0,0,Opening,8,8,2,2,2,2,2,2,1,1,1,1,2,0,0,0,0,0,0,1,1,0.37,e4,e2e4,e4,e2e4,0.37,0.37,0.0,True,12,22,saransh12387,jhoni1979,1924,1934,0-1
rnbqkbnr/pppppppp/8/8/4P3/8/PPPP1PPP/RNBQKBNR b KQkq - 0 1,1,30,20,0,0,0,Opening,8,8,2,2,2,2,2,2,1,1,1,1,2,0,0,0,0,0,0,1,1,0.37,g6,g7g6,e5,e7e5,0.28,0.64,36.0,False,12,22,saransh12387,jhoni1979,1924,1934,0-1
rnbqkbnr/pppppp1p/6p1/8/4P3/8/PPPP1PPP/RNBQKBNR w KQkq - 0 2,2,30,30,0,0,0,Opening,8,8,2,2,2,2,2,2,1,1,1,1,2,0,0,0,0,0,0,1,1,0.62,d4,d2d4,d4,d2d4,0.64,0.61,3.0000000000000027,True,12,22,saransh12387,jhoni1979,1924,1934,0-1
rnbqkbnr/pppppp1p/6p1/8/3PP3/8/PPP2PPP/RNBQKBNR b KQkq - 0 2,2,30,21,0,0,0,Opening,8,8,2,2,2,2,2,2,1,1,1,1,2,0,0,0,0,0,0,1,1,0.61,Bg7,f8g7,Bg7,f8g7,0.62,0.62,0.0,True,12,22,saransh12387,jhoni1979,1924,1934,0-1
rnbqk1nr/ppppppbp/6p1/8/3PP3/8/PPP2PPP/RNBQKBNR w KQkq - 1 3,3,30,38,0,0,0,Opening,8,8,2,2,2,2,2,2,1,1,1,1,2,0,0,0,0,0,0,1,1,0.68,Nf3,g1f3,Nc3,b1c3,0.73,0.75,2.0000000000000018,False,12,22,saransh12387,jhoni1979,1924,1934,0-1
rnbqk1nr/ppppppbp/6p1/8/3PP3/5N2/PPP2PPP/RNBQKB1R b KQkq - 2 3,3,30,25,0,0,0,Opening,8,8,2,2,2,2,2,2,1,1,1,1,2,0,0,0,0,0,0,1,1,0.74,e6,e7e6,d6,d7d6,0.69,0.92,23.00000000000001,False,12,22,saransh12387,jhoni1979,1924,1934,0-1
rnbqk1nr/pppp1pbp/4p1p1/8/3PP3/5N2/PPP2PPP/RNBQKB1R w KQkq - 0 4,4,30,36,0,0,0,Opening,8,8,2,2,2,2,2,2,1,1,1,1,2,0,0,0,0,0,0,1,1,0.87,Nc3,b1c3,Be3,c1e3,0.88,0.9,2.0000000000000018,False,12,22,saransh12387,jhoni1979,1924,1934,0-1
rnbqk1nr/pppp1pbp/4p1p1/8/3PP3/2N2N2/PPP2PPP/R1BQKB1R b KQkq - 1 4,4,30,30,0,0,0,Opening,8,8,2,2,2,2,2,2,1,1,1,1,2,0,0,0,0,0,0,1,1,0.88,c6,c7c6,d6,d7d6,0.9,1.51,61.0,False,12,22,saransh12387,jhoni1979,1924,1934,0-1
rnbqk1nr/pp1p1pbp/2p1p1p1/8/3PP3/2N2N2/PPP2PPP/R1BQKB1R w KQkq - 0 5,5,30,37,0,0,0,Opening,8,8,2,2,2,2,2,2,1,1,1,1,2,0,0,0,0,0,0,1,1,1.53,Be3,c1e3,h4,h2h4,1.59,1.37,21.999999999999996,False,12,22,saransh12387,jhoni1979,1924,1934,0-1
rnbqk1nr/pp1p1pbp/2p1p1p1/8/3PP3/2N1BN2/PPP2PPP/R2QKB1R b KQkq - 1 5,5,30,31,0,0,0,Opening,8,8,2,2,2,2,2,2,1,1,1,1,2,0,0,0,0,0,0,1,1,1.32,d5,d7d5,d6,d7d6,1.29,1.44,14.999999999999991,False,12,22,saransh12387,jhoni1979,1924,1934,0-1
rnbqk1nr/pp3pbp/2p1p1p1/3p4/3PP3/2N1BN2/PPP2PPP/R2QKB1R w KQkq - 0 6,6,30,40,0,0,0,Opening,8,8,2,2,2,2,2,2,1,1,1,1,2,0,0,0,0,0,0,1,1,1.5,e5,e4e5,h4,h2h4,1.33,1.07,26.0,False,12,22,saransh12387,jhoni1979,1924,1934,0-1
rnbqk1nr/pp3pbp/2p1p1p1/3pP3/3P4/2N1BN2/PPP2PPP/R2QKB1R b KQkq - 0 6,6,30,32,0,0,0,Opening,8,8,2,2,2,2,2,2,1,1,1,1,2,0,0,0,0,0,0,1,1,1.13,Ne7,g8e7,Ne7,g8e7,1.11,1.22,10.999999999999988,True,12,22,saransh12387,jhoni1979,1924,1934,0-1
rnbqk2r/pp2npbp/2p1p1p1/3pP3/3P4/2N1BN2/PPP2PPP/R2QKB1R w KQkq - 1 7,7,30,38,0,0,0,Opening,8,8,2,2,2,2,2,2,1,1,1,1,2,0,0,0,0,0,0,1,1,1.18,Bd3,f1d3,h4,h2h4,1.16,0.66,49.999999999999986,False,12,22,saransh12387,jhoni1979,1924,1934,0-1
rnbqk2r/pp2npbp/2p1p1p1/3pP3/3P4/2NBBN2/PPP2PPP/R2QK2R b KQkq - 2 7,7,30,29,0,0,0,Opening,8,8,2,2,2,2,2,2,1,1,1,1,2,0,0,0,0,0,0,1,1,0.68,Nd7,b8d7,c5,c6c5,0.58,1.01,43.00000000000001,False,12,22,saransh12387,jhoni1979,1924,1934,0-1
r1bqk2r/pp1nnpbp/2p1p1p1/3pP3/3P4/2NBBN2/PPP2PPP/R2QK2R w KQkq - 3 8,8,30,43,0,0,0,Opening,8,8,2,2,2,2,2,2,1,1,1,1,2,0,0,0,0,0,0,1,1,1.14,Qd2,d1d2,Ne2,c3e2,1.17,0.92,24.99999999999999,False,12,22,saransh12387,jhoni1979,1924,1934,0-1
r1bqk2r/pp1nnpbp/2p1p1p1/3pP3/3P4/2NBBN2/PPPQ1PPP/R3K2R b KQkq - 4 8,8,30,30,0,0,0,Opening,8,8,2,2,2,2,2,2,1,1,1,1,2,0,0,0,0,0,0,1,1,1.09,c5,c6c5,c5,c6c5,1.03,1.05,2.0000000000000018,True,12,22,saransh12387,jhoni1979,1924,1934,0-1
r1bqk2r/pp1nnpbp/4p1p1/2ppP3/3P4/2NBBN2/PPPQ1PPP/R3K2R w KQkq - 0 9,9,30,43,0,0,0,Opening,8,8,2,2,2,2,2,2,1,1,1,1,2,0,0,0,0,0,0,1,1,0.98,dxc5,d4c5,Bh6,e3h6,0.96,0.45,51.0,False,12,22,saransh12387,jhoni1979,1924,1934,0-1
r1bqk2r/pp1nnpbp/4p1p1/2PpP3/8/2NBBN2/PPPQ1PPP/R3K2R b KQkq - 0 9,9,29,31,1,0,0,Opening,8,7,2,2,2,2,2,2,1,1,1,1,2,1,0,0,0,0,0,2,2,0.42,Nxe5,d7e5,Nxe5,d7e5,0.36,0.49,13.0,True,12,22,saransh12387,jhoni1979,1924,1934,0-1
r1bqk2r/pp2npbp/4p1p1/2Ppn3/8/2NBBN2/PPPQ1PPP/R3K2R w KQkq - 0 10,10,28,46,0,0,0,Opening,7,7,2,2,2,2,2,2,1,1,1,1,2,1,0,0,0,0,0,2,2,0.38,Nxe5,f3e5,Nxe5,f3e5,0.38,0.45,7.000000000000001,True,12,22,saransh12387,jhoni1979,1924,1934,0-1
r1bqk2r/pp2npbp/4p1p1/2PpN3/8/2NBB3/PPPQ1PPP/R3K2R b KQkq - 0 10,10,27,28,3,0,0,Opening,7,7,2,1,2,2,2,2,1,1,1,1,2,1,0,0,0,0,0,2,2,0.38,Bxe5,g7e5,Bxe5,g7e5,0.51,0.44,7.000000000000001,True,12,22,saransh12387,jhoni1979,1924,1934,0-1
r1bqk2r/pp2np1p/4p1p1/2Ppb3/8/2NBB3/PPPQ1PPP/R3K2R w KQkq - 0 11,11,26,43,0,0,0,Opening,7,7,1,1,2,2,2,2,1,1,1,1,2,1,0,0,0,0,0,2,2,0.53,Bh6,e3h6,Bh6,e3h6,0.23,0.16,7.000000000000001,True,12,22,saransh12387,jhoni1979,1924,1934,0-1
r1bqk2r/pp2np1p/4p1pB/2Ppb3/8/2NB4/PPPQ1PPP/R3K2R b KQkq - 1 11,11,26,31,0,0,0,Opening,7,7,1,1,2,2,2,2,1,1,1,1,2,1,0,0,0,0,0,2,2,0.43,Bd7,c8d7,Qc7,d8c7,0.41,0.41,0.0,False,12,22,saransh12387,jhoni1979,1924,1934,0-1
r2qk2r/pp1bnp1p/4p1pB/2Ppb3/8/2NB4/PPPQ1PPP/R3K2R w KQkq - 2 12,12,26,47,0,0,0,Opening,7,7,1,1,2,2,2,2,1,1,1,1,2,1,0,0,0,0,0,2,2,0.42,Nb5,c3b5,O-O,e1g1,0.45,-0.29,74.0,False,12,22,saransh12387,jhoni1979,1924,1934,0-1
r2qk2r/pp1bnp1p/4p1pB/1NPpb3/8/3B4/PPPQ1PPP/R3K2R b KQkq - 3 12,12,26,34,0,0,0,Opening,7,7,1,1,2,2,2,2,1,1,1,1,2,1,0,0,0,0,0,2,2,-0.1,a6,a7a6,Nf5,e7f5,-0.19,1.01,120.0,False,12,22,saransh12387,jhoni1979,1924,1934,0-1
r2qk2r/1p1bnp1p/p3p1pB/1NPpb3/8/3B4/PPPQ1PPP/R3K2R w KQkq - 0 13,13,26,49,0,0,0,Opening,7,7,1,1,2,2,2,2,1,1,1,1,2,1,0,0,0,0,0,2,2,1.06,Nd6+,b5d6,Nd6+,b5d6,0.98,1.2,21.999999999999996,True,12,22,saransh12387,jhoni1979,1924,1934,0-1
r2qk2r/1p1bnp1p/p2Np1pB/2Ppb3/8/3B4/PPPQ1PPP/R3K2R b KQkq - 1 13,13,26,1,0,0,0,Opening,7,7,1,1,2,2,2,2,1,1,1,1,2,1,0,0,0,0,0,2,2,1.14,Bxd6,e5d6,Bxd6,e5d6,0.98,1.02,4.0000000000000036,True,12,22,saransh12387,jhoni1979,1924,1934,0-1
r2qk2r/1p1bnp1p/p2bp1pB/2Pp4/8/3B4/PPPQ1PPP/R3K2R w KQkq - 0 14,14,25,46,-3,0,0,Opening,7,7,0,1,2,2,2,2,1,1,1,1,2,1,0,0,0,0,0,2,2,1.12,cxd6,c5d6,cxd6,c5d6,1.19,1.19,0.0,True,12,22,saransh12387,jhoni1979,1924,1934,0-1
r2qk2r/1p1bnp1p/p2Pp1pB/3p4/8/3B4/PPPQ1PPP/R3K2R b KQkq - 0 14,14,24,26,0,0,0,Middlegame,7,7,0,1,2,1,2,2,1,1,1,0,2,0,0,0,0,1,0,2,2,1.12,Nf5,e7f5,Nc8,e7c8,1.35,1.27,8.000000000000007,False,12,22,saransh12387,jhoni1979,1924,1934,0-1
r2qk2r/1p1b1p1p/p2Pp1pB/3p1n2/8/3B4/PPPQ1PPP/R3K2R w KQkq - 1 15,15,24,43,0,0,0,Middlegame,7,7,0,1,2,1,2,2,1,1,1,0,2,0,0,0,0,1,0,2,2,1.19,Bxf5,d3f5,Bxf5,d3f5,1.35,1.26,9.000000000000007,True,12,22,saransh12387,jhoni1979,1924,1934,0-1
r2qk2r/1p1b1p1p/p2Pp1pB/3p1B2/8/8/PPPQ1PPP/R3K2R b KQkq - 0 15,15,23,27,3,0,0,Middlegame,7,7,0,0,2,1,2,2,1,1,1,0,2,0,0,0,0,1,0,2,2,1.25,gxf5,g6f5,gxf5,g6f5,1.24,1.26,2.0000000000000018,True,12,22,saransh12387,jhoni1979,1924,1934,0-1
r2qk2r/1p1b1p1p/p2Pp2B/3p1p2/8/8/PPPQ1PPP/R3K2R w KQkq - 0 16,16,22,39,0,0,0,Middlegame,7,7,0,0,1,1,2,2,1,1,0,0,2,0,1,0,1,1,0,2,3,1.26,Bg5,h6g5,O-O-O,e1c1,1.19,0.19,100.0,False,12,22,saransh12387,jhoni1979,1924,1934,0-1
r2qk2r/1p1b1p1p/p2Pp3/3p1pB1/8/8/PPPQ1PPP/R3K2R b KQkq - 1 16,16,22,28,0,0,0,Middlegame,7,7,0,0,1,1,2,2,1,1,0,0,2,0,1,0,1,1,0,2,3,0.31,f6,f7f6,f6,f7f6,0.14,0.15,0.9999999999999981,True,12,22,saransh12387,jhoni1979,1924,1934,0-1
r2qk2r/1p1b3p/p2Ppp2/3p1pB1/8/8/PPPQ1PPP/R3K2R w KQkq - 0 17,17,22,38,0,0,0,Middlegame,7,7,0,0,1,1,2,2,1,1,0,0,2,0,1,0,1,1,0,2,3,0.18,Qd4,d2d4,Be3,g5e3,0.19,-1.4,159.0,False,12,22,saransh12387,jhoni1979,1924,1934,0-1
r2qk2r/1p1b3p/p2Ppp2/3p1pB1/3Q4/8/PPP2PPP/R3K2R b KQkq - 1 17,17,22,26,0,0,0,Middlegame,7,7,0,0,1,1,2,2,1,1,0,0,2,0,1,0,1,1,0,2,3,-1.8,Rf8,h8f8,e5,e6e5,-1.66,0.13,179.0,False,12,22,saransh12387,jhoni1979,1924,1934,0-1
r2qkr2/1p1b3p/p2Ppp2/3p1pB1/3Q4/8/PPP2PPP/R3K2R w KQq - 2 18,18,22,48,0,0,0,Middlegame,7,7,0,0,1,1,2,2,1,1,0,0,2,0,1,0,1,1,0,2,3,0.05,Be3,g5e3,Bd2,g5d2,-0.02,-0.79,77.0,False,12,22,saransh12387,jhoni1979,1924,1934,0-1
r2qkr2/1p1b3p/p2Ppp2/3p1p2/3Q4/4B3/PPP2PPP/R3K2R b KQq - 3 18,18,22,24,0,0,0,Middlegame,7,7,0,0,1,1,2,2,1,1,0,0,2,0,1,0,1,1,0,2,3,-0.62,Bc6,d7c6,Qa5+,d8a5,-0.57,-0.15,41.99999999999999,False,12,22,saransh12387,jhoni1979,1924,1934,0-1
r2qkr2/1p5p/p1bPpp2/3p1p2/3Q4/4B3/PPP2PPP/R3K2R w KQq - 4 19,19,22,46,0,0,0,Middlegame,7,7,0,0,1,1,2,2,1,1,0,0,2,0,1,0,1,1,0,2,3,0.4,O-O-O,e1c1,Qb4,d4b4,0.44,-0.11,55.00000000000001,False,12,22,saransh12387,jhoni1979,1924,1934,0-1
r2qkr2/1p5p/p1bPpp2/3p1p2/3Q4/4B3/PPP2PPP/2KR3R b q - 5 19,19,22,26,0,1,0,Middlegame,7,7,0,0,1,1,2,2,1,1,0,0,2,0,1,0,1,1,0,2,3,-0.1,Qxd6,d8d6,Qxd6,d8d6,-0.01,0.01,2.0,True,12,22,saransh12387,jhoni1979,1924,1934,0-1
r3kr2/1p5p/p1bqpp2/3p1p2/3Q4/4B3/PPP2PPP/2KR3R w q - 0 20,20,21,42,-1,1,0,Middlegame,6,7,0,0,1,1,2,2,1,1,0,0,2,0,1,0,1,0,0,2,3,-0.05,Bh6,e3h6,Rhe1,h1e1,-0.08,-1.13,104.99999999999999,False,12,22,saransh12387,jhoni1979,1924,1934,0-1
r3kr2/1p5p/p1bqpp1B/3p1p2/3Q4/8/PPP2PPP/2KR3R b q - 1 20,20,21,32,-1,1,0,Middlegame,6,7,0,0,1,1,2,2,1,1,0,0,2,0,1,0,1,0,0,2,3,-1.19,Rf7,f8f7,Rf7,f8f7,-1.24,-1.16,8.000000000000007,True,12,22,saransh12387,jhoni1979,1924,1934,0-1
r3k3/1p3r1p/p1bqpp1B/3p1p2/3Q4/8/PPP2PPP/2KR3R w q - 2 21,21,21,45,-1,1,0,Middlegame,6,7,0,0,1,1,2,2,1,1,0,0,2,0,1,0,1,0,0,2,3,-1.16,Rhe1,h1e1,Bd2,h6d2,-1.13,-1.09,3.9999999999999813,False,12,22,saransh12387,jhoni1979,1924,1934,0-1
r3k3/1p3r1p/p1bqpp1B/3p1p2/3Q4/8/PPP2PPP/2KRR3 b q - 3 21,21,21,34,-1,1,0,Middlegame,6,7,0,0,1,1,2,2,1,1,0,0,2,0,1,0,1,0,0,2,3,-1.12,O-O-O,e8c8,O-O-O,e8c8,-1.1,-1.19,8.999999999999986,True,12,22,saransh12387,jhoni1979,1924,1934,0-1
2kr4/1p3r1p/p1bqpp1B/3p1p2/3Q4/8/PPP2PPP/2KRR3 w - - 4 22,22,21,47,-1,1,1,Middlegame,6,7,0,0,1,1,2,2,1,1,0,0,2,0,1,0,1,0,0,2,3,-1.23,Qa7,d4a7,Be3,h6e3,-1.22,-1.68,46.0,False,12,22,saransh12387,jhoni1979,1924,1934,0-1
2kr4/Qp3r1p/p1bqpp1B/3p1p2/8/8/PPP2PPP/2KRR3 b - - 5 22,22,21,34,-1,1,1,Middlegame,6,7,0,0,1,1,2,2,1,1,0,0,2,0,1,0,1,0,0,2,3,-1.66,e5,e6e5,e5,e6e5,-1.36,-1.41,4.999999999999982,True,12,22,saransh12387,jhoni1979,1924,1934,0-1
2kr4/Qp3r1p/p1bq1p1B/3ppp2/8/8/PPP2PPP/2KRR3 w - - 0 23,23,21,39,-1,1,1,Middlegame,6,7,0,0,1,1,2,2,1,1,0,0,2,0,1,0,1,0,0,2,3,-1.37,Kb1,c1b1,Bd2,h6d2,-1.14,-1.81,67.00000000000001,False,12,22,saransh12387,jhoni1979,1924,1934,0-1
2kr4/Qp3r1p/p1bq1p1B/3ppp2/8/8/PPP2PPP/1K1RR3 b - - 1 23,23,21,31,-1,0,1,Middlegame,6,7,0,0,1,1,2,2,1,1,0,0,2,0,1,0,1,0,0,2,3,-1.92,Qb8,d6b8,d4,d5d4,-1.83,-1.34,49.0,False,12,22,saransh12387,jhoni1979,1924,1934,0-1
1qkr4/Qp3r1p/p1b2p1B/3ppp2/8/8/PPP2PPP/1K1RR3 w - - 2 24,24,21,41,-1,0,1,Middlegame,6,7,0,0,1,1,2,2,1,1,0,0,2,0,1,0,1,0,0,2,3,-1.53,Qc5,a7c5,Qxb8+,a7b8,-1.35,-1.79,43.99999999999999,False,12,22,saransh12387,jhoni1979,1924,1934,0-1
1qkr4/1p3r1p/p1b2p1B/2Qppp2/8/8/PPP2PPP/1K1RR3 b - - 3 24,24,21,23,-1,0,1,Middlegame,6,7,0,0,1,1,2,2,1,1,0,0,2,0,1,0,1,0,0,2,3,-1.95,Rfd7,f7d7,d4,d5d4,-1.79,-1.13,66.00000000000001,False,12,22,saransh12387,jhoni1979,1924,1934,0-1
1qkr4/1p1r3p/p1b2p1B/2Qppp2/8/8/PPP2PPP/1K1RR3 w - - 4 25,25,21,48,-1,0,1,Middlegame,6,7,0,0,1,1,2,2,1,1,0,0,2,0,1,0,1,0,0,2,3,-1.29,Rd3,d1d3,f4,f2f4,-1.24,-2.0,76.0,False,12,22,saransh12387,jhoni1979,1924,1934,0-1
1qkr4/1p1r3p/p1b2p1B/2Qppp2/8/3R4/PPP2PPP/1K2R3 b - - 5 25,25,21,20,-1,0,1,Middlegame,6,7,0,0,1,1,2,2,1,1,0,0,2,0,1,0,1,0,0,2,3,-2.14,Rc7,d7c7,d4,d5d4,-2.39,-1.05,134.0,False,12,22,saransh12387,jhoni1979,1924,1934,0-1
1qkr4/1pr4p/p1b2p1B/2Qppp2/8/3R4/PPP2PPP/1K2R3 w - - 6 26,26,21,56,-1,0,1,Middlegame,6,7,0,0,1,1,2,2,1,1,0,0,2,0,1,0,1,0,0,2,3,-1.29,Qb6,c5b6,Qe3,c5e3,-1.18,-1.39,20.999999999999996,False,12,22,saransh12387,jhoni1979,1924,1934,0-1
1qkr4/1pr4p/pQb2p1B/3ppp2/8/3R4/PPP2PPP/1K2R3 b - - 7 26,26,21,21,-1,0,1,Middlegame,6,7,0,0,1,1,2,2,1,1,0,0,2,0,1,0,1,0,0,2,3,-1.27,Rd6,d8d6,Rcd7,c7d7,-1.27,-0.04,123.0,False,12,22,saransh12387,jhoni1979,1924,1934,0-1
1qk5/1pr4p/pQbr1p1B/3ppp2/8/3R4/PPP2PPP/1K2R3 w - - 8 27,27,21,53,-1,0,1,Middlegame,6,7,0,0,1,1,2,2,1,1,0,0,2,0,1,0,1,0,0,2,3,-0.03,Bf8,h6f8,Bd2,h6d2,-0.16,-0.51,35.0,False,12,22,saransh12387,jhoni1979,1924,1934,0-1
1qk2B2/1pr4p/pQbr1p2/3ppp2/8/3R4/PPP2PPP/1K2R3 b - - 9 27,27,21,21,-1,0,1,Middlegame,6,7,0,0,1,1,2,2,1,1,0,0,2,0,1,0,1,0,0,2,3,-0.48,Rd8,d6d8,Rd8,d6d8,-0.49,-0.54,5.000000000000004,True,12,22,saransh12387,jhoni1979,1924,1934,0-1
1qkr1B2/1pr4p/pQb2p2/3ppp2/8/3R4/PPP2PPP/1K2R3 w - - 10 28,28,21,53,-1,0,1,Middlegame,6,7,0,0,1,1,2,2,1,1,0,0,2,0,1,0,1,0,0,2,3,-0.48,Bc5,f8c5,Bc5,f8c5,-0.39,-0.38,1.0000000000000009,True,12,22,saransh12387,jhoni1979,1924,1934,0-1
1qkr4/1pr4p/pQb2p2/2Bppp2/8/3R4/PPP2PPP/1K2R3 b - - 11 28,28,21,23,-1,0,1,Middlegame,6,7,0,0,1,1,2,2,1,1,0,0,2,0,1,0,1,0,0,2,3,-0.4,d4,d5d4,d4,d5d4,-0.42,-0.34,7.9999999999999964,True,12,22,saransh12387,jhoni1979,1924,1934,0-1
1qkr4/1pr4p/pQb2p2/2B1pp2/3p4/3R4/PPP2PPP/1K2R3 w - - 0 29,29,21,48,-1,0,1,Middlegame,6,7,0,0,1,1,2,2,1,1,0,0,2,0,1,0,1,0,0,2,3,-0.38,f3,f2f3,Qb4,b6b4,-0.32,-0.64,32.0,False,12,22,saransh12387,jhoni1979,1924,1934,0-1
1qkr4/1pr4p/pQb2p2/2B1pp2/3p4/3R1P2/PPP3PP/1K2R3 b - - 0 29,29,21,26,-1,0,1,Middlegame,6,7,0,0,1,1,2,2,1,1,0,0,2,0,1,0,1,0,0,2,3,-0.82,Bb5,c6b5,Rd5,d8d5,-0.71,-0.3,41.0,False,12,22,saransh12387,jhoni1979,1924,1934,0-1
1qkr4/1pr4p/pQ3p2/1bB1pp2/3p4/3R1P2/PPP3PP/1K2R3 w - - 1 30,30,21,45,-1,0,1,Middlegame,6,7,0,0,1,1,2,2,1,1,0,0,2,0,1,0,1,0,0,2,3,-0.12,Rb3,d3b3,Bd6,c5d6,0.0,-3.31,331.0,False,12,22,saransh12387,jhoni1979,1924,1934,0-1
1qkr4/1pr4p/pQ3p2/1bB1pp2/3p4/1R3P2/PPP3PP/1K2R3 b - - 2 30,30,21,30,-1,0,1,Middlegame,6,7,0,0,1,1,2,2,1,1,0,0,2,0,1,0,1,0,0,2,3,-3.42,Rc6,c7c6,Rc6,c7c6,-3.54,-3.16,37.999999999999986,True,12,22,saransh12387,jhoni1979,1924,1934,0-1
1qkr4/1p5p/pQr2p2/1bB1pp2/3p4/1R3P2/PPP3PP/1K2R3 w - - 3 31,31,21,40,-1,0,1,Middlegame,6,7,0,0,1,1,2,2,1,1,0,0,2,0,1,0,1,0,0,2,3,-3.46,Qa7,b6a7,Rxb5,b3b5,-3.8,-4.0,20.000000000000018,False,12,22,saransh12387,jhoni1979,1924,1934,0-1
1qkr4/Qp5p/p1r2p2/1bB1pp2/3p4/1R3P2/PPP3PP/1K2R3 b - - 4 31,31,21,30,-1,0,1,Middlegame,6,7,0,0,1,1,2,2,1,1,0,0,2,0,1,0,1,0,0,2,3,-3.97,Qxa7,b8a7,Qxa7,b8a7,-3.87,-3.57,30.00000000000003,True,12,22,saransh12387,jhoni1979,1924,1934,0-1
2kr4/qp5p/p1r2p2/1bB1pp2/3p4/1R3P2/PPP3PP/1K2R3 w - - 0 32,32,20,34,-10,0,1,Middlegame,6,7,0,0,1,1,2,2,0,1,0,0,1,0,1,0,1,0,0,2,3,-3.77,Bxa7,c5a7,Bxa7,c5a7,-3.98,-3.78,20.000000000000018,True,12,22,saransh12387,jhoni1979,1924,1934,0-1
2kr4/Bp5p/p1r2p2/1b2pp2/3p4/1R3P2/PPP3PP/1K2R3 b - - 0 32,32,19,29,-1,0,1,Middlegame,6,7,0,0,1,1,2,2,0,0,0,0,0,0,1,0,1,0,0,2,3,-3.87,Rc4,c6c4,Ba4,b5a4,-3.69,-2.88,81.0,False,12,22,saransh12387,jhoni1979,1924,1934,0-1
2kr4/Bp5p/p4p2/1b2pp2/2rp4/1R3P2/PPP3PP/1K2R3 w - - 1 33,33,19,29,-1,0,1,Middlegame,6,7,0,0,1,1,2,2,0,0,0,0,0,0,1,0,1,0,0,2,3,-2.84,a3,a2a3,Rc1,e1c1,-3.25,-3.9,64.99999999999999,False,12,22,saransh12387,jhoni1979,1924,1934,0-1
2kr4/Bp5p/p4p2/1b2pp2/2rp4/PR3P2/1PP3PP/1K2R3 b - - 0 33,33,19,27,-1,0,1,Middlegame,6,7,0,0,1,1,2,2,0,0,0,0,0,0,1,0,1,0,0,2,3,-3.9,Rd6,d8d6,Ba4,b5a4,-3.54,-2.91,62.999999999999986,False,12,22,saransh12387,jhoni1979,1924,1934,0-1
2k5/Bp5p/p2r1p2/1b2pp2/2rp4/PR3P2/1PP3PP/1K2R3 w - - 1 34,34,19,28,-1,0,1,Middlegame,6,7,0,0,1,1,2,2,0,0,0,0,0,0,1,0,1,0,0,2,3,-3.4,g4,g2g4,f4,f3f4,-3.36,-4.01,64.99999999999999,False,12,22,saransh12387,jhoni1979,1924,1934,0-1
2k5/Bp5p/p2r1p2/1b2pp2/2rp2P1/PR3P2/1PP4P/1K2R3 b - - 0 34,34,19,28,-1,0,1,Middlegame,6,7,0,0,1,1,2,2,0,0,0,0,0,0,1,0,1,0,0,2,3,-3.91,b6,b7b6,fxg4,f5g4,-3.83,-2.83,100.0,False,12,22,saransh12387,jhoni1979,1924,1934,0-1
2k5/B6p/pp1r1p2/1b2pp2/2rp2P1/PR3P2/1PP4P/1K2R3 w - - 0 35,35,19,26,-1,0,1,Middlegame,6,7,0,0,1,1,2,2,0,0,0,0,0,0,1,0,1,0,0,2,3,-3.8,a4,a3a4,gxf5,g4f5,-3.8,-4.52,71.99999999999997,False,12,22,saransh12387,jhoni1979,1924,1934,0-1
2k5/B6p/pp1r1p2/1b2pp2/P1rp2P1/1R3P2/1PP4P/1K2R3 b - - 0 35,35,19,27,-1,0,1,Middlegame,6,7,0,0,1,1,2,2,0,0,0,0,0,0,1,0,1,0,0,2,3,-4.85,Rxa4,c4a4,Bxa4,b5a4,-4.87,-3.59,128.00000000000003,False,12,22,saransh12387,jhoni1979,1924,1934,0-1
2k5/B6p/pp1r1p2/1b2pp2/r2p2P1/1R3P2/1PP4P/1K2R3 w - - 0 36,36,18,25,-2,0,1,Middlegame,5,7,0,0,1,1,2,2,0,0,0,0,0,0,1,0,1,0,0,2,3,-4.08,gxf5,g4f5,g5,g4g5,-4.74,-4.71,3.000000000000025,False,12,22,saransh12387,jhoni1979,1924,1934,0-1
2k5/B6p/pp1r1p2/1b2pP2/r2p4/1R3P2/1PP4P/1K2R3 b - - 0 36,36,17,27,-1,0,1,Middlegame,5,6,0,0,1,1,2,2,0,0,0,0,0,1,0,3,1,0,0,3,3,-4.5,Kb7,c8b7,d3,d4d3,-4.38,-4.09,29.000000000000004,False,12,22,saransh12387,jhoni1979,1924,1934,0-1
8/Bk5p/pp1r1p2/1b2pP2/r2p4/1R3P2/1PP4P/1K2R3 w - - 1 37,37,17,23,-1,0,0,Middlegame,5,6,0,0,1,1,2,2,0,0,0,0,0,1,0,3,1,0,0,3,3,-3.8,c4,c2c4,f4,f3f4,-4.44,-5.62,117.99999999999997,False,12,22,saransh12387,jhoni1979,1924,1934,0-1
8/Bk5p/pp1r1p2/1b2pP2/r1Pp4/1R3P2/1P5P/1K2R3 b - c3 0 37,37,17,26,-1,0,0,Middlegame,5,6,0,0,1,1,2,2,0,0,0,0,0,1,0,3,1,0,1,3,3,-5.9,Rxc4,a4c4,Bxc4,b5c4,-6.24,-5.29,95.00000000000001,False,12,22,saransh12387,jhoni1979,1924,1934,0-1
rnbqkbnr/pppppppp/8/8/8/8/PPPPPPPP/RNBQKBNR w KQkq - 0 1,1,30,20,0,0,0,Opening,8,8,2,2,2,2,2,2,1,1,1,1,2,0,0,0,0,0,0,1,1,0.34,e4,e2e4,e4,e2e4,0.32,0.34,2.0000000000000018,True,12,23,saransh12387,joshela281113,1922,1923,0-1
rnbqkbnr/pppppppp/8/8/4P3/8/PPPP1PPP/RNBQKBNR b KQkq - 0 1,1,30,20,0,0,0,Opening,8,8,2,2,2,2,2,2,1,1,1,1,2,0,0,0,0,0,0,1,1,0.32,e5,e7e5,e5,e7e5,0.33,0.33,0.0,True,12,23,saransh12387,joshela281113,1922,1923,0-1
rnbqkbnr/pppp1ppp/8/4p3/4P3/8/PPPP1PPP/RNBQKBNR w KQkq - 0 2,2,30,29,0,0,0,Opening,8,8,2,2,2,2,2,2,1,1,1,1,2,0,0,0,0,0,0,1,1,0.33,Nf3,g1f3,Nf3,g1f3,0.32,0.28,3.9999999999999982,True,12,23,saransh12387,joshela281113,1922,1923,0-1
rnbqkbnr/pppp1ppp/8/4p3/4P3/5N2/PPPP1PPP/RNBQKB1R b KQkq - 1 2,2,30,29,0,0,0,Opening,8,8,2,2,2,2,2,2,1,1,1,1,2,0,0,0,0,0,0,1,1,0.3,Nc6,b8c6,Nc6,b8c6,0.3,0.29,1.0000000000000009,True,12,23,saransh12387,joshela281113,1922,1923,0-1
r1bqkbnr/pppp1ppp/2n5/4p3/4P3/5N2/PPPP1PPP/RNBQKB1R w KQkq - 2 3,3,30,27,0,0,0,Opening,8,8,2,2,2,2,2,2,1,1,1,1,2,0,0,0,0,0,0,1,1,0.3,Bc4,f1c4,Bb5,f1b5,0.23,0.23,0.0,False,12,23,saransh12387,joshela281113,1922,1923,0-1
r1bqkbnr/pppp1ppp/2n5/4p3/2B1P3/5N2/PPPP1PPP/RNBQK2R b KQkq - 3 3,3,30,31,0,0,0,Opening,8,8,2,2,2,2,2,2,1,1,1,1,2,0,0,0,0,0,0,1,1,0.22,Nf6,g8f6,Bc5,f8c5,0.2,0.25,4.999999999999999,False,12,23,saransh12387,joshela281113,1922,1923,0-1
r1bqkb1r/pppp1ppp/2n2n2/4p3/2B1P3/5N2/PPPP1PPP/RNBQK2R w KQkq - 4 4,4,30,33,0,0,0,Opening,8,8,2,2,2,2,2,2,1,1,1,1,2,0,0,0,0,0,0,1,1,0.22,O-O,e1g1,Ng5,f3g5,0.2,-0.46,66.0,False,12,23,saransh12387,joshela281113,1922,1923,0-1
r1bqkb1r/pppp1ppp/2n2n2/4p3/2B1P3/5N2/PPPP1PPP/RNBQ1RK1 b kq - 5 4,4,30,29,0,1,0,Opening,8,8,2,2,2,2,2,2,1,1,1,1,2,0,0,0,0,0,0,1,1,-0.44,Bc5,f8c5,Nxe4,f6e4,-0.45,0.21,66.0,False,12,23,saransh12387,joshela281113,1922,1923,0-1
r1bqk2r/pppp1ppp/2n2n2/2b1p3/2B1P3/5N2/PPPP1PPP/RNBQ1RK1 w kq - 6 5,5,30,30,0,1,0,Opening,8,8,2,2,2,2,2,2,1,1,1,1,2,0,0,0,0,0,0,1,1,0.32,d3,d2d3,d3,d2d3,0.32,0.31,1.0000000000000009,True,12,23,saransh12387,joshela281113,1922,1923,0-1
r1bqk2r/pppp1ppp/2n2n2/2b1p3/2B1P3/3P1N2/PPP2PPP/RNBQ1RK1 b kq - 0 5,5,30,36,0,1,0,Opening,8,8,2,2,2,2,2,2,1,1,1,1,2,0,0,0,0,0,0,1,1,0.35,d6,d7d6,d6,d7d6,0.32,0.31,1.0000000000000009,True,12,23,saransh12387,joshela281113,1922,1923,0-1
r1bqk2r/ppp2ppp/2np1n2/2b1p3/2B1P3/3P1N2/PPP2PPP/RNBQ1RK1 w kq - 0 6,6,30,35,0,1,0,Opening,8,8,2,2,2,2,2,2,1,1,1,1,2,0,0,0,0,0,0,1,1,0.3,c3,c2c3,c3,c2c3,0.28,0.32,3.9999999999999982,True,12,23,saransh12387,joshela281113,1922,1923,0-1
r1bqk2r/ppp2ppp/2np1n2/2b1p3/2B1P3/2PP1N2/PP3PPP/RNBQ1RK1 b kq - 0 6,6,30,40,0,1,0,Opening,8,8,2,2,2,2,2,2,1,1,1,1,2,0,0,0,0,0,0,1,1,0.31,h6,h7h6,a5,a7a5,0.29,0.31,2.0000000000000018,False,12,23,saransh12387,joshela281113,1922,1923,0-1
r1bqk2r/ppp2pp1/2np1n1p/2b1p3/2B1P3/2PP1N2/PP3PPP/RNBQ1RK1 w kq - 0 7,7,30,36,0,1,0,Opening,8,8,2,2,2,2,2,2,1,1,1,1,2,0,0,0,0,0,0,1,1,0.27,h3,h2h3,Re1,f1e1,0.3,-0.02,32.0,False,12,23,saransh12387,joshela281113,1922,1923,0-1
r1bqk2r/ppp2pp1/2np1n1p/2b1p3/2B1P3/2PP1N1P/PP3PP1/RNBQ1RK1 b kq - 0 7,7,30,41,0,1,0,Opening,8,8,2,2,2,2,2,2,1,1,1,1,2,0,0,0,0,0,0,1,1,-0.32,a6,a7a6,Bb6,c5b6,-0.31,0.11,42.0,False,12,23,saransh12387,joshela281113,1922,1923,0-1
r1bqk2r/1pp2pp1/p1np1n1p/2b1p3/2B1P3/2PP1N1P/PP3PP1/RNBQ1RK1 w kq - 0 8,8,30,37,0,1,0,Opening,8,8,2,2,2,2,2,2,1,1,1,1,2,0,0,0,0,0,0,1,1,0.05,Bb3,c4b3,b4,b2b4,0.12,-0.1,22.0,False,12,23,saransh12387,joshela281113,1922,1923,0-1
r1bqk2r/1pp2pp1/p1np1n1p/2b1p3/4P3/1BPP1N1P/PP3PP1/RNBQ1RK1 b kq - 1 8,8,30,43,0,1,0,Opening,8,8,2,2,2,2,2,2,1,1,1,1,2,0,0,0,0,0,0,1,1,-0.21,O-O,e8g8,Qe7,d8e7,-0.2,0.17,37.0,False,12,23,saransh12387,joshela281113,1922,1923,0-1
r1bq1rk1/1pp2pp1/p1np1n1p/2b1p3/4P3/1BPP1N1P/PP3PP1/RNBQ1RK1 w - - 2 9,9,30,34,0,1,1,Opening,8,8,2,2,2,2,2,2,1,1,1,1,2,0,0,0,0,0,0,1,1,0.2,Re1,f1e1,Nbd2,b1d2,0.21,0.22,1.0000000000000009,False,12,23,saransh12387,joshela281113,1922,1923,0-1
r1bq1rk1/1pp2pp1/p1np1n1p/2b1p3/4P3/1BPP1N1P/PP3PP1/RNBQR1K1 b - - 3 9,9,30,40,0,1,1,Opening,8,8,2,2,2,2,2,2,1,1,1,1,2,0,0,0,0,0,0,1,1,0.15,Be6,c8e6,Re8,f8e8,0.16,0.22,6.0,False,12,23,saransh12387,joshela281113,1922,1923,0-1
r2q1rk1/1pp2pp1/p1npbn1p/2b1p3/4P3/1BPP1N1P/PP3PP1/RNBQR1K1 w - - 4 10,10,30,34,0,1,1,Opening,8,8,2,2,2,2,2,2,1,1,1,1,2,0,0,0,0,0,0,1,1,0.2,Bxe6,b3e6,Bxe6,b3e6,0.15,0.35,20.0,True,12,23,saransh12387,joshela281113,1922,1923,0-1
r2q1rk1/1pp2pp1/p1npBn1p/2b1p3/4P3/2PP1N1P/PP3PP1/RNBQR1K1 b - - 0 10,10,29,39,3,1,1,Opening,8,8,2,2,2,1,2,2,1,1,1,0,2,0,0,0,0,0,0,1,1,0.27,fxe6,f7e6,fxe6,f7e6,0.26,0.26,0.0,True,12,23,saransh12387,joshela281113,1922,1923,0-1
r2q1rk1/1pp3p1/p1nppn1p/2b1p3/4P3/2PP1N1P/PP3PP1/RNBQR1K1 w - - 0 11,11,28,33,0,1,1,Opening,8,8,2,2,1,1,2,2,1,1,0,0,2,0,1,0,0,0,0,1,2,0.26,Nbd2,b1d2,b4,b2b4,0.22,-0.14,36.0,False,12,23,saransh12387,joshela281113,1922,1923,0-1
r2q1rk1/1pp3p1/p1nppn1p/2b1p3/4P3/2PP1N1P/PP1N1PP1/R1BQR1K1 b - - 1 11,11,28,40,0,1,1,Opening,8,8,2,2,1,1,2,2,1,1,0,0,2,0,1,0,0,0,0,1,2,-0.08,Ba7,c5a7,Nh5,f6h5,-0.06,0.07,13.0,False,12,23,saransh12387,joshela281113,1922,1923,0-1
r2q1rk1/bpp3p1/p1nppn1p/4p3/4P3/2PP1N1P/PP1N1PP1/R1BQR1K1 w - - 2 12,12,28,29,0,1,1,Opening,8,8,2,2,1,1,2,2,1,1,0,0,2,0,1,0,0,0,0,1,2,0.13,Nf1,d2f1,Nf1,d2f1,0.16,0.17,1.0000000000000009,True,12,23,saransh12387,joshela281113,1922,1923,0-1
r2q1rk1/bpp3p1/p1nppn1p/4p3/4P3/2PP1N1P/PP3PP1/R1BQRNK1 b - - 3 12,12,28,37,0,1,1,Opening,8,8,2,2,1,1,2,2,1,1,0,0,2,0,1,0,0,0,0,1,2,0.13,d5,d6d5,Nh5,f6h5,0.18,0.26,8.000000000000002,False,12,23,saransh12387,joshela281113,1922,1923,0-1
r2q1rk1/bpp3p1/p1n1pn1p/3pp3/4P3/2PP1N1P/PP3PP1/R1BQRNK1 w - - 0 13,13,28,35,0,1,1,Opening,8,8,2,2,1,1,2,2,1,1,0,0,2,0,1,0,0,0,0,1,2,0.28,exd5,e4d5,Qc2,d1c2,0.09,0.04,5.0,False,12,23,saransh12387,joshela281113,1922,1923,0-1
r2q1rk1/bpp3p1/p1n1pn1p/3Pp3/8/2PP1N1P/PP3PP1/R1BQRNK1 b - - 0 13,13,27,40,1,1,1,Opening,8,7,2,2,1,1,2,2,1,1,0,0,2,1,1,0,2,0,0,2,3,-0.07,Qxd5,d8d5,exd5,e6d5,-0.02,0.88,90.0,False,12,23,saransh12387,joshela281113,1922,1923,0-1
r4rk1/bpp3p1/p1n1pn1p/3qp3/8/2PP1N1P/PP3PP1/R1BQRNK1 w - - 0 14,14,26,36,0,1,1,Opening,7,7,2,2,1,1,2,2,1,1,0,0,2,0,1,0,2,0,0,2,3,0.75,Ne3,f1e3,Be3,c1e3,0.75,0.01,74.0,False,12,23,saransh12387,joshela281113,1922,1923,0-1
r4rk1/bpp3p1/p1n1pn1p/3qp3/8/2PPNN1P/PP3PP1/R1BQR1K1 b - - 1 14,14,26,49,0,1,1,Opening,7,7,2,2,1,1,2,2,1,1,0,0,2,0,1,0,2,0,0,2,3,0.12,Qd6,d5d6,Qd7,d5d7,0.13,1.98,185.0,False,12,23,saransh12387,joshela281113,1922,1923,0-1
r4rk1/bpp3p1/p1nqpn1p/4p3/8/2PPNN1P/PP3PP1/R1BQR1K1 w - - 2 15,15,26,33,0,1,1,Opening,7,7,2,2,1,1,2,2,1,1,0,0,2,0,1,0,2,0,0,2,3,1.9,Nc4,e3c4,Nc4,e3c4,1.93,1.99,6.000000000000005,True,12,23,saransh12387,joshela281113,1922,1923,0-1
r4rk1/bpp3p1/p1nqpn1p/4p3/2N5/2PP1N1P/PP3PP1/R1BQR1K1 b - - 3 15,15,26,47,0,1,1,Opening,7,7,2,2,1,1,2,2,1,1,0,0,2,0,1,0,2,0,0,2,3,2.08,Qc5,d6c5,Qe7,d6e7,2.06,2.25,18.999999999999993,False,12,23,saransh12387,joshela281113,1922,1923,0-1
r4rk1/bpp3p1/p1n1pn1p/2q1p3/2N5/2PP1N1P/PP3PP1/R1BQR1K1 w - - 4 16,16,26,40,0,1,1,Opening,7,7,2,2,1,1,2,2,1,1,0,0,2,0,1,0,2,0,0,2,3,2.32,Be3,c1e3,Be3,c1e3,2.36,2.2,15.99999999999997,True,12,23,saransh12387,joshela281113,1922,1923,0-1
r4rk1/bpp3p1/p1n1pn1p/2q1p3/2N5/2PPBN1P/PP3PP1/R2QR1K1 b - - 5 16,16,26,45,0,1,1,Opening,7,7,2,2,1,1,2,2,1,1,0,0,2,0,1,0,2,0,0,2,3,2.21,Qe7,c5e7,Qd5,c5d5,2.21,3.05,83.99999999999999,False,12,23,saransh12387,joshela281113,1922,1923,0-1
r4rk1/bpp1q1p1/p1n1pn1p/4p3/2N5/2PPBN1P/PP3PP1/R2QR1K1 w - - 6 17,17,26,43,0,1,1,Opening,7,7,2,2,1,1,2,2,1,1,0,0,2,0,1,0,2,0,0,2,3,2.88,Bxa7,e3a7,Bxa7,e3a7,2.59,2.78,18.999999999999993,True,12,23,saransh12387,joshela281113,1922,1923,0-1
r4rk1/Bpp1q1p1/p1n1pn1p/4p3/2N5/2PP1N1P/PP3PP1/R2QR1K1 b - - 0 17,17,25,41,3,1,1,Opening,7,7,2,2,1,0,2,2,1,1,0,0,2,0,1,0,2,0,0,2,3,2.69,Rxa7,a8a7,Rxa7,a8a7,2.74,2.86,11.999999999999966,True,12,23,saransh12387,joshela281113,1922,1923,0-1
5rk1/rpp1q1p1/p1n1pn1p/4p3/2N5/2PP1N1P/PP3PP1/R2QR1K1 w - - 0 18,18,24,38,0,1,1,Middlegame,7,7,2,2,0,0,2,2,1,1,0,0,2,0,1,0,2,0,0,2,3,2.85,Nfxe5,f3e5,Nfxe5,f3e5,2.77,2.73,4.0000000000000036,True,12,23,saransh12387,joshela281113,1922,1923,0-1
5rk1/rpp1q1p1/p1n1pn1p/4N3/2N5/2PP3P/PP3PP1/R2QR1K1 b - - 0 18,18,23,36,1,1,1,Middlegame,7,6,2,2,0,0,2,2,1,1,0,0,2,0,0,0,1,0,0,2,3,2.77,Nxe5,c6e5,Nxe5,c6e5,2.75,2.77,2.0000000000000018,True,12,23,saransh12387,joshela281113,1922,1923,0-1
5rk1/rpp1q1p1/p3pn1p/4n3/2N5/2PP3P/PP3PP1/R2QR1K1 w - - 0 19,19,22,37,-2,1,1,Middlegame,7,6,1,2,0,0,2,2,1,1,0,0,2,0,0,0,1,0,0,2,3,2.7,Nxe5,c4e5,Nxe5,c4e5,2.81,2.73,8.000000000000007,True,12,23,saransh12387,joshela281113,1922,1923,0-1
5rk1/rpp1q1p1/p3pn1p/4N3/8/2PP3P/PP3PP1/R2QR1K1 b - - 0 19,19,21,32,1,1,1,Middlegame,7,6,1,1,0,0,2,2,1,1,0,0,2,0,0,0,1,0,0,2,3,2.69,Raa8,a7a8,Re8,f8e8,2.71,4.22,150.99999999999997,False,12,23,saransh12387,joshela281113,1922,1923,0-1
r4rk1/1pp1q1p1/p3pn1p/4N3/8/2PP3P/PP3PP1/R2QR1K1 w - - 1 20,20,21,37,1,1,1,Middlegame,7,6,1,1,0,0,2,2,1,1,0,0,2,0,0,0,1,0,0,2,3,4.34,Ng6,e5g6,Ng6,e5g6,4.44,4.34,10.000000000000053,True,12,23,saransh12387,joshela281113,1922,1923,0-1
r4rk1/1pp1q1p1/p3pnNp/8/8/2PP3P/PP3PP1/R2QR1K1 b - - 2 20,20,21,34,1,1,1,Middlegame,7,6,1,1,0,0,2,2,1,1,0,0,2,0,0,0,1,0,0,2,3,4.64,Qd6,e7d6,Qf7,e7f7,4.48,4.57,8.999999999999986,False,12,23,saransh12387,joshela281113,1922,1923,0-1
r4rk1/1pp3p1/p2qpnNp/8/8/2PP3P/PP3PP1/R2QR1K1 w - - 3 21,21,21,37,1,1,1,Middlegame,7,6,1,1,0,0,2,2,1,1,0,0,2,0,0,0,1,0,0,2,3,4.57,Nxf8,g6f8,Nxf8,g6f8,4.53,4.56,2.999999999999936,True,12,23,saransh12387,joshela281113,1922,1923,0-1
r4Nk1/1pp3p1/p2qpn1p/8/8/2PP3P/PP3PP1/R2QR1K1 b - - 0 21,21,20,41,6,1,1,Middlegame,7,6,1,1,0,0,2,1,1,1,0,0,2,0,0,0,1,0,0,2,3,4.49,Rxf8,a8f8,Rxf8,a8f8,4.57,4.59,1.9999999999999574,True,12,23,saransh12387,joshela281113,1922,1923,0-1
5rk1/1pp3p1/p2qpn1p/8/8/2PP3P/PP3PP1/R2QR1K1 w - - 0 22,22,19,31,3,1,1,Middlegame,7,6,0,1,0,0,2,1,1,1,0,0,2,0,0,0,1,0,0,2,3,4.5,Qb3,d1b3,Qe2,d1e2,4.47,3.53,94.0,False,12,23,saransh12387,joshela281113,1922,1923,0-1
5rk1/1pp3p1/p2qpn1p/8/8/1QPP3P/PP3PP1/R3R1K1 b - - 1 22,22,19,39,3,1,1,Middlegame,7,6,0,1,0,0,2,1,1,1,0,0,2,0,0,0,1,0,0,2,3,3.44,Nd5,f6d5,Nd5,f6d5,3.81,3.79,2.0000000000000018,True,12,23,saransh12387,joshela281113,1922,1923,0-1
5rk1/1pp3p1/p2qp2p/3n4/8/1QPP3P/PP3PP1/R3R1K1 w - - 2 23,23,19,33,3,1,1,Middlegame,7,6,0,1,0,0,2,1,1,1,0,0,2,0,0,0,1,0,0,2,3,3.81,Qxb7,b3b7,Qxb7,b3b7,3.49,3.61,11.999999999999966,True,12,23,saransh12387,joshela281113,1922,1923,0-1
5rk1/1Qp3p1/p2qp2p/3n4/8/2PP3P/PP3PP1/R3R1K1 b - - 0 23,23,18,40,4,1,1,Middlegame,7,5,0,1,0,0,2,1,1,1,0,0,2,0,0,0,3,0,0,2,4,3.44,Qf4,d6f4,Qf4,d6f4,3.4,3.69,29.000000000000004,True,12,23,saransh12387,joshela281113,1922,1923,0-1
5rk1/1Qp3p1/p3p2p/3n4/5q2/2PP3P/PP3PP1/R3R1K1 w - - 1 24,24,18,36,4,1,1,Middlegame,7,5,0,1,0,0,2,1,1,1,0,0,2,0,0,0,3,0,0,2,4,3.75,Qa7,b7a7,Qa7,b7a7,3.46,3.67,20.999999999999996,True,12,23,saransh12387,joshela281113,1922,1923,0-1
5rk1/Q1p3p1/p3p2p/3n4/5q2/2PP3P/PP3PP1/R3R1K1 b - - 2 24,24,18,44,4,1,1,Middlegame,7,5,0,1,0,0,2,1,1,1,0,0,2,0,0,0,3,0,0,2,4,3.55,Rf6,f8f6,Qd2,f4d2,3.62,3.86,23.99999999999998,False,12,23,saransh12387,joshela281113,1922,1923,0-1
6k1/Q1p3p1/p3pr1p/3n4/5q2/2PP3P/PP3PP1/R3R1K1 w - - 3 25,25,18,33,4,1,1,Middlegame,7,5,0,1,0,0,2,1,1,1,0,0,2,0,0,0,3,0,0,2,4,4.26,Rf1,e1f1,c4,c3c4,4.19,1.74,245.00000000000003,False,12,23,saransh12387,joshela281113,1922,1923,0-1
6k1/Q1p3p1/p3pr1p/3n4/5q2/2PP3P/PP3PP1/R4RK1 b - - 4 25,25,18,38,4,1,1,Middlegame,7,5,0,1,0,0,2,1,1,1,0,0,2,0,0,0,3,0,0,2,4,2.42,Rg6,f6g6,Rg6,f6g6,2.81,2.81,0.0,True,12,23,saransh12387,joshela281113,1922,1923,0-1
6k1/Q1p3p1/p3p1rp/3n4/5q2/2PP3P/PP3PP1/R4RK1 w - - 5 26,26,18,28,4,1,1,Middlegame,7,5,0,1,0,0,2,1,1,1,0,0,2,0,0,0,3,0,0,2,4,2.79,Qd4,a7d4,Kh1,g1h1,3.15,0.0,315.0,False,12,23,saransh12387,joshela281113,1922,1923,0-1
6k1/2p3p1/p3p1rp/3n4/3Q1q2/2PP3P/PP3PP1/R4RK1 b - - 6 26,26,18,38,4,1,1,Middlegame,7,5,0,1,0,0,2,1,1,1,0,0,2,0,0,0,3,0,0,2,4,0.0,Qf5,f4f5,Qf3,f4f3,0.0,2.63,263.0,False,12,23,saransh12387,joshela281113,1922,1923,0-1
6k1/2p3p1/p3p1rp/3n1q2/3Q4/2PP3P/PP3PP1/R4RK1 w - - 7 27,27,18,35,4,1,1,Middlegame,7,5,0,1,0,0,2,1,1,1,0,0,2,0,0,0,3,0,0,2,4,3.16,Qe4,d4e4,Kh1,g1h1,3.02,3.28,25.99999999999998,False,12,23,saransh12387,joshela281113,1922,1923,0-1
6k1/2p3p1/p3p1rp/3n1q2/4Q3/2PP3P/PP3PP1/R4RK1 b - - 8 27,27,18,33,4,1,1,Middlegame,7,5,0,1,0,0,2,1,1,1,0,0,2,0,0,0,3,0,0,2,4,3.54,Qg5,f5g5,Nf4,d5f4,2.99,4.41,142.0,False,12,23,saransh12387,joshela281113,1922,1923,0-1
6k1/2p3p1/p3p1rp/3n2q1/4Q3/2PP3P/PP3PP1/R4RK1 w - - 9 28,28,18,37,4,1,1,Middlegame,7,5,0,1,0,0,2,1,1,1,0,0,2,0,0,0,3,0,0,2,4,4.43,f4,f2f4,Kh2,g1h2,4.62,4.96,33.999999999999986,False,12,23,saransh12387,joshela281113,1922,1923,0-1
6k1/2p3p1/p3p1rp/3n2q1/4QP2/2PP3P/PP4P1/R4RK1 b - - 0 28,28,18,28,4,1,1,Middlegame,7,5,0,1,0,0,2,1,1,1,0,0,2,0,0,0,3,0,0,2,4,4.68,Qh5,g5h5,Qh5,g5h5,4.54,5.15,61.00000000000003,True,12,23,saransh12387,joshela281113,1922,1923,0-1
6k1/2p3p1/p3p1rp/3n3q/4QP2/2PP3P/PP4P1/R4RK1 w - - 1 29,29,18,36,4,1,1,Middlegame,7,5,0,1,0,0,2,1,1,1,0,0,2,0,0,0,3,0,0,2,4,5.04,g4,g2g4,Rf3,f1f3,4.94,0.0,494.00000000000006,False,12,23,saransh12387,joshela281113,1922,1923,0-1
6k1/2p3p1/p3p1rp/3n3q/4QPP1/2PP3P/PP6/R4RK1 b - - 0 29,29,18,24,4,1,1,Middlegame,7,5,0,1,0,0,2,1,1,1,0,0,2,0,0,0,3,0,0,2,4,0.0,Nf6,d5f6,Qxh3,h5h3,0.0,2.73,273.0,False,12,23,saransh12387,joshela281113,1922,1923,0-1
6k1/2p3p1/p3pnrp/7q/4QPP1/2PP3P/PP6/R4RK1 w - - 1 30,30,18,41,4,1,1,Middlegame,7,5,0,1,0,0,2,1,1,1,0,0,2,0,0,0,3,0,0,2,4,2.57,Qxe6+,e4e6,Qxe6+,e4e6,3.28,3.28,0.0,True,12,23,saransh12387,joshela281113,1922,1923,0-1
6k1/2p3p1/p3Qnrp/7q/5PP1/2PP3P/PP6/R4RK1 b - - 0 30,30,17,3,5,1,1,Middlegame,7,4,0,1,0,0,2,1,1,1,0,0,2,0,0,0,2,0,0,2,3,3.35,Kh7,g8h7,Kh7,g8h7,3.23,3.69,46.0,True,12,23,saransh12387,joshela281113,1922,1923,0-1
8/2p3pk/p3Qnrp/7q/5PP1/2PP3P/PP6/R4RK1 w - - 1 31,31,17,43,5,1,0,Middlegame,7,4,0,1,0,0,2,1,1,1,0,0,2,0,0,0,2,0,0,2,3,3.76,Qe3,e6e3,Rf3,f1f3,3.73,1.63,210.0,False,12,23,saransh12387,joshela281113,1922,1923,0-1
8/2p3pk/p4nrp/7q/5PP1/2PPQ2P/PP6/R4RK1 b - - 2 31,31,17,23,5,1,0,Middlegame,7,4,0,1,0,0,2,1,1,1,0,0,2,0,0,0,2,0,0,2,3,2.14,Nxg4,f6g4,Qh4,h5h4,2.24,2.7,46.0,False,12,23,saransh12387,joshela281113,1922,1923,0-1
8/2p3pk/p5rp/7q/5Pn1/2PPQ2P/PP6/R4RK1 w - - 0 32,32,16,37,4,1,0,Middlegame,6,4,0,1,0,0,2,1,1,1,0,0,2,0,0,2,2,0,0,3,3,2.98,hxg4,h3g4,hxg4,h3g4,2.9,3.23,33.00000000000001,True,12,23,saransh12387,joshela281113,1922,1923,0-1
8/2p3pk/p5rp/7q/5PP1/2PPQ3/PP6/R4RK1 b - - 0 32,32,15,24,7,1,0,Middlegame,6,4,0,0,0,0,2,1,1,1,0,0,2,0,0,0,2,0,0,2,3,2.65,Rxg4+,g6g4,Qxg4+,h5g4,3.29,3.47,18.000000000000014,False,12,23,saransh12387,joshela281113,1922,1923,0-1
8/2p3pk/p6p/7q/5Pr1/2PPQ3/PP6/R4RK1 w - - 0 33,33,14,2,6,1,0,Middlegame,5,4,0,0,0,0,2,1,1,1,0,0,2,0,0,1,2,0,1,2,3,3.43,Kf2,g1f2,Kf2,g1f2,3.33,3.52,18.999999999999993,True,12,23,saransh12387,joshela281113,1922,1923,0-1
8/2p3pk/p6p/7q/5Pr1/2PPQ3/PP3K2/R4R2 b - - 1 33,33,14,29,6,0,0,Middlegame,5,4,0,0,0,0,2,1,1,1,0,0,2,0,0,1,2,0,1,2,3,3.62,Qh2+,h5h2,Qh2+,h5h2,3.52,3.7,18.000000000000014,True,12,23,saransh12387,joshela281113,1922,1923,0-1
8/2p3pk/p6p/8/5Pr1/2PPQ3/PP3K1q/R4R2 w - - 2 34,34,14,2,6,0,0,Middlegame,5,4,0,0,0,0,2,1,1,1,0,0,2,0,0,1,2,0,1,2,3,3.51,Ke1,f2e1,Ke1,f2e1,3.51,3.88,37.000000000000014,True,12,23,saransh12387,joshela281113,1922,1923,0-1
8/2p3pk/p6p/8/5Pr1/2PPQ3/PP5q/R3KR2 b - - 3 34,34,14,29,6,0,0,Middlegame,5,4,0,0,0,0,2,1,1,1,0,0,2,0,0,1,2,0,1,2,3,3.87,Qxb2,h2b2,Rg2,g4g2,3.9,3.85,4.999999999999982,False,12,23,saransh12387,joshela281113,1922,1923,0-1
8/2p3pk/p6p/8/5Pr1/2PPQ3/Pq6/R3KR2 w - - 0 35,35,13,30,5,0,0,Middlegame,4,4,0,0,0,0,2,1,1,1,0,0,2,0,0,2,2,0,1,3,3,3.96,Qe4+,e3e4,Rd1,a1d1,3.85,2.44,141.0,False,12,23,saransh12387,joshela281113,1922,1923,0-1
8/2p3pk/p6p/8/4QPr1/2PP4/Pq6/R3KR2 b - - 1 35,35,13,4,5,0,0,Middlegame,4,4,0,0,0,0,2,1,1,1,0,0,2,0,0,2,2,0,1,3,3,2.51,Kh8,h7h8,Kh8,h7h8,2.76,3.45,69.00000000000004,True,12,23,saransh12387,joshela281113,1922,1923,0-1
7k/2p3p1/p6p/8/4QPr1/2PP4/Pq6/R3KR2 w - - 2 36,36,13,33,5,0,0,Middlegame,4,4,0,0,0,0,2,1,1,1,0,0,2,0,0,2,2,0,1,3,3,3.06,Rd1,a1d1,Rd1,a1d1,3.14,3.37,23.0,True,12,23,saransh12387,joshela281113,1922,1923,0-1
7k/2p3p1/p6p/8/4QPr1/2PP4/Pq6/3RKR2 b - - 3 36,36,13,32,5,0,0,Middlegame,4,4,0,0,0,0,2,1,1,1,0,0,2,0,0,2,2,0,1,3,3,3.52,Rg2,g4g2,Rg2,g4g2,3.63,3.39,23.99999999999998,True,12,23,saransh12387,joshela281113,1922,1923,0-1
7k/2p3p1/p6p/8/4QP2/2PP4/Pq4r1/3RKR2 w - - 4 37,37,13,32,5,0,0,Middlegame,4,4,0,0,0,0,2,1,1,1,0,0,2,0,0,2,2,0,1,3,3,3.46,Rf2,f1f2,Qe5,e4e5,3.56,-10000.0,1000356.0,False,12,23,saransh12387,joshela281113,1922,1923,0-1
7k/2p3p1/p6p/8/4QP2/2PP4/Pq3Rr1/3RK3 b - - 5 37,37,13,30,5,0,0,Middlegame,4,4,0,0,0,0,2,1,1,1,0,0,2,0,0,2,2,0,1,3,3,-10000.0,Qxf2#,b2f2,Qxf2#,b2f2,10000.0,10000.0,0.0,True,12,23,saransh12387,joshela281113,1922,1923,0-1
rnbqkbnr/pppppppp/8/8/8/8/PPPPPPPP/RNBQKBNR w KQkq - 0 1,1,30,20,0,0,0,Opening,8,8,2,2,2,2,2,2,1,1,1,1,2,0,0,0,0,0,0,1,1,0.37,e4,e2e4,e4,e2e4,0.32,0.29,3.0000000000000027,True,12,24,saransh12387,sjgaga,1922,1895,1-0
rnbqkbnr/pppppppp/8/8/4P3/8/PPPP1PPP/RNBQKBNR b KQkq - 0 1,1,30,20,0,0,0,Opening,8,8,2,2,2,2,2,2,1,1,1,1,2,0,0,0,0,0,0,1,1,0.34,c5,c7c5,e5,e7e5,0.39,0.41,1.9999999999999962,False,12,24,saransh12387,sjgaga,1922,1895,1-0
rnbqkbnr/pp1ppppp/8/2p5/4P3/8/PPPP1PPP/RNBQKBNR w KQkq - 0 2,2,30,30,0,0,0,Opening,8,8,2,2,2,2,2,2,1,1,1,1,2,0,0,0,0,0,0,1,1,0.43,Nc3,b1c3,Nf3,g1f3,0.44,0.48,3.9999999999999982,False,12,24,saransh12387,sjgaga,1922,1895,1-0
rnbqkbnr/pp1ppppp/8/2p5/4P3/2N5/PPPP1PPP/R1BQKBNR b KQkq - 1 2,2,30,22,0,0,0,Opening,8,8,2,2,2,2,2,2,1,1,1,1,2,0,0,0,0,0,0,1,1,0.49,e6,e7e6,Nc6,b8c6,0.42,0.47,4.999999999999999,False,12,24,saransh12387,sjgaga,1922,1895,1-0
rnbqkbnr/pp1p1ppp/4p3/2p5/4P3/2N5/PPPP1PPP/R1BQKBNR w KQkq - 0 3,3,30,32,0,0,0,Opening,8,8,2,2,2,2,2,2,1,1,1,1,2,0,0,0,0,0,0,1,1,0.49,g3,g2g3,Nf3,g1f3,0.43,-0.01,44.0,False,12,24,saransh12387,sjgaga,1922,1895,1-0
rnbqkbnr/pp1p1ppp/4p3/2p5/4P3/2N3P1/PPPP1P1P/R1BQKBNR b KQkq - 0 3,3,30,29,0,0,0,Opening,8,8,2,2,2,2,2,2,1,1,1,1,2,0,0,0,0,0,0,1,1,-0.1,a6,a7a6,d5,d7d5,-0.17,0.3,47.0,False,12,24,saransh12387,sjgaga,1922,1895,1-0
rnbqkbnr/1p1p1ppp/p3p3/2p5/4P3/2N3P1/PPPP1P1P/R1BQKBNR w KQkq - 0 4,4,30,33,0,0,0,Opening,8,8,2,2,2,2,2,2,1,1,1,1,2,0,0,0,0,0,0,1,1,0.31,Bg2,f1g2,Nge2,g1e2,0.28,0.2,8.000000000000002,False,12,24,saransh12387,sjgaga,1922,1895,1-0
rnbqkbnr/1p1p1ppp/p3p3/2p5/4P3/2N3P1/PPPP1PBP/R1BQK1NR b KQkq - 1 4,4,30,28,0,0,0,Opening,8,8,2,2,2,2,2,2,1,1,1,1,2,0,0,0,0,0,0,1,1,0.25,Nc6,b8c6,Nc6,b8c6,0.22,0.26,4.000000000000001,True,12,24,saransh12387,sjgaga,1922,1895,1-0
r1bqkbnr/1p1p1ppp/p1n1p3/2p5/4P3/2N3P1/PPPP1PBP/R1BQK1NR w KQkq - 2 5,5,30,30,0,0,0,Opening,8,8,2,2,2,2,2,2,1,1,1,1,2,0,0,0,0,0,0,1,1,0.26,Nge2,g1e2,Nge2,g1e2,0.26,0.26,0.0,True,12,24,saransh12387,sjgaga,1922,1895,1-0
r1bqkbnr/1p1p1ppp/p1n1p3/2p5/4P3/2N3P1/PPPPNPBP/R1BQK2R b KQkq - 3 5,5,30,35,0,0,0,Opening,8,8,2,2,2,2,2,2,1,1,1,1,2,0,0,0,0,0,0,1,1,0.22,Qc7,d8c7,d6,d7d6,0.21,0.39,18.000000000000004,False,12,24,saransh12387,sjgaga,1922,1895,1-0
r1b1kbnr/1pqp1ppp/p1n1p3/2p5/4P3/2N3P1/PPPPNPBP/R1BQK2R w KQkq - 4 6,6,30,27,0,0,0,Opening,8,8,2,2,2,2,2,2,1,1,1,1,2,0,0,0,0,0,0,1,1,0.4,O-O,e1g1,d4,d2d4,0.41,0.23,17.999999999999996,False,12,24,saransh12387,sjgaga,1922,1895,1-0
r1b1kbnr/1pqp1ppp/p1n1p3/2p5/4P3/2N3P1/PPPPNPBP/R1BQ1RK1 b kq - 5 6,6,30,38,0,1,0,Opening,8,8,2,2,2,2,2,2,1,1,1,1,2,0,0,0,0,0,0,1,1,0.15,Nf6,g8f6,d6,d7d6,0.19,0.46,27.0,False,12,24,saransh12387,sjgaga,1922,1895,1-0
r1b1kb1r/1pqp1ppp/p1n1pn2/2p5/4P3/2N3P1/PPPPNPBP/R1BQ1RK1 w kq - 6 7,7,30,25,0,1,0,Opening,8,8,2,2,2,2,2,2,1,1,1,1,2,0,0,0,0,0,0,1,1,0.46,d3,d2d3,d4,d2d4,0.45,-0.19,64.0,False,12,24,saransh12387,sjgaga,1922,1895,1-0
r1b1kb1r/1pqp1ppp/p1n1pn2/2p5/4P3/2NP2P1/PPP1NPBP/R1BQ1RK1 b kq - 0 7,7,30,39,0,1,0,Opening,8,8,2,2,2,2,2,2,1,1,1,1,2,0,0,0,0,0,0,1,1,-0.14,h5,h7h5,Be7,f8e7,-0.14,0.22,36.0,False,12,24,saransh12387,sjgaga,1922,1895,1-0
r1b1kb1r/1pqp1pp1/p1n1pn2/2p4p/4P3/2NP2P1/PPP1NPBP/R1BQ1RK1 w kq - 0 8,8,30,30,0,1,0,Opening,8,8,2,2,2,2,2,2,1,1,1,1,2,0,0,0,0,0,0,1,1,0.31,Bg5,c1g5,Bg5,c1g5,0.35,0.33,1.9999999999999962,True,12,24,saransh12387,sjgaga,1922,1895,1-0
r1b1kb1r/1pqp1pp1/p1n1pn2/2p3Bp/4P3/2NP2P1/PPP1NPBP/R2Q1RK1 b kq - 1 8,8,30,39,0,1,0,Opening,8,8,2,2,2,2,2,2,1,1,1,1,2,0,0,0,0,0,0,1,1,0.43,Ng4,f6g4,Nh7,f6h7,0.38,0.89,51.0,False,12,24,saransh12387,sjgaga,1922,1895,1-0
r1b1kb1r/1pqp1pp1/p1n1p3/2p3Bp/4P1n1/2NP2P1/PPP1NPBP/R2Q1RK1 w kq - 2 9,9,30,37,0,1,0,Opening,8,8,2,2,2,2,2,2,1,1,1,1,2,0,0,0,0,0,0,1,1,0.74,h3,h2h3,h3,h2h3,0.76,0.75,1.0000000000000009,True,12,24,saransh12387,sjgaga,1922,1895,1-0
r1b1kb1r/1pqp1pp1/p1n1p3/2p3Bp/4P1n1/2NP2PP/PPP1NPB1/R2Q1RK1 b kq - 0 9,9,30,40,0,1,0,Opening,8,8,2,2,2,2,2,2,1,1,1,1,2,0,0,0,0,0,0,1,1,0.78,Nge5,g4e5,Nf6,g4f6,0.79,1.11,32.00000000000001,False,12,24,saransh12387,sjgaga,1922,1895,1-0
r1b1kb1r/1pqp1pp1/p1n1p3/2p1n1Bp/4P3/2NP2PP/PPP1NPB1/R2Q1RK1 w kq - 1 10,10,30,36,0,1,0,Opening,8,8,2,2,2,2,2,2,1,1,1,1,2,0,0,0,0,0,0,1,1,1.04,f4,f2f4,Be3,g5e3,1.09,-0.37,146.0,False,12,24,saransh12387,sjgaga,1922,1895,1-0
r1b1kb1r/1pqp1pp1/p1n1p3/2p1n1Bp/4PP2/2NP2PP/PPP1N1B1/R2Q1RK1 b kq - 0 10,10,30,34,0,1,0,Opening,8,8,2,2,2,2,2,2,1,1,1,1,2,0,0,0,0,0,0,1,1,-0.26,Ng6,e5g6,f6,f7f6,-0.42,0.92,134.0,False,12,24,saransh12387,sjgaga,1922,1895,1-0
r1b1kb1r/1pqp1pp1/p1n1p1n1/2p3Bp/4PP2/2NP2PP/PPP1N1B1/R2Q1RK1 w kq - 1 11,11,30,34,0,1,0,Opening,8,8,2,2,2,2,2,2,1,1,1,1,2,0,0,0,0,0,0,1,1,1.1,f5,f4f5,f5,f4f5,1.21,1.2,1.0000000000000009,True,12,24,saransh12387,sjgaga,1922,1895,1-0
r1b1kb1r/1pqp1pp1/p1n1p1n1/2p2PBp/4P3/2NP2PP/PPP1N1B1/R2Q1RK1 b kq - 0 11,11,30,37,0,1,0,Opening,8,8,2,2,2,2,2,2,1,1,1,1,2,0,0,0,0,0,0,1,1,1.16,Nge5,g6e5,Nge5,g6e5,1.16,1.26,10.000000000000009,True,12,24,saransh12387,sjgaga,1922,1895,1-0
r1b1kb1r/1pqp1pp1/p1n1p3/2p1nPBp/4P3/2NP2PP/PPP1N1B1/R2Q1RK1 w kq - 1 12,12,30,40,0,1,0,Opening,8,8,2,2,2,2,2,2,1,1,1,1,2,0,0,0,0,0,0,1,1,1.16,d4,d3d4,f6,f5f6,1.23,-1.32,254.99999999999997,False,12,24,saransh12387,sjgaga,1922,1895,1-0
r1b1kb1r/1pqp1pp1/p1n1p3/2p1nPBp/3PP3/2N3PP/PPP1N1B1/R2Q1RK1 b kq - 0 12,12,30,35,0,1,0,Opening,8,8,2,2,2,2,2,2,1,1,1,1,2,0,0,0,0,0,0,1,1,-1.29,cxd4,c5d4,cxd4,c5d4,-1.43,-1.32,10.999999999999988,True,12,24,saransh12387,sjgaga,1922,1895,1-0
r1b1kb1r/1pqp1pp1/p1n1p3/4nPBp/3pP3/2N3PP/PPP1N1B1/R2Q1RK1 w kq - 0 13,13,29,41,-1,1,0,Opening,7,8,2,2,2,2,2,2,1,1,1,1,2,0,1,0,0,0,0,2,2,-1.16,Nxd4,e2d4,Nb1,c3b1,-1.38,-3.29,191.0,False,12,24,saransh12387,sjgaga,1922,1895,1-0
r1b1kb1r/1pqp1pp1/p1n1p3/4nPBp/3NP3/2N3PP/PPP3B1/R2Q1RK1 b kq - 0 13,13,28,36,0,1,0,Opening,7,7,2,2,2,2,2,2,1,1,1,1,2,0,0,0,0,0,0,2,2,-3.48,Bc5,f8c5,Nxd4,c6d4,-2.88,-0.62,225.99999999999997,False,12,24,saransh12387,sjgaga,1922,1895,1-0
r1b1k2r/1pqp1pp1/p1n1p3/2b1nPBp/3NP3/2N3PP/PPP3B1/R2Q1RK1 w kq - 1 14,14,28,42,0,1,0,Opening,7,7,2,2,2,2,2,2,1,1,1,1,2,0,0,0,0,0,0,2,2,-0.62,Be3,g5e3,Ne2,c3e2,-0.75,-1.29,54.0,False,12,24,saransh12387,sjgaga,1922,1895,1-0
r1b1k2r/1pqp1pp1/p1n1p3/2b1nP1p/3NP3/2N1B1PP/PPP3B1/R2Q1RK1 b kq - 2 14,14,28,45,0,1,0,Opening,7,7,2,2,2,2,2,2,1,1,1,1,2,0,0,0,0,0,0,2,2,-1.96,Nc4,e5c4,Nc4,e5c4,-1.7,-1.74,4.0000000000000036,True,12,24,saransh12387,sjgaga,1922,1895,1-0
r1b1k2r/1pqp1pp1/p1n1p3/2b2P1p/2nNP3/2N1B1PP/PPP3B1/R2Q1RK1 w kq - 3 15,15,28,46,0,1,0,Opening,7,7,2,2,2,2,2,2,1,1,1,1,2,0,0,0,0,0,0,2,2,-1.8,Bf2,e3f2,Bf2,e3f2,-1.83,-1.83,0.0,True,12,24,saransh12387,sjgaga,1922,1895,1-0
r1b1k2r/1pqp1pp1/p1n1p3/2b2P1p/2nNP3/2N3PP/PPP2BB1/R2Q1RK1 b kq - 4 15,15,28,53,0,1,0,Opening,7,7,2,2,2,2,2,2,1,1,1,1,2,0,0,0,0,0,0,2,2,-1.73,Nxb2,c4b2,Nxb2,c4b2,-1.79,-1.71,8.000000000000007,True,12,24,saransh12387,sjgaga,1922,1895,1-0
r1b1k2r/1pqp1pp1/p1n1p3/2b2P1p/3NP3/2N3PP/PnP2BB1/R2Q1RK1 w kq - 0 16,16,27,36,-1,1,0,Opening,6,7,2,2,2,2,2,2,1,1,1,1,2,0,0,2,0,0,0,3,2,-1.7,Qd2,d1d2,Qd2,d1d2,-1.94,-1.86,7.999999999999985,True,12,24,saransh12387,sjgaga,1922,1895,1-0
r1b1k2r/1pqp1pp1/p1n1p3/2b2P1p/3NP3/2N3PP/PnPQ1BB1/R4RK1 b kq - 1 16,16,27,49,-1,1,0,Opening,6,7,2,2,2,2,2,2,1,1,1,1,2,0,0,2,0,0,0,3,2,-1.98,Nc4,b2c4,Nc4,b2c4,-1.82,-1.82,0.0,True,12,24,saransh12387,sjgaga,1922,1895,1-0
r1b1k2r/1pqp1pp1/p1n1p3/2b2P1p/2nNP3/2N3PP/P1PQ1BB1/R4RK1 w kq - 2 17,17,27,42,-1,1,0,Opening,6,7,2,2,2,2,2,2,1,1,1,1,2,0,0,2,0,0,0,3,2,-1.82,Qd1,d2d1,Qe2,d2e2,-1.83,-2.35,52.0,False,12,24,saransh12387,sjgaga,1922,1895,1-0
r1b1k2r/1pqp1pp1/p1n1p3/2b2P1p/2nNP3/2N3PP/P1P2BB1/R2Q1RK1 b kq - 3 17,17,27,53,-1,1,0,Opening,6,7,2,2,2,2,2,2,1,1,1,1,2,0,0,2,0,0,0,3,2,-2.18,Nxd4,c6d4,Nxd4,c6d4,-2.41,-2.25,16.000000000000014,True,12,24,saransh12387,sjgaga,1922,1895,1-0
r1b1k2r/1pqp1pp1/p3p3/2b2P1p/2nnP3/2N3PP/P1P2BB1/R2Q1RK1 w kq - 0 18,18,26,32,-4,1,0,Opening,6,7,1,2,2,2,2,2,1,1,1,1,2,0,0,2,0,0,0,3,2,-2.39,Bxd4,f2d4,Na4,c3a4,-2.44,-2.35,8.999999999999986,False,12,24,saransh12387,sjgaga,1922,1895,1-0
r1b1k2r/1pqp1pp1/p3p3/2b2P1p/2nBP3/2N3PP/P1P3B1/R2Q1RK1 b kq - 0 18,18,25,46,-1,1,0,Opening,6,7,1,1,2,2,2,2,1,1,1,1,2,0,0,2,0,0,0,3,2,-2.3,Ne3,c4e3,Ne3,c4e3,-2.55,-2.43,11.999999999999966,True,12,24,saransh12387,sjgaga,1922,1895,1-0
r1b1k2r/1pqp1pp1/p3p3/2b2P1p/3BP3/2N1n1PP/P1P3B1/R2Q1RK1 w kq - 1 19,19,25,37,-1,1,0,Opening,6,7,1,1,2,2,2,2,1,1,1,1,2,0,0,2,0,0,0,3,2,-2.65,Bxe3,d4e3,Qd3,d1d3,-2.62,-2.88,25.99999999999998,False,12,24,saransh12387,sjgaga,1922,1895,1-0
r1b1k2r/1pqp1pp1/p3p3/2b2P1p/4P3/2N1B1PP/P1P3B1/R2Q1RK1 b kq - 0 19,19,24,39,2,1,0,Middlegame,6,7,1,0,2,2,2,2,1,1,1,1,2,0,0,2,0,0,0,3,2,-2.91,Bxe3+,c5e3,Bxe3+,c5e3,-2.93,-3.03,9.999999999999964,True,12,24,saransh12387,sjgaga,1922,1895,1-0
r1b1k2r/1pqp1pp1/p3p3/5P1p/4P3/2N1b1PP/P1P3B1/R2Q1RK1 w kq - 0 20,20,23,3,-1,1,0,Middlegame,6,7,1,0,1,2,2,2,1,1,0,1,2,0,0,2,0,0,0,3,2,-3.06,Kh1,g1h1,Kh1,g1h1,-2.94,-3.13,18.999999999999993,True,12,24,saransh12387,sjgaga,1922,1895,1-0
r1b1k2r/1pqp1pp1/p3p3/5P1p/4P3/2N1b1PP/P1P3B1/R2Q1R1K b kq - 1 20,20,23,44,-1,0,0,Middlegame,6,7,1,0,1,2,2,2,1,1,0,1,2,0,0,2,0,0,0,3,2,-3.41,Qxc3,c7c3,Qxc3,c7c3,-3.17,-3.16,0.9999999999999787,True,12,24,saransh12387,sjgaga,1922,1895,1-0
r1b1k2r/1p1p1pp1/p3p3/5P1p/4P3/2q1b1PP/P1P3B1/R2Q1R1K w kq - 0 21,21,22,29,-4,0,0,Middlegame,6,7,0,0,1,2,2,2,1,1,0,1,2,0,0,2,0,0,0,3,2,-3.24,Rf3,f1f3,Rb1,a1b1,-3.2,-3.41,20.999999999999996,False,12,24,saransh12387,sjgaga,1922,1895,1-0
r1b1k2r/1p1p1pp1/p3p3/5P1p/4P3/2q1bRPP/P1P3B1/R2Q3K b kq - 1 21,21,22,49,-4,0,0,Middlegame,6,7,0,0,1,2,2,2,1,1,0,1,2,0,0,2,0,0,0,3,2,-3.09,Qd4,c3d4,Qc5,c3c5,-3.21,-2.68,52.99999999999998,False,12,24,saransh12387,sjgaga,1922,1895,1-0
r1b1k2r/1p1p1pp1/p3p3/5P1p/3qP3/4bRPP/P1P3B1/R2Q3K w kq - 2 22,22,22,26,-4,0,0,Middlegame,6,7,0,0,1,2,2,2,1,1,0,1,2,0,0,2,0,0,0,3,2,-2.94,Qf1,d1f1,Qf1,d1f1,-2.84,-2.84,0.0,True,12,24,saransh12387,sjgaga,1922,1895,1-0
r1b1k2r/1p1p1pp1/p3p3/5P1p/3qP3/4bRPP/P1P3B1/R4Q1K b kq - 3 22,22,22,45,-4,0,0,Middlegame,6,7,0,0,1,2,2,2,1,1,0,1,2,0,0,2,0,0,0,3,2,-3.11,e5,e6e5,d6,d7d6,-2.79,-2.66,12.99999999999999,False,12,24,saransh12387,sjgaga,1922,1895,1-0
r1b1k2r/1p1p1pp1/p7/4pP1p/3qP3/4bRPP/P1P3B1/R4Q1K w kq - 0 23,23,22,26,-4,0,0,Middlegame,6,7,0,0,1,2,2,2,1,1,0,1,2,0,0,2,0,0,0,3,2,-3.03,Rd1,a1d1,Rd1,a1d1,-3.45,-3.03,42.000000000000036,True,12,24,saransh12387,sjgaga,1922,1895,1-0
r1b1k2r/1p1p1pp1/p7/4pP1p/3qP3/4bRPP/P1P3B1/3R1Q1K b kq - 1 23,23,22,41,-4,0,0,Middlegame,6,7,0,0,1,2,2,2,1,1,0,1,2,0,0,2,0,0,0,3,2,-2.94,Qc5,d4c5,Qb6,d4b6,-2.74,-1.37,137.0,False,12,24,saransh12387,sjgaga,1922,1895,1-0
r1b1k2r/1p1p1pp1/p7/2q1pP1p/4P3/4bRPP/P1P3B1/3R1Q1K w kq - 2 24,24,22,29,-4,0,0,Middlegame,6,7,0,0,1,2,2,2,1,1,0,1,2,0,0,2,0,0,0,3,2,-1.42,Rd5,d1d5,Rd5,d1d5,-1.2,-1.3,10.000000000000009,True,12,24,saransh12387,sjgaga,1922,1895,1-0
r1b1k2r/1p1p1pp1/p7/2qRpP1p/4P3/4bRPP/P1P3B1/5Q1K b kq - 3 24,24,22,42,-4,0,0,Middlegame,6,7,0,0,1,2,2,2,1,1,0,1,2,0,0,2,0,0,0,3,2,-1.58,Qb6,c5b6,Qb6,c5b6,-1.49,-1.29,19.999999999999996,True,12,24,saransh12387,sjgaga,1922,1895,1-0
r1b1k2r/1p1p1pp1/pq6/3RpP1p/4P3/4bRPP/P1P3B1/5Q1K w kq - 4 25,25,22,33,-4,0,0,Middlegame,6,7,0,0,1,2,2,2,1,1,0,1,2,0,0,2,0,0,0,3,2,-1.39,Rxe5+,d5e5,Rxe5+,d5e5,-1.52,-1.35,16.999999999999993,True,12,24,saransh12387,sjgaga,1922,1895,1-0
r1b1k2r/1p1p1pp1/pq6/4RP1p/4P3/4bRPP/P1P3B1/5Q1K b kq - 0 25,25,21,3,-3,0,0,Middlegame,6,6,0,0,1,2,2,2,1,1,0,1,2,0,0,2,1,0,0,3,3,-1.4,Kf8,e8f8,Kf8,e8f8,-1.52,-1.55,3.0000000000000027,True,12,24,saransh12387,sjgaga,1922,1895,1-0
r1b2k1r/1p1p1pp1/pq6/4RP1p/4P3/4bRPP/P1P3B1/5Q1K w - - 1 26,26,21,30,-3,0,0,Middlegame,6,6,0,0,1,2,2,2,1,1,0,1,2,0,0,2,1,0,0,3,3,-1.54,f6,f5f6,Rd5,e5d5,-1.48,-1.85,37.000000000000014,False,12,24,saransh12387,sjgaga,1922,1895,1-0
r1b2k1r/1p1p1pp1/pq3P2/4R2p/4P3/4bRPP/P1P3B1/5Q1K b - - 0 26,26,21,37,-3,0,0,Middlegame,6,6,0,0,1,2,2,2,1,1,0,1,2,0,0,2,1,0,0,3,3,-1.65,g6,g7g6,g6,g7g6,-1.81,-1.58,23.0,True,12,24,saransh12387,sjgaga,1922,1895,1-0
r1b2k1r/1p1p1p2/pq3Pp1/4R2p/4P3/4bRPP/P1P3B1/5Q1K w - - 0 27,27,21,33,-3,0,0,Middlegame,6,6,0,0,1,2,2,2,1,1,0,1,2,0,0,2,1,0,0,3,3,-1.7,Qd3,f1d3,Qc4,f1c4,-1.64,-2.22,58.00000000000003,False,12,24,saransh12387,sjgaga,1922,1895,1-0
r1b2k1r/1p1p1p2/pq3Pp1/4R2p/4P3/3QbRPP/P1P3B1/7K b - - 1 27,27,21,35,-3,0,0,Middlegame,6,6,0,0,1,2,2,2,1,1,0,1,2,0,0,2,1,0,0,3,3,-2.25,Bc5,e3c5,d6,d7d6,-2.38,-1.81,56.999999999999986,False,12,24,saransh12387,sjgaga,1922,1895,1-0
r1b2k1r/1p1p1p2/pq3Pp1/2b1R2p/4P3/3Q1RPP/P1P3B1/7K w - - 2 28,28,21,36,-3,0,0,Middlegame,6,6,0,0,1,2,2,2,1,1,0,1,2,0,0,2,1,0,0,3,3,-2.28,Qd5,d3d5,Qd2,d3d2,-2.13,-2.33,20.000000000000018,False,12,24,saransh12387,sjgaga,1922,1895,1-0
r1b2k1r/1p1p1p2/pq3Pp1/2bQR2p/4P3/5RPP/P1P3B1/7K b - - 3 28,28,21,31,-3,0,0,Middlegame,6,6,0,0,1,2,2,2,1,1,0,1,2,0,0,2,1,0,0,3,3,-2.53,d6,d7d6,d6,d7d6,-3.03,-3.17,14.000000000000012,True,12,24,saransh12387,sjgaga,1922,1895,1-0
r1b2k1r/1p3p2/pq1p1Pp1/2bQR2p/4P3/5RPP/P1P3B1/7K w - - 0 29,29,21,35,-3,0,0,Middlegame,6,6,0,0,1,2,2,2,1,1,0,1,2,0,0,2,1,0,0,3,3,-3.0,Re7,e5e7,Re7,e5e7,-3.03,-2.99,3.999999999999959,True,12,24,saransh12387,sjgaga,1922,1895,1-0
r1b2k1r/1p2Rp2/pq1p1Pp1/2bQ3p/4P3/5RPP/P1P3B1/7K b - - 1 29,29,21,30,-3,0,0,Middlegame,6,6,0,0,1,2,2,2,1,1,0,1,2,0,0,2,1,0,0,3,3,-3.04,Be6,c8e6,Be6,c8e6,-3.31,-3.33,2.0000000000000018,True,12,24,saransh12387,sjgaga,1922,1895,1-0
r4k1r/1p2Rp2/pq1pbPp1/2bQ3p/4P3/5RPP/P1P3B1/7K w - - 2 30,30,21,39,-3,0,0,Middlegame,6,6,0,0,1,2,2,2,1,1,0,1,2,0,0,2,1,0,0,3,3,-3.28,Qg5,d5g5,Rxe6,e7e6,-3.13,-3.72,59.00000000000003,False,12,24,saransh12387,sjgaga,1922,1895,1-0
r4k1r/1p2Rp2/pq1pbPp1/2b3Qp/4P3/5RPP/P1P3B1/7K b - - 3 30,30,21,37,-3,0,0,Middlegame,6,6,0,0,1,2,2,2,1,1,0,1,2,0,0,2,1,0,0,3,3,-3.86,Qb1+,b6b1,Re8,a8e8,-3.76,-2.24,151.99999999999994,False,12,24,saransh12387,sjgaga,1922,1895,1-0
r4k1r/1p2Rp2/p2pbPp1/2b3Qp/4P3/5RPP/P1P3B1/1q5K w - - 4 31,31,21,4,-3,0,0,Middlegame,6,6,0,0,1,2,2,2,1,1,0,1,2,0,0,2,1,0,0,3,3,-2.37,Rf1,f3f1,Rf1,f3f1,-2.5,-2.7,20.000000000000018,True,12,24,saransh12387,sjgaga,1922,1895,1-0
r4k1r/1p2Rp2/p2pbPp1/2b3Qp/4P3/6PP/P1P3B1/1q3R1K b - - 5 31,31,21,43,-3,0,0,Middlegame,6,6,0,0,1,2,2,2,1,1,0,1,2,0,0,2,1,0,0,3,3,-2.7,Qxc2,b1c2,Qb6,b1b6,-2.87,-0.27,260.0,False,12,24,saransh12387,sjgaga,1922,1895,1-0
r4k1r/1p2Rp2/p2pbPp1/2b3Qp/4P3/6PP/P1q3B1/5R1K w - - 0 32,32,20,36,-4,0,0,Middlegame,5,6,0,0,1,2,2,2,1,1,0,1,2,0,0,1,1,0,0,2,3,-0.21,Rxe6,e7e6,Rxe6,e7e6,-0.3,-0.14,15.999999999999998,True,12,24,saransh12387,sjgaga,1922,1895,1-0
r4k1r/1p3p2/p2pRPp1/2b3Qp/4P3/6PP/P1q3B1/5R1K b - - 0 32,32,19,38,-1,0,0,Middlegame,5,6,0,0,1,1,2,2,1,1,0,0,2,0,0,1,1,0,0,2,3,-0.22,fxe6,f7e6,Qxa2,c2a2,-0.36,5.03,539.0,False,12,24,saransh12387,sjgaga,1922,1895,1-0
r4k1r/1p6/p2ppPp1/2b3Qp/4P3/6PP/P1q3B1/5R1K w - - 0 33,33,18,31,-6,0,0,Middlegame,5,6,0,0,1,1,1,2,1,1,0,0,2,0,0,1,0,1,0,2,3,6.6,Qxg6,g5g6,Qxg6,g5g6,5.79,6.12,33.00000000000001,True,12,24,saransh12387,sjgaga,1922,1895,1-0
r4k1r/1p6/p2ppPQ1/2b4p/4P3/6PP/P1q3B1/5R1K b - - 0 33,33,17,37,-5,0,0,Middlegame,5,5,0,0,1,1,1,2,1,1,0,0,2,0,0,1,1,1,0,2,3,7.07,Rg8,h8g8,d5,d6d5,6.99,7.16,16.999999999999993,False,12,24,saransh12387,sjgaga,1922,1895,1-0
r4kr1/1p6/p2ppPQ1/2b4p/4P3/6PP/P1q3B1/5R1K w - - 1 34,34,17,28,-5,0,0,Middlegame,5,5,0,0,1,1,1,2,1,1,0,0,2,0,0,1,1,1,0,2,3,7.05,Qh7,g6h7,Qh6+,g6h6,7.86,3.92,394.00000000000006,False,12,24,saransh12387,sjgaga,1922,1895,1-0
r4kr1/1p5Q/p2ppP2/2b4p/4P3/6PP/P1q3B1/5R1K b - - 2 34,34,17,41,-5,0,0,Middlegame,5,5,0,0,1,1,1,2,1,1,0,0,2,0,0,1,1,1,0,2,3,4.26,Bd4,c5d4,d5,d6d5,4.15,10000.0,999585.0,False,12,24,saransh12387,sjgaga,1922,1895,1-0
r4kr1/1p5Q/p2ppP2/7p/3bP3/6PP/P1q3B1/5R1K w - - 3 35,35,17,30,-5,0,0,Middlegame,5,5,0,0,1,1,1,2,1,1,0,0,2,0,0,1,1,1,0,2,3,10000.0,Qe7#,h7e7,Qe7#,h7e7,10000.0,10000.0,0.0,True,12,24,saransh12387,sjgaga,1922,1895,1-0
rnbqkbnr/pppppppp/8/8/8/8/PPPPPPPP/RNBQKBNR w KQkq - 0 1,1,30,20,0,0,0,Opening,8,8,2,2,2,2,2,2,1,1,1,1,2,0,0,0,0,0,0,1,1,0.32,e4,e2e4,d4,d2d4,0.31,0.38,7.000000000000001,False,12,25,saransh12387,SOS44,1920,1940,0-1
rnbqkbnr/pppppppp/8/8/4P3/8/PPPP1PPP/RNBQKBNR b KQkq - 0 1,1,30,20,0,0,0,Opening,8,8,2,2,2,2,2,2,1,1,1,1,2,0,0,0,0,0,0,1,1,0.39,c5,c7c5,e5,e7e5,0.36,0.49,13.0,False,12,25,saransh12387,SOS44,1920,1940,0-1
rnbqkbnr/pp1ppppp/8/2p5/4P3/8/PPPP1PPP/RNBQKBNR w KQkq - 0 2,2,30,30,0,0,0,Opening,8,8,2,2,2,2,2,2,1,1,1,1,2,0,0,0,0,0,0,1,1,0.48,Nf3,g1f3,Nf3,g1f3,0.43,0.43,0.0,True,12,25,saransh12387,SOS44,1920,1940,0-1
rnbqkbnr/pp1ppppp/8/2p5/4P3/5N2/PPPP1PPP/RNBQKB1R b KQkq - 1 2,2,30,22,0,0,0,Opening,8,8,2,2,2,2,2,2,1,1,1,1,2,0,0,0,0,0,0,1,1,0.48,Nc6,b8c6,e6,e7e6,0.5,0.39,10.999999999999998,False,12,25,saransh12387,SOS44,1920,1940,0-1
r1bqkbnr/pp1ppppp/2n5/2p5/4P3/5N2/PPPP1PPP/RNBQKB1R w KQkq - 2 3,3,30,28,0,0,0,Opening,8,8,2,2,2,2,2,2,1,1,1,1,2,0,0,0,0,0,0,1,1,0.38,d4,d2d4,d4,d2d4,0.42,0.45,3.0000000000000027,True,12,25,saransh12387,SOS44,1920,1940,0-1
r1bqkbnr/pp1ppppp/2n5/2p5/3PP3/5N2/PPP2PPP/RNBQKB1R b KQkq - 0 3,3,30,27,0,0,0,Opening,8,8,2,2,2,2,2,2,1,1,1,1,2,0,0,0,0,0,0,1,1,0.46,cxd4,c5d4,cxd4,c5d4,0.41,0.39,1.9999999999999962,True,12,25,saransh12387,SOS44,1920,1940,0-1
r1bqkbnr/pp1ppppp/2n5/8/3pP3/5N2/PPP2PPP/RNBQKB1R w KQkq - 0 4,4,29,37,-1,0,0,Opening,7,8,2,2,2,2,2,2,1,1,1,1,2,0,1,0,0,0,0,2,2,0.36,Nxd4,f3d4,Nxd4,f3d4,0.35,0.32,2.9999999999999973,True,12,25,saransh12387,SOS44,1920,1940,0-1
r1bqkbnr/pp1ppppp/2n5/8/3NP3/8/PPP2PPP/RNBQKB1R b KQkq - 0 4,4,28,25,0,0,0,Opening,7,7,2,2,2,2,2,2,1,1,1,1,2,0,0,0,0,0,0,2,2,0.32,e5,e7e5,g6,g7g6,0.31,0.4,9.000000000000002,False,12,25,saransh12387,SOS44,1920,1940,0-1
r1bqkbnr/pp1p1ppp/2n5/4p3/3NP3/8/PPP2PPP/RNBQKB1R w KQkq - 0 5,5,28,41,0,0,0,Opening,7,7,2,2,2,2,2,2,1,1,1,1,2,0,0,0,0,0,0,2,2,0.37,Nb5,d4b5,Nb5,d4b5,0.45,0.47,1.9999999999999962,True,12,25,saransh12387,SOS44,1920,1940,0-1
r1bqkbnr/pp1p1ppp/2n5/1N2p3/4P3/8/PPP2PPP/RNBQKB1R b KQkq - 1 5,5,28,33,0,0,0,Opening,7,7,2,2,2,2,2,2,1,1,1,1,2,0,0,0,0,0,0,2,2,0.49,a6,a7a6,d6,d7d6,0.47,0.63,16.000000000000004,False,12,25,saransh12387,SOS44,1920,1940,0-1
r1bqkbnr/1p1p1ppp/p1n5/1N2p3/4P3/8/PPP2PPP/RNBQKB1R w KQkq - 0 6,6,28,42,0,0,0,Opening,7,7,2,2,2,2,2,2,1,1,1,1,2,0,0,0,0,0,0,2,2,0.61,Nd6+,b5d6,Nd6+,b5d6,0.74,0.78,4.0000000000000036,True,12,25,saransh12387,SOS44,1920,1940,0-1
r1bqkbnr/1p1p1ppp/p1nN4/4p3/4P3/8/PPP2PPP/RNBQKB1R b KQkq - 1 6,6,28,2,0,0,0,Opening,7,7,2,2,2,2,2,2,1,1,1,1,2,0,0,0,0,0,0,2,2,0.7,Bxd6,f8d6,Bxd6,f8d6,0.53,0.53,0.0,True,12,25,saransh12387,SOS44,1920,1940,0-1
r1bqk1nr/1p1p1ppp/p1nb4/4p3/4P3/8/PPP2PPP/RNBQKB1R w KQkq - 0 7,7,27,37,-3,0,0,Opening,7,7,1,2,2,2,2,2,1,1,1,1,2,0,0,0,0,0,0,2,2,0.54,Qxd6,d1d6,Qxd6,d1d6,0.71,0.55,15.999999999999993,True,12,25,saransh12387,SOS44,1920,1940,0-1
r1bqk1nr/1p1p1ppp/p1nQ4/4p3/4P3/8/PPP2PPP/RNB1KB1R b KQkq - 0 7,7,26,27,0,0,0,Opening,7,7,1,2,2,1,2,2,1,1,1,0,2,0,0,0,0,0,0,2,2,0.57,Qf6,d8f6,Qe7,d8e7,0.5,0.85,35.0,False,12,25,saransh12387,SOS44,1920,1940,0-1
r1b1k1nr/1p1p1ppp/p1nQ1q2/4p3/4P3/8/PPP2PPP/RNB1KB1R w KQkq - 1 8,8,26,46,0,0,0,Opening,7,7,1,2,2,1,2,2,1,1,1,0,2,0,0,0,0,0,0,2,2,1.01,Qc7,d6c7,Qa3,d6a3,0.96,0.51,44.99999999999999,False,12,25,saransh12387,SOS44,1920,1940,0-1
r1b1k1nr/1pQp1ppp/p1n2q2/4p3/4P3/8/PPP2PPP/RNB1KB1R b KQkq - 2 8,8,26,34,0,0,0,Opening,7,7,1,2,2,1,2,2,1,1,1,0,2,0,0,0,0,0,0,2,2,0.54,Qg6,f6g6,Nge7,g8e7,0.47,1.06,59.00000000000001,False,12,25,saransh12387,SOS44,1920,1940,0-1
r1b1k1nr/1pQp1ppp/p1n3q1/4p3/4P3/8/PPP2PPP/RNB1KB1R w KQkq - 3 9,9,26,39,0,0,0,Opening,7,7,1,2,2,1,2,2,1,1,1,0,2,0,0,0,0,0,0,2,2,1.3,Nc3,b1c3,Nc3,b1c3,1.45,1.3,14.999999999999991,True,12,25,saransh12387,SOS44,1920,1940,0-1
r1b1k1nr/1pQp1ppp/p1n3q1/4p3/4P3/2N5/PPP2PPP/R1B1KB1R b KQkq - 4 9,9,26,34,0,0,0,Opening,7,7,1,2,2,1,2,2,1,1,1,0,2,0,0,0,0,0,0,2,2,1.45,Nf6,g8f6,d5,d7d5,1.46,1.6,14.000000000000012,False,12,25,saransh12387,SOS44,1920,1940,0-1
r1b1k2r/1pQp1ppp/p1n2nq1/4p3/4P3/2N5/PPP2PPP/R1B1KB1R w KQkq - 5 10,10,26,41,0,0,0,Opening,7,7,1,2,2,1,2,2,1,1,1,0,2,0,0,0,0,0,0,2,2,1.56,Bd3,f1d3,Be3,c1e3,1.41,-1.1,250.99999999999997,False,12,25,saransh12387,SOS44,1920,1940,0-1
r1b1k2r/1pQp1ppp/p1n2nq1/4p3/4P3/2NB4/PPP2PPP/R1B1K2R b KQkq - 6 10,10,26,34,0,0,0,Opening,7,7,1,2,2,1,2,2,1,1,1,0,2,0,0,0,0,0,0,2,2,-1.33,Qxg2,g6g2,Qxg2,g6g2,-1.34,-1.34,0.0,True,12,25,saransh12387,SOS44,1920,1940,0-1
r1b1k2r/1pQp1ppp/p1n2n2/4p3/4P3/2NB4/PPP2PqP/R1B1K2R w KQkq - 0 11,11,25,40,-1,0,0,Opening,6,7,1,2,2,1,2,2,1,1,1,0,2,0,0,1,0,0,0,3,2,-1.16,Rf1,h1f1,Rf1,h1f1,-1.46,-1.46,0.0,True,12,25,saransh12387,SOS44,1920,1940,0-1
r1b1k2r/1pQp1ppp/p1n2n2/4p3/4P3/2NB4/PPP2PqP/R1B1KR2 b Qkq - 1 11,11,25,40,-1,0,0,Opening,6,7,1,2,2,1,2,2,1,1,1,0,2,0,0,1,0,0,0,3,2,-1.4,O-O,e8g8,d5,d7d5,-1.43,-1.14,29.000000000000004,False,12,25,saransh12387,SOS44,1920,1940,0-1
r1b2rk1/1pQp1ppp/p1n2n2/4p3/4P3/2NB4/PPP2PqP/R1B1KR2 w Q - 2 12,12,25,39,-1,0,1,Opening,6,7,1,2,2,1,2,2,1,1,1,0,2,0,0,1,0,0,0,3,2,-1.2,Be3,c1e3,Bd2,c1d2,-1.17,-1.47,30.000000000000004,False,12,25,saransh12387,SOS44,1920,1940,0-1
r1b2rk1/1pQp1ppp/p1n2n2/4p3/4P3/2NBB3/PPP2PqP/R3KR2 b Q - 3 12,12,25,38,-1,0,1,Opening,6,7,1,2,2,1,2,2,1,1,1,0,2,0,0,1,0,0,0,3,2,-1.33,d5,d7d5,d5,d7d5,-1.19,-1.26,7.000000000000006,True,12,25,saransh12387,SOS44,1920,1940,0-1
r1b2rk1/1pQ2ppp/p1n2n2/3pp3/4P3/2NBB3/PPP2PqP/R3KR2 w Q - 0 13,13,25,49,-1,0,1,Opening,6,7,1,2,2,1,2,2,1,1,1,0,2,0,0,1,0,0,0,3,2,-1.19,exd5,e4d5,Nxd5,c3d5,-1.26,-1.17,9.000000000000007,False,12,25,saransh12387,SOS44,1920,1940,0-1
r1b2rk1/1pQ2ppp/p1n2n2/3Pp3/8/2NBB3/PPP2PqP/R3KR2 b Q - 0 13,13,24,44,0,0,1,Middlegame,6,6,1,2,2,1,2,2,1,1,1,0,2,0,0,2,0,1,0,3,2,-1.19,Nb4,c6b4,Nxd5,f6d5,-1.34,-0.38,96.00000000000001,False,12,25,saransh12387,SOS44,1920,1940,0-1
r1b2rk1/1pQ2ppp/p4n2/3Pp3/1n6/2NBB3/PPP2PqP/R3KR2 w Q - 1 14,14,24,54,0,0,1,Middlegame,6,6,1,2,2,1,2,2,1,1,1,0,2,0,0,2,0,1,0,3,2,-0.55,O-O-O,e1c1,O-O-O,e1c1,-0.72,-0.38,34.0,True,12,25,saransh12387,SOS44,1920,1940,0-1
r1b2rk1/1pQ2ppp/p4n2/3Pp3/1n6/2NBB3/PPP2PqP/2KR1R2 b - - 2 14,14,24,42,0,1,1,Middlegame,6,6,1,2,2,1,2,2,1,1,1,0,2,0,0,2,0,1,0,3,2,-0.27,Nxd3+,b4d3,Nfxd5,f6d5,-0.56,-0.54,2.0000000000000018,False,12,25,saransh12387,SOS44,1920,1940,0-1
r1b2rk1/1pQ2ppp/p4n2/3Pp3/8/2NnB3/PPP2PqP/2KR1R2 w - - 0 15,15,23,4,-3,1,1,Middlegame,6,6,1,2,1,1,2,2,1,1,0,0,2,0,0,2,0,1,0,3,2,-0.76,cxd3,c2d3,cxd3,c2d3,-0.74,-0.74,0.0,True,12,25,saransh12387,SOS44,1920,1940,0-1
r1b2rk1/1pQ2ppp/p4n2/3Pp3/8/2NPB3/PP3PqP/2KR1R2 b - - 0 15,15,22,37,0,1,1,Middlegame,6,6,1,1,1,1,2,2,1,1,0,0,2,1,0,4,0,1,0,4,2,-0.75,Nxd5,f6d5,Re8,f8e8,-0.59,-0.29,30.0,False,12,25,saransh12387,SOS44,1920,1940,0-1
r1b2rk1/1pQ2ppp/p7/3np3/8/2NPB3/PP3PqP/2KR1R2 w - - 0 16,16,21,45,-1,1,1,Middlegame,5,6,1,1,1,1,2,2,1,1,0,0,2,0,0,3,0,0,0,4,2,-0.27,Qxe5,c7e5,Qxe5,c7e5,-0.25,-0.27,2.0000000000000018,True,12,25,saransh12387,SOS44,1920,1940,0-1
r1b2rk1/1p3ppp/p7/3nQ3/8/2NPB3/PP3PqP/2KR1R2 b - - 0 16,16,20,39,0,1,1,Middlegame,5,5,1,1,1,1,2,2,1,1,0,0,2,0,0,3,0,1,0,4,2,-0.2,Nxc3,d5c3,Nxc3,d5c3,-0.17,-0.15,2.0000000000000018,True,12,25,saransh12387,SOS44,1920,1940,0-1
r1b2rk1/1p3ppp/p7/4Q3/8/2nPB3/PP3PqP/2KR1R2 w - - 0 17,17,19,45,-3,1,1,Middlegame,5,5,0,1,1,1,2,2,1,1,0,0,2,0,0,3,0,1,0,4,2,-0.13,Rg1,f1g1,bxc3,b2c3,-0.16,-6.35,619.0,False,12,25,saransh12387,SOS44,1920,1940,0-1
r1b2rk1/1p3ppp/p7/4Q3/8/2nPB3/PP3PqP/2KR2R1 b - - 1 17,17,19,41,-3,1,1,Middlegame,5,5,0,1,1,1,2,2,1,1,0,0,2,0,0,3,0,1,0,4,2,-6.18,Ne2+,c3e2,Ne2+,c3e2,-6.51,-6.89,37.999999999999986,True,12,25,saransh12387,SOS44,1920,1940,0-1
r1b2rk1/1p3ppp/p7/4Q3/8/3PB3/PP2nPqP/2KR2R1 w - - 2 18,18,19,3,-3,1,1,Middlegame,5,5,0,1,1,1,2,2,1,1,0,0,2,0,0,3,0,1,0,4,2,-6.89,Kd2,c1d2,Kb1,c1b1,-6.7,-7.54,83.99999999999999,False,12,25,saransh12387,SOS44,1920,1940,0-1
r1b2rk1/1p3ppp/p7/4Q3/8/3PB3/PP1KnPqP/3R2R1 b - - 3 18,18,19,39,-3,0,1,Middlegame,5,5,0,1,1,1,2,2,1,1,0,0,2,0,0,3,0,1,0,4,2,-7.46,Nxg1,e2g1,Nxg1,e2g1,-7.34,-7.58,24.00000000000002,True,12,25,saransh12387,SOS44,1920,1940,0-1
r1b2rk1/1p3ppp/p7/4Q3/8/3PB3/PP1K1PqP/3R2n1 w - - 0 19,19,18,44,-8,0,1,Middlegame,5,5,0,1,1,1,1,2,1,1,0,0,2,0,0,3,0,1,0,4,2,-7.35,Bd4,e3d4,Kc2,d2c2,-7.61,-8.18,56.99999999999994,False,12,25,saransh12387,SOS44,1920,1940,0-1
r1b2rk1/1p3ppp/p7/4Q3/3B4/3P4/PP1K1PqP/3R2n1 b - - 1 19,19,18,35,-8,0,1,Middlegame,5,5,0,1,1,1,1,2,1,1,0,0,2,0,0,3,0,1,0,4,2,-9.15,Nf3+,g1f3,Nf3+,g1f3,-8.87,-9.49,62.0000000000001,True,12,25,saransh12387,SOS44,1920,1940,0-1
rnbqkbnr/pppppppp/8/8/8/8/PPPPPPPP/RNBQKBNR w KQkq - 0 1,1,30,20,0,0,0,Opening,8,8,2,2,2,2,2,2,1,1,1,1,2,0,0,0,0,0,0,1,1,0.38,e4,e2e4,e4,e2e4,0.31,0.32,1.0000000000000009,True,12,26,saransh12387,boxofwalnuts,1919,1889,1-0
rnbqkbnr/pppppppp/8/8/4P3/8/PPPP1PPP/RNBQKBNR b KQkq - 0 1,1,30,20,0,0,0,Opening,8,8,2,2,2,2,2,2,1,1,1,1,2,0,0,0,0,0,0,1,1,0.32,e5,e7e5,c5,c7c5,0.41,0.38,2.9999999999999973,False,12,26,saransh12387,boxofwalnuts,1919,1889,1-0
rnbqkbnr/pppp1ppp/8/4p3/4P3/8/PPPP1PPP/RNBQKBNR w KQkq - 0 2,2,30,29,0,0,0,Opening,8,8,2,2,2,2,2,2,1,1,1,1,2,0,0,0,0,0,0,1,1,0.37,Nf3,g1f3,Nf3,g1f3,0.35,0.36,1.0000000000000009,True,12,26,saransh12387,boxofwalnuts,1919,1889,1-0
rnbqkbnr/pppp1ppp/8/4p3/4P3/5N2/PPPP1PPP/RNBQKB1R b KQkq - 1 2,2,30,29,0,0,0,Opening,8,8,2,2,2,2,2,2,1,1,1,1,2,0,0,0,0,0,0,1,1,0.37,Nc6,b8c6,Nc6,b8c6,0.41,0.4,0.9999999999999953,True,12,26,saransh12387,boxofwalnuts,1919,1889,1-0
r1bqkbnr/pppp1ppp/2n5/4p3/4P3/5N2/PPPP1PPP/RNBQKB1R w KQkq - 2 3,3,30,27,0,0,0,Opening,8,8,2,2,2,2,2,2,1,1,1,1,2,0,0,0,0,0,0,1,1,0.34,d4,d2d4,Bb5,f1b5,0.3,0.29,1.0000000000000009,False,12,26,saransh12387,boxofwalnuts,1919,1889,1-0
r1bqkbnr/pppp1ppp/2n5/4p3/3PP3/5N2/PPP2PPP/RNBQKB1R b KQkq - 0 3,3,30,32,0,0,0,Opening,8,8,2,2,2,2,2,2,1,1,1,1,2,0,0,0,0,0,0,1,1,0.27,exd4,e5d4,exd4,e5d4,0.16,0.13,3.0,True,12,26,saransh12387,boxofwalnuts,1919,1889,1-0
r1bqkbnr/pppp1ppp/2n5/8/3pP3/5N2/PPP2PPP/RNBQKB1R w KQkq - 0 4,4,29,37,-1,0,0,Opening,7,8,2,2,2,2,2,2,1,1,1,1,2,0,1,0,0,0,0,2,2,0.13,Nxd4,f3d4,Nxd4,f3d4,0.15,0.11,3.9999999999999996,True,12,26,saransh12387,boxofwalnuts,1919,1889,1-0
r1bqkbnr/pppp1ppp/2n5/8/3NP3/8/PPP2PPP/RNBQKB1R b KQkq - 0 4,4,28,32,0,0,0,Opening,7,7,2,2,2,2,2,2,1,1,1,1,2,0,0,0,0,0,0,2,2,0.12,Bc5,f8c5,Nf6,g8f6,0.14,0.36,21.999999999999996,False,12,26,saransh12387,boxofwalnuts,1919,1889,1-0
r1bqk1nr/pppp1ppp/2n5/2b5/3NP3/8/PPP2PPP/RNBQKB1R w KQkq - 1 5,5,28,42,0,0,0,Opening,7,7,2,2,2,2,2,2,1,1,1,1,2,0,0,0,0,0,0,2,2,0.56,Nb3,d4b3,Nb3,d4b3,0.37,0.34,2.9999999999999973,True,12,26,saransh12387,boxofwalnuts,1919,1889,1-0
r1bqk1nr/pppp1ppp/2n5/2b5/4P3/1N6/PPP2PPP/RNBQKB1R b KQkq - 2 5,5,28,37,0,0,0,Opening,7,7,2,2,2,2,2,2,1,1,1,1,2,0,0,0,0,0,0,2,2,0.28,Bb6,c5b6,Bb6,c5b6,0.28,0.34,6.0,True,12,26,saransh12387,boxofwalnuts,1919,1889,1-0
r1bqk1nr/pppp1ppp/1bn5/8/4P3/1N6/PPP2PPP/RNBQKB1R w KQkq - 3 6,6,28,41,0,0,0,Opening,7,7,2,2,2,2,2,2,1,1,1,1,2,0,0,0,0,0,0,2,2,0.32,Nc3,b1c3,Nc3,b1c3,0.33,0.29,4.0000000000000036,True,12,26,saransh12387,boxofwalnuts,1919,1889,1-0
r1bqk1nr/pppp1ppp/1bn5/8/4P3/1NN5/PPP2PPP/R1BQKB1R b KQkq - 4 6,6,28,31,0,0,0,Opening,7,7,2,2,2,2,2,2,1,1,1,1,2,0,0,0,0,0,0,2,2,0.27,Nf6,g8f6,Nf6,g8f6,0.35,0.35,0.0,True,12,26,saransh12387,boxofwalnuts,1919,1889,1-0
r1bqk2r/pppp1ppp/1bn2n2/8/4P3/1NN5/PPP2PPP/R1BQKB1R w KQkq - 5 7,7,28,42,0,0,0,Opening,7,7,2,2,2,2,2,2,1,1,1,1,2,0,0,0,0,0,0,2,2,0.31,Qe2,d1e2,Bg5,c1g5,0.26,0.17,9.0,False,12,26,saransh12387,boxofwalnuts,1919,1889,1-0
r1bqk2r/pppp1ppp/1bn2n2/8/4P3/1NN5/PPP1QPPP/R1B1KB1R b KQkq - 6 7,7,28,31,0,0,0,Opening,7,7,2,2,2,2,2,2,1,1,1,1,2,0,0,0,0,0,0,2,2,0.15,d6,d7d6,O-O,e8g8,0.1,0.54,44.00000000000001,False,12,26,saransh12387,boxofwalnuts,1919,1889,1-0
r1bqk2r/ppp2ppp/1bnp1n2/8/4P3/1NN5/PPP1QPPP/R1B1KB1R w KQkq - 0 8,8,28,37,0,0,0,Opening,7,7,2,2,2,2,2,2,1,1,1,1,2,0,0,0,0,0,0,2,2,0.53,Be3,c1e3,Be3,c1e3,0.62,0.62,0.0,True,12,26,saransh12387,boxofwalnuts,1919,1889,1-0
r1bqk2r/ppp2ppp/1bnp1n2/8/4P3/1NN1B3/PPP1QPPP/R3KB1R b KQkq - 1 8,8,28,37,0,0,0,Opening,7,7,2,2,2,2,2,2,1,1,1,1,2,0,0,0,0,0,0,2,2,0.6,Bg4,c8g4,Be6,c8e6,0.54,0.77,23.0,False,12,26,saransh12387,boxofwalnuts,1919,1889,1-0
r2qk2r/ppp2ppp/1bnp1n2/8/4P1b1/1NN1B3/PPP1QPPP/R3KB1R w KQkq - 2 9,9,28,41,0,0,0,Opening,7,7,2,2,2,2,2,2,1,1,1,1,2,0,0,0,0,0,0,2,2,0.79,f3,f2f3,f3,f2f3,0.87,0.87,0.0,True,12,26,saransh12387,boxofwalnuts,1919,1889,1-0
r2qk2r/ppp2ppp/1bnp1n2/8/4P1b1/1NN1BP2/PPP1Q1PP/R3KB1R b KQkq - 0 9,9,28,41,0,0,0,Opening,7,7,2,2,2,2,2,2,1,1,1,1,2,0,0,0,0,0,0,2,2,0.84,Bxe3,b6e3,Be6,g4e6,0.8,0.94,13.99999999999999,False,12,26,saransh12387,boxofwalnuts,1919,1889,1-0
r2qk2r/ppp2ppp/2np1n2/8/4P1b1/1NN1bP2/PPP1Q1PP/R3KB1R w KQkq - 0 10,10,27,31,-3,0,0,Opening,7,7,2,2,1,2,2,2,1,1,0,1,2,0,0,0,0,0,0,2,2,0.92,Qxe3,e2e3,Qxe3,e2e3,0.92,0.92,0.0,True,12,26,saransh12387,boxofwalnuts,1919,1889,1-0
r2qk2r/ppp2ppp/2np1n2/8/4P1b1/1NN1QP2/PPP3PP/R3KB1R b KQkq - 0 10,10,26,39,0,0,0,Opening,7,7,2,2,1,1,2,2,1,1,0,0,2,0,0,0,0,0,0,2,2,0.92,Be6,g4e6,Be6,g4e6,0.89,0.87,2.0000000000000018,True,12,26,saransh12387,boxofwalnuts,1919,1889,1-0
r2qk2r/ppp2ppp/2npbn2/8/4P3/1NN1QP2/PPP3PP/R3KB1R w KQkq - 1 11,11,26,46,0,0,0,Opening,7,7,2,2,1,1,2,2,1,1,0,0,2,0,0,0,0,0,0,2,2,0.87,O-O-O,e1c1,O-O-O,e1c1,0.85,0.93,8.000000000000007,True,12,26,saransh12387,boxofwalnuts,1919,1889,1-0
r2qk2r/ppp2ppp/2npbn2/8/4P3/1NN1QP2/PPP3PP/2KR1B1R b kq - 2 11,11,26,41,0,1,0,Opening,7,7,2,2,1,1,2,2,1,1,0,0,2,0,0,0,0,0,0,2,2,0.96,Bxb3,e6b3,a6,a7a6,0.89,1.05,16.000000000000004,False,12,26,saransh12387,boxofwalnuts,1919,1889,1-0
r2qk2r/ppp2ppp/2np1n2/8/4P3/1bN1QP2/PPP3PP/2KR1B1R w kq - 0 12,12,25,42,-3,1,0,Opening,7,7,1,2,1,1,2,2,1,1,0,0,2,0,0,0,0,0,0,2,2,1.1,axb3,a2b3,axb3,a2b3,1.18,1.14,4.0000000000000036,True,12,26,saransh12387,boxofwalnuts,1919,1889,1-0
r2qk2r/ppp2ppp/2np1n2/8/4P3/1PN1QP2/1PP3PP/2KR1B1R b kq - 0 12,12,24,33,0,1,0,Middlegame,7,7,1,2,1,0,2,2,1,1,0,0,2,1,0,0,0,0,0,2,2,1.13,a6,a7a6,Qe7,d8e7,1.09,1.29,19.999999999999996,False,12,26,saransh12387,boxofwalnuts,1919,1889,1-0
r2qk2r/1pp2ppp/p1np1n2/8/4P3/1PN1QP2/1PP3PP/2KR1B1R w kq - 0 13,13,24,40,0,1,0,Middlegame,7,7,1,2,1,0,2,2,1,1,0,0,2,1,0,0,0,0,0,2,2,1.2,f4,f3f4,g3,g2g3,1.22,1.0,21.999999999999996,False,12,26,saransh12387,boxofwalnuts,1919,1889,1-0
r2qk2r/1pp2ppp/p1np1n2/8/4PP2/1PN1Q3/1PP3PP/2KR1B1R b kq - 0 13,13,24,34,0,1,0,Middlegame,7,7,1,2,1,0,2,2,1,1,0,0,2,1,0,0,0,0,0,2,2,0.94,Qe7,d8e7,Qe7,d8e7,0.88,0.88,0.0,True,12,26,saransh12387,boxofwalnuts,1919,1889,1-0
r3k2r/1pp1qppp/p1np1n2/8/4PP2/1PN1Q3/1PP3PP/2KR1B1R w kq - 1 14,14,24,40,0,1,0,Middlegame,7,7,1,2,1,0,2,2,1,1,0,0,2,1,0,0,0,0,0,2,2,0.83,h3,h2h3,Bc4,f1c4,0.85,0.42,43.0,False,12,26,saransh12387,boxofwalnuts,1919,1889,1-0
r3k2r/1pp1qppp/p1np1n2/8/4PP2/1PN1Q2P/1PP3P1/2KR1B1R b kq - 0 14,14,24,38,0,1,0,Middlegame,7,7,1,2,1,0,2,2,1,1,0,0,2,1,0,0,0,0,0,2,2,0.47,h5,h7h5,O-O-O,e8c8,0.46,0.74,27.999999999999996,False,12,26,saransh12387,boxofwalnuts,1919,1889,1-0
r3k2r/1pp1qpp1/p1np1n2/7p/4PP2/1PN1Q2P/1PP3P1/2KR1B1R w kq - 0 15,15,24,39,0,1,0,Middlegame,7,7,1,2,1,0,2,2,1,1,0,0,2,1,0,0,0,0,0,2,2,0.75,Bc4,f1c4,Bc4,f1c4,0.8,0.7,10.000000000000009,True,12,26,saransh12387,boxofwalnuts,1919,1889,1-0
r3k2r/1pp1qpp1/p1np1n2/7p/2B1PP2/1PN1Q2P/1PP3P1/2KR3R b kq - 1 15,15,24,39,0,1,0,Middlegame,7,7,1,2,1,0,2,2,1,1,0,0,2,1,0,0,0,0,0,2,2,0.71,O-O-O,e8c8,O-O-O,e8c8,0.7,0.7,0.0,True,12,26,saransh12387,boxofwalnuts,1919,1889,1-0
2kr3r/1pp1qpp1/p1np1n2/7p/2B1PP2/1PN1Q2P/1PP3P1/2KR3R w - - 2 16,16,24,46,0,1,1,Middlegame,7,7,1,2,1,0,2,2,1,1,0,0,2,1,0,0,0,0,0,2,2,0.7,Nd5,c3d5,Rhe1,h1e1,0.69,-0.73,142.0,False,12,26,saransh12387,boxofwalnuts,1919,1889,1-0
2kr3r/1pp1qpp1/p1np1n2/3N3p/2B1PP2/1P2Q2P/1PP3P1/2KR3R b - - 3 16,16,24,36,0,1,1,Middlegame,7,7,1,2,1,0,2,2,1,1,0,0,2,1,0,0,0,0,0,2,2,-0.73,Nxd5,f6d5,Qxe4,e7e4,-0.81,0.19,100.0,False,12,26,saransh12387,boxofwalnuts,1919,1889,1-0
2kr3r/1pp1qpp1/p1np4/3n3p/2B1PP2/1P2Q2P/1PP3P1/2KR3R w - - 0 17,17,23,40,-3,1,1,Middlegame,7,7,0,2,1,0,2,2,1,1,0,0,2,1,0,0,0,0,0,2,2,0.14,Bxd5,c4d5,Bxd5,c4d5,0.17,0.15,2.0000000000000018,True,12,26,saransh12387,boxofwalnuts,1919,1889,1-0
2kr3r/1pp1qpp1/p1np4/3B3p/4PP2/1P2Q2P/1PP3P1/2KR3R b - - 0 17,17,22,34,0,1,1,Middlegame,7,7,0,1,1,0,2,2,1,1,0,0,2,1,0,0,0,0,0,2,2,0.24,Nb4,c6b4,Nb4,c6b4,0.22,0.27,5.000000000000002,True,12,26,saransh12387,boxofwalnuts,1919,1889,1-0
2kr3r/1pp1qpp1/p2p4/3B3p/1n2PP2/1P2Q2P/1PP3P1/2KR3R w - - 1 18,18,22,37,0,1,1,Middlegame,7,7,0,1,1,0,2,2,1,1,0,0,2,1,0,0,0,0,0,2,2,0.13,Qa7,e3a7,Rhe1,h1e1,0.14,-0.31,45.0,False,12,26,saransh12387,boxofwalnuts,1919,1889,1-0
2kr3r/Qpp1qpp1/p2p4/3B3p/1n2PP2/1P5P/1PP3P1/2KR3R b - - 2 18,18,22,34,0,1,1,Middlegame,7,7,0,1,1,0,2,2,1,1,0,0,2,1,0,0,0,0,0,2,2,-0.12,Nxd5,b4d5,c6,c7c6,0.07,0.42,35.0,False,12,26,saransh12387,boxofwalnuts,1919,1889,1-0
2kr3r/Qpp1qpp1/p2p4/3n3p/4PP2/1P5P/1PP3P1/2KR3R w - - 0 19,19,21,32,-3,1,1,Middlegame,7,7,0,1,0,0,2,2,1,1,0,0,2,1,0,0,0,0,0,2,2,0.47,exd5,e4d5,exd5,e4d5,0.5,0.72,21.999999999999996,True,12,26,saransh12387,boxofwalnuts,1919,1889,1-0
2kr3r/Qpp1qpp1/p2p4/3P3p/5P2/1P5P/1PP3P1/2KR3R b - - 0 19,19,20,32,0,1,1,Middlegame,7,7,0,0,0,0,2,2,1,1,0,0,2,1,0,0,0,0,0,2,2,0.71,Kd7,c8d7,Rhe8,h8e8,0.88,2.57,169.0,False,12,26,saransh12387,boxofwalnuts,1919,1889,1-0
3r3r/Qppkqpp1/p2p4/3P3p/5P2/1P5P/1PP3P1/2KR3R w - - 1 20,20,20,29,0,1,0,Middlegame,7,7,0,0,0,0,2,2,1,1,0,0,2,1,0,0,0,0,0,2,2,2.5,Qxb7,a7b7,Rhe1,h1e1,2.19,1.1,108.99999999999999,False,12,26,saransh12387,boxofwalnuts,1919,1889,1-0
3r3r/1Qpkqpp1/p2p4/3P3p/5P2/1P5P/1PP3P1/2KR3R b - - 0 20,20,19,29,1,1,0,Middlegame,7,6,0,0,0,0,2,2,1,1,0,0,2,1,0,0,1,0,0,2,3,1.29,Qe3+,e7e3,Qe3+,e7e3,1.38,1.28,9.999999999999986,True,12,26,saransh12387,boxofwalnuts,1919,1889,1-0
3r3r/1Qpk1pp1/p2p4/3P3p/5P2/1P2q2P/1PP3P1/2KR3R w - - 1 21,21,19,2,1,1,0,Middlegame,7,6,0,0,0,0,2,2,1,1,0,0,2,1,0,0,1,0,0,2,3,0.76,Kb1,c1b1,Kb1,c1b1,0.92,0.96,3.9999999999999925,True,12,26,saransh12387,boxofwalnuts,1919,1889,1-0
3r3r/1Qpk1pp1/p2p4/3P3p/5P2/1P2q2P/1PP3P1/1K1R3R b - - 2 21,21,19,41,1,0,0,Middlegame,7,6,0,0,0,0,2,2,1,1,0,0,2,1,0,0,1,0,0,2,3,0.83,Qxf4,e3f4,Qb6,e3b6,0.96,6.13,517.0,False,12,26,saransh12387,boxofwalnuts,1919,1889,1-0
3r3r/1Qpk1pp1/p2p4/3P3p/5q2/1P5P/1PP3P1/1K1R3R w - - 0 22,22,18,29,0,0,0,Middlegame,6,6,0,0,0,0,2,2,1,1,0,0,2,1,0,0,1,0,0,2,3,5.76,Rhf1,h1f1,Rdf1,d1f1,6.06,5.88,17.99999999999997,False,12,26,saransh12387,boxofwalnuts,1919,1889,1-0
rnbqkbnr/pppppppp/8/8/8/8/PPPPPPPP/RNBQKBNR w KQkq - 0 1,1,30,20,0,0,0,Opening,8,8,2,2,2,2,2,2,1,1,1,1,2,0,0,0,0,0,0,1,1,0.36,e4,e2e4,e4,e2e4,0.3,0.31,1.0000000000000009,True,12,27,saransh12387,Ehrmantraut_99,1918,1919,1-0
rnbqkbnr/pppppppp/8/8/4P3/8/PPPP1PPP/RNBQKBNR b KQkq - 0 1,1,30,20,0,0,0,Opening,8,8,2,2,2,2,2,2,1,1,1,1,2,0,0,0,0,0,0,1,1,0.31,c5,c7c5,c5,c7c5,0.36,0.27,8.999999999999996,True,12,27,saransh12387,Ehrmantraut_99,1918,1919,1-0
rnbqkbnr/pp1ppppp/8/2p5/4P3/8/PPPP1PPP/RNBQKBNR w KQkq - 0 2,2,30,30,0,0,0,Opening,8,8,2,2,2,2,2,2,1,1,1,1,2,0,0,0,0,0,0,1,1,0.27,Nc3,b1c3,Nf3,g1f3,0.35,0.3,4.999999999999999,False,12,27,saransh12387,Ehrmantraut_99,1918,1919,1-0
rnbqkbnr/pp1ppppp/8/2p5/4P3/2N5/PPPP1PPP/R1BQKBNR b KQkq - 1 2,2,30,22,0,0,0,Opening,8,8,2,2,2,2,2,2,1,1,1,1,2,0,0,0,0,0,0,1,1,0.27,Nc6,b8c6,Nc6,b8c6,0.26,0.26,0.0,True,12,27,saransh12387,Ehrmantraut_99,1918,1919,1-0
r1bqkbnr/pp1ppppp/2n5/2p5/4P3/2N5/PPPP1PPP/R1BQKBNR w KQkq - 2 3,3,30,32,0,0,0,Opening,8,8,2,2,2,2,2,2,1,1,1,1,2,0,0,0,0,0,0,1,1,0.26,g3,g2g3,Nf3,g1f3,0.3,0.01,28.999999999999996,False,12,27,saransh12387,Ehrmantraut_99,1918,1919,1-0
r1bqkbnr/pp1ppppp/2n5/2p5/4P3/2N3P1/PPPP1P1P/R1BQKBNR b KQkq - 0 3,3,30,26,0,0,0,Opening,8,8,2,2,2,2,2,2,1,1,1,1,2,0,0,0,0,0,0,1,1,-0.01,g6,g7g6,g6,g7g6,-0.15,-0.16,1.0000000000000009,True,12,27,saransh12387,Ehrmantraut_99,1918,1919,1-0
r1bqkbnr/pp1ppp1p/2n3p1/2p5/4P3/2N3P1/PPPP1P1P/R1BQKBNR w KQkq - 0 4,4,30,33,0,0,0,Opening,8,8,2,2,2,2,2,2,1,1,1,1,2,0,0,0,0,0,0,1,1,-0.14,Bg2,f1g2,Bg2,f1g2,-0.14,-0.09,5.000000000000002,True,12,27,saransh12387,Ehrmantraut_99,1918,1919,1-0
r1bqkbnr/pp1ppp1p/2n3p1/2p5/4P3/2N3P1/PPPP1PBP/R1BQK1NR b KQkq - 1 4,4,30,27,0,0,0,Opening,8,8,2,2,2,2,2,2,1,1,1,1,2,0,0,0,0,0,0,1,1,-0.05,Bg7,f8g7,Bg7,f8g7,-0.07,-0.09,1.9999999999999991,True,12,27,saransh12387,Ehrmantraut_99,1918,1919,1-0
r1bqk1nr/pp1pppbp/2n3p1/2p5/4P3/2N3P1/PPPP1PBP/R1BQK1NR w KQkq - 2 5,5,30,30,0,0,0,Opening,8,8,2,2,2,2,2,2,1,1,1,1,2,0,0,0,0,0,0,1,1,-0.07,Nge2,g1e2,Nge2,g1e2,-0.04,-0.05,1.0000000000000002,True,12,27,saransh12387,Ehrmantraut_99,1918,1919,1-0
r1bqk1nr/pp1pppbp/2n3p1/2p5/4P3/2N3P1/PPPPNPBP/R1BQK2R b KQkq - 3 5,5,30,32,0,0,0,Opening,8,8,2,2,2,2,2,2,1,1,1,1,2,0,0,0,0,0,0,1,1,-0.03,e6,e7e6,d6,d7d6,-0.03,0.07,10.0,False,12,27,saransh12387,Ehrmantraut_99,1918,1919,1-0
r1bqk1nr/pp1p1pbp/2n1p1p1/2p5/4P3/2N3P1/PPPPNPBP/R1BQK2R w KQkq - 0 6,6,30,27,0,0,0,Opening,8,8,2,2,2,2,2,2,1,1,1,1,2,0,0,0,0,0,0,1,1,0.13,O-O,e1g1,d3,d2d3,0.1,-0.15,25.0,False,12,27,saransh12387,Ehrmantraut_99,1918,1919,1-0
r1bqk1nr/pp1p1pbp/2n1p1p1/2p5/4P3/2N3P1/PPPPNPBP/R1BQ1RK1 b kq - 1 6,6,30,38,0,1,0,Opening,8,8,2,2,2,2,2,2,1,1,1,1,2,0,0,0,0,0,0,1,1,-0.16,Nge7,g8e7,Nge7,g8e7,-0.09,-0.09,0.0,True,12,27,saransh12387,Ehrmantraut_99,1918,1919,1-0
r1bqk2r/pp1pnpbp/2n1p1p1/2p5/4P3/2N3P1/PPPPNPBP/R1BQ1RK1 w kq - 2 7,7,30,25,0,1,0,Opening,8,8,2,2,2,2,2,2,1,1,1,1,2,0,0,0,0,0,0,1,1,-0.1,f4,f2f4,d3,d2d3,-0.09,-0.46,37.0,False,12,27,saransh12387,Ehrmantraut_99,1918,1919,1-0
r1bqk2r/pp1pnpbp/2n1p1p1/2p5/4PP2/2N3P1/PPPPN1BP/R1BQ1RK1 b kq - 0 7,7,30,35,0,1,0,Opening,8,8,2,2,2,2,2,2,1,1,1,1,2,0,0,0,0,0,0,1,1,-0.42,d6,d7d6,b6,b7b6,-0.39,-0.38,1.0000000000000009,False,12,27,saransh12387,Ehrmantraut_99,1918,1919,1-0
r1bqk2r/pp2npbp/2npp1p1/2p5/4PP2/2N3P1/PPPPN1BP/R1BQ1RK1 w kq - 0 8,8,30,26,0,1,0,Opening,8,8,2,2,2,2,2,2,1,1,1,1,2,0,0,0,0,0,0,1,1,-0.44,Kh1,g1h1,d3,d2d3,-0.43,-0.75,32.0,False,12,27,saransh12387,Ehrmantraut_99,1918,1919,1-0
r1bqk2r/pp2npbp/2npp1p1/2p5/4PP2/2N3P1/PPPPN1BP/R1BQ1R1K b kq - 1 8,8,30,37,0,0,0,Opening,8,8,2,2,2,2,2,2,1,1,1,1,2,0,0,0,0,0,0,1,1,-0.77,Bd7,c8d7,b6,b7b6,-0.78,-0.2,58.00000000000001,False,12,27,saransh12387,Ehrmantraut_99,1918,1919,1-0
r2qk2r/pp1bnpbp/2npp1p1/2p5/4PP2/2N3P1/PPPPN1BP/R1BQ1R1K w kq - 2 9,9,30,26,0,0,0,Opening,8,8,2,2,2,2,2,2,1,1,1,1,2,0,0,0,0,0,0,1,1,-0.24,d3,d2d3,Nb5,c3b5,-0.23,-0.32,9.0,False,12,27,saransh12387,Ehrmantraut_99,1918,1919,1-0
r2qk2r/pp1bnpbp/2npp1p1/2p5/4PP2/2NP2P1/PPP1N1BP/R1BQ1R1K b kq - 0 9,9,30,39,0,0,0,Opening,8,8,2,2,2,2,2,2,1,1,1,1,2,0,0,0,0,0,0,1,1,-0.29,O-O,e8g8,O-O,e8g8,-0.36,-0.36,0.0,True,12,27,saransh12387,Ehrmantraut_99,1918,1919,1-0
r2q1rk1/pp1bnpbp/2npp1p1/2p5/4PP2/2NP2P1/PPP1N1BP/R1BQ1R1K w - - 1 10,10,30,28,0,0,1,Opening,8,8,2,2,2,2,2,2,1,1,1,1,2,0,0,0,0,0,0,1,1,-0.38,h3,h2h3,Bd2,c1d2,-0.31,-0.53,22.000000000000004,False,12,27,saransh12387,Ehrmantraut_99,1918,1919,1-0
r2q1rk1/pp1bnpbp/2npp1p1/2p5/4PP2/2NP2PP/PPP1N1B1/R1BQ1R1K b - - 0 10,10,30,38,0,0,1,Opening,8,8,2,2,2,2,2,2,1,1,1,1,2,0,0,0,0,0,0,1,1,-0.58,a6,a7a6,a6,a7a6,-0.53,-0.46,7.000000000000001,True,12,27,saransh12387,Ehrmantraut_99,1918,1919,1-0
r2q1rk1/1p1bnpbp/p1npp1p1/2p5/4PP2/2NP2PP/PPP1N1B1/R1BQ1R1K w - - 0 11,11,30,27,0,0,1,Opening,8,8,2,2,2,2,2,2,1,1,1,1,2,0,0,0,0,0,0,1,1,-0.45,g4,g3g4,Nb1,c3b1,-0.65,-0.59,6.000000000000005,False,12,27,saransh12387,Ehrmantraut_99,1918,1919,1-0
r2q1rk1/1p1bnpbp/p1npp1p1/2p5/4PPP1/2NP3P/PPP1N1B1/R1BQ1R1K b - - 0 11,11,30,39,0,0,1,Opening,8,8,2,2,2,2,2,2,1,1,1,1,2,0,0,0,0,0,0,1,1,-0.53,f5,f7f5,f5,f7f5,-0.59,-0.69,9.999999999999998,True,12,27,saransh12387,Ehrmantraut_99,1918,1919,1-0
r2q1rk1/1p1bn1bp/p1npp1p1/2p2p2/4PPP1/2NP3P/PPP1N1B1/R1BQ1R1K w - - 0 12,12,30,29,0,0,1,Opening,8,8,2,2,2,2,2,2,1,1,1,1,2,0,0,0,0,0,0,1,1,-0.69,g5,g4g5,Rb1,a1b1,-0.6,-0.86,26.0,False,12,27,saransh12387,Ehrmantraut_99,1918,1919,1-0
r2q1rk1/1p1bn1bp/p1npp1p1/2p2pP1/4PP2/2NP3P/PPP1N1B1/R1BQ1R1K b - - 0 12,12,30,39,0,0,1,Opening,8,8,2,2,2,2,2,2,1,1,1,1,2,0,0,0,0,0,0,1,1,-0.89,b5,b7b5,Qc7,d8c7,-1.05,-0.86,19.000000000000007,False,12,27,saransh12387,Ehrmantraut_99,1918,1919,1-0
r2q1rk1/3bn1bp/p1npp1p1/1pp2pP1/4PP2/2NP3P/PPP1N1B1/R1BQ1R1K w - - 0 13,13,30,27,0,0,1,Opening,8,8,2,2,2,2,2,2,1,1,1,1,2,0,0,0,0,0,0,1,1,-0.72,Ng3,e2g3,Ng3,e2g3,-0.65,-0.76,10.999999999999998,True,12,27,saransh12387,Ehrmantraut_99,1918,1919,1-0
r2q1rk1/3bn1bp/p1npp1p1/1pp2pP1/4PP2/2NP2NP/PPP3B1/R1BQ1R1K b - - 1 13,13,30,38,0,0,1,Opening,8,8,2,2,2,2,2,2,1,1,1,1,2,0,0,0,0,0,0,1,1,-0.77,b4,b5b4,Rc8,a8c8,-0.71,-0.64,6.999999999999995,False,12,27,saransh12387,Ehrmantraut_99,1918,1919,1-0
r2q1rk1/3bn1bp/p1npp1p1/2p2pP1/1p2PP2/2NP2NP/PPP3B1/R1BQ1R1K w - - 0 14,14,30,31,0,0,1,Opening,8,8,2,2,2,2,2,2,1,1,1,1,2,0,0,0,0,0,0,1,1,-0.75,Nce2,c3e2,Nce2,c3e2,-0.74,-0.79,5.000000000000004,True,12,27,saransh12387,Ehrmantraut_99,1918,1919,1-0
r2q1rk1/3bn1bp/p1npp1p1/2p2pP1/1p2PP2/3P2NP/PPP1N1B1/R1BQ1R1K b - - 1 14,14,30,38,0,0,1,Opening,8,8,2,2,2,2,2,2,1,1,1,1,2,0,0,0,0,0,0,1,1,-0.78,a5,a6a5,a5,a6a5,-0.75,-0.75,0.0,True,12,27,saransh12387,Ehrmantraut_99,1918,1919,1-0
r2q1rk1/3bn1bp/2npp1p1/p1p2pP1/1p2PP2/3P2NP/PPP1N1B1/R1BQ1R1K w - - 0 15,15,30,26,0,0,1,Opening,8,8,2,2,2,2,2,2,1,1,1,1,2,0,0,0,0,0,0,1,1,-0.72,h4,h3h4,h4,h3h4,-0.68,-0.68,0.0,True,12,27,saransh12387,Ehrmantraut_99,1918,1919,1-0
r2q1rk1/3bn1bp/2npp1p1/p1p2pP1/1p2PP1P/3P2N1/PPP1N1B1/R1BQ1R1K b - - 0 15,15,30,37,0,0,1,Opening,8,8,2,2,2,2,2,2,1,1,1,1,2,0,0,0,0,0,0,1,1,-0.69,Nd4,c6d4,a4,a5a4,-0.7,-0.55,14.999999999999991,False,12,27,saransh12387,Ehrmantraut_99,1918,1919,1-0
r2q1rk1/3bn1bp/3pp1p1/p1p2pP1/1p1nPP1P/3P2N1/PPP1N1B1/R1BQ1R1K w - - 1 16,16,30,26,0,0,1,Opening,8,8,2,2,2,2,2,2,1,1,1,1,2,0,0,0,0,0,0,1,1,-0.57,h5,h4h5,h5,h4h5,-0.41,-0.41,0.0,True,12,27,saransh12387,Ehrmantraut_99,1918,1919,1-0
r2q1rk1/3bn1bp/3pp1p1/p1p2pPP/1p1nPP2/3P2N1/PPP1N1B1/R1BQ1R1K b - - 0 16,16,30,40,0,0,1,Opening,8,8,2,2,2,2,2,2,1,1,1,1,2,0,0,0,0,0,0,1,1,-0.49,Rc8,a8c8,Nxe2,d4e2,-0.36,-0.24,12.0,False,12,27,saransh12387,Ehrmantraut_99,1918,1919,1-0
2rq1rk1/3bn1bp/3pp1p1/p1p2pPP/1p1nPP2/3P2N1/PPP1N1B1/R1BQ1R1K w - - 1 17,17,30,26,0,0,1,Opening,8,8,2,2,2,2,2,2,1,1,1,1,2,0,0,0,0,0,0,1,1,-0.28,Be3,c1e3,Nxd4,e2d4,-0.28,-1.59,131.0,False,12,27,saransh12387,Ehrmantraut_99,1918,1919,1-0
2rq1rk1/3bn1bp/3pp1p1/p1p2pPP/1p1nPP2/3PB1N1/PPP1N1B1/R2Q1R1K b - - 2 17,17,30,36,0,0,1,Opening,8,8,2,2,2,2,2,2,1,1,1,1,2,0,0,0,0,0,0,1,1,-1.67,Nxe2,d4e2,Nxe2,d4e2,-1.6,-1.54,6.000000000000005,True,12,27,saransh12387,Ehrmantraut_99,1918,1919,1-0
2rq1rk1/3bn1bp/3pp1p1/p1p2pPP/1p2PP2/3PB1N1/PPP1n1B1/R2Q1R1K w - - 0 18,18,29,32,-3,0,1,Opening,8,8,1,2,2,2,2,2,1,1,1,1,2,0,0,0,0,0,0,1,1,-1.54,Qxe2,d1e2,Qxe2,d1e2,-1.51,-1.5,1.0000000000000009,True,12,27,saransh12387,Ehrmantraut_99,1918,1919,1-0
2rq1rk1/3bn1bp/3pp1p1/p1p2pPP/1p2PP2/3PB1N1/PPP1Q1B1/R4R1K b - - 0 18,18,28,33,0,0,1,Opening,8,8,1,1,2,2,2,2,1,1,1,1,2,0,0,0,0,0,0,1,1,-1.63,Bxb2,g7b2,Bxb2,g7b2,-1.48,-1.51,3.0000000000000027,True,12,27,saransh12387,Ehrmantraut_99,1918,1919,1-0
2rq1rk1/3bn2p/3pp1p1/p1p2pPP/1p2PP2/3PB1N1/PbP1Q1B1/R4R1K w - - 0 19,19,27,37,-1,0,1,Opening,7,8,1,1,2,2,2,2,1,1,1,1,2,0,0,1,0,0,0,2,1,-1.49,Rab1,a1b1,Rae1,a1e1,-1.62,-1.57,5.000000000000004,False,12,27,saransh12387,Ehrmantraut_99,1918,1919,1-0
2rq1rk1/3bn2p/3pp1p1/p1p2pPP/1p2PP2/3PB1N1/PbP1Q1B1/1R3R1K b - - 1 19,19,27,36,-1,0,1,Opening,7,8,1,1,2,2,2,2,1,1,1,1,2,0,0,1,0,0,0,2,1,-1.57,Bg7,b2g7,Bg7,b2g7,-1.49,-1.58,9.000000000000007,True,12,27,saransh12387,Ehrmantraut_99,1918,1919,1-0
2rq1rk1/3bn1bp/3pp1p1/p1p2pPP/1p2PP2/3PB1N1/P1P1Q1B1/1R3R1K w - - 2 20,20,27,39,-1,0,1,Opening,7,8,1,1,2,2,2,2,1,1,1,1,2,0,0,1,0,0,0,2,1,-1.5,Kh2,h1h2,Kh2,h1h2,-1.52,-1.48,4.0000000000000036,True,12,27,saransh12387,Ehrmantraut_99,1918,1919,1-0
2rq1rk1/3bn1bp/3pp1p1/p1p2pPP/1p2PP2/3PB1N1/P1P1Q1BK/1R3R2 b - - 3 20,20,27,34,-1,0,1,Opening,7,8,1,1,2,2,2,2,1,1,1,1,2,0,0,1,0,0,0,2,1,-1.54,Bb5,d7b5,Rf7,f8f7,-1.41,-1.04,36.999999999999986,False,12,27,saransh12387,Ehrmantraut_99,1918,1919,1-0
2rq1rk1/4n1bp/3pp1p1/pbp2pPP/1p2PP2/3PB1N1/P1P1Q1BK/1R3R2 w - - 4 21,21,27,43,-1,0,1,Opening,7,8,1,1,2,2,2,2,1,1,1,1,2,0,0,1,0,0,0,2,1,-0.95,hxg6,h5g6,c4,c2c4,-0.85,-1.5,65.0,False,12,27,saransh12387,Ehrmantraut_99,1918,1919,1-0
2rq1rk1/4n1bp/3pp1P1/pbp2pP1/1p2PP2/3PB1N1/P1P1Q1BK/1R3R2 b - - 0 21,21,26,39,0,0,1,Opening,7,7,1,1,2,2,2,2,1,1,1,1,2,1,0,1,1,0,0,2,2,-1.37,hxg6,h7g6,hxg6,h7g6,-1.47,-1.47,0.0,True,12,27,saransh12387,Ehrmantraut_99,1918,1919,1-0
2rq1rk1/4n1b1/3pp1p1/pbp2pP1/1p2PP2/3PB1N1/P1P1Q1BK/1R3R2 w - - 0 22,22,25,43,-1,0,1,Opening,6,7,1,1,2,2,2,2,1,1,1,1,2,0,0,1,0,0,0,2,1,-1.49,exf5,e4f5,c4,c2c4,-1.61,-1.72,10.999999999999988,False,12,27,saransh12387,Ehrmantraut_99,1918,1919,1-0
2rq1rk1/4n1b1/3pp1p1/pbp2PP1/1p3P2/3PB1N1/P1P1Q1BK/1R3R2 b - - 0 22,22,24,40,0,0,1,Middlegame,6,6,1,1,2,2,2,2,1,1,1,1,2,1,0,1,1,0,0,3,2,-1.65,gxf5,g6f5,exf5,e6f5,-1.53,-0.49,104.0,False,12,27,saransh12387,Ehrmantraut_99,1918,1919,1-0
2rq1rk1/4n1b1/3pp3/pbp2pP1/1p3P2/3PB1N1/P1P1Q1BK/1R3R2 w - - 0 23,23,23,48,-1,0,1,Middlegame,5,6,1,1,2,2,2,2,1,1,1,1,2,0,0,1,0,1,0,3,1,-0.83,Rh1,f1h1,Nh5,g3h5,-0.77,-0.77,0.0,False,12,27,saransh12387,Ehrmantraut_99,1918,1919,1-0
2rq1rk1/4n1b1/3pp3/pbp2pP1/1p3P2/3PB1N1/P1P1Q1BK/1R5R b - - 1 23,23,23,37,-1,0,1,Middlegame,5,6,1,1,2,2,2,2,1,1,1,1,2,0,0,1,0,1,0,3,1,-0.63,Ng6,e7g6,Be8,b5e8,-0.27,-0.43,15.999999999999998,False,12,27,saransh12387,Ehrmantraut_99,1918,1919,1-0
2rq1rk1/6b1/3pp1n1/pbp2pP1/1p3P2/3PB1N1/P1P1Q1BK/1R5R w - - 2 24,24,23,47,-1,0,1,Middlegame,5,6,1,1,2,2,2,2,1,1,1,1,2,0,0,1,0,1,0,3,1,-0.46,Bxc5,e3c5,Kg1,h2g1,-0.55,-3.48,293.0,False,12,27,saransh12387,Ehrmantraut_99,1918,1919,1-0
2rq1rk1/6b1/3pp1n1/pbB2pP1/1p3P2/3P2N1/P1P1Q1BK/1R5R b - - 0 24,24,22,43,0,0,1,Middlegame,5,5,1,1,2,2,2,2,1,1,1,1,2,0,0,1,0,1,0,3,2,-3.9,dxc5,d6c5,Nxf4,g6f4,-3.73,2.37,610.0,False,12,27,saransh12387,Ehrmantraut_99,1918,1919,1-0
2rq1rk1/6b1/4p1n1/pbp2pP1/1p3P2/3P2N1/P1P1Q1BK/1R5R w - - 0 25,25,21,45,-3,0,1,Middlegame,5,5,1,1,1,2,2,2,1,1,0,1,2,0,0,1,0,1,0,3,2,2.64,Qxe6+,e2e6,Qxe6+,e2e6,2.56,2.62,6.000000000000005,True,12,27,saransh12387,Ehrmantraut_99,1918,1919,1-0
2rq1rk1/6b1/4Q1n1/pbp2pP1/1p3P2/3P2N1/P1P3BK/1R5R b - - 0 25,25,20,3,-2,0,1,Middlegame,5,4,1,1,1,2,2,2,1,1,0,1,2,0,0,1,1,1,0,3,2,2.94,Rf7,f8f7,Rf7,f8f7,2.82,2.94,12.00000000000001,True,12,27,saransh12387,Ehrmantraut_99,1918,1919,1-0
2rq2k1/5rb1/4Q1n1/pbp2pP1/1p3P2/3P2N1/P1P3BK/1R5R w - - 1 26,26,20,54,-2,0,1,Middlegame,5,4,1,1,1,2,2,2,1,1,0,1,2,0,0,1,1,1,0,3,2,3.08,Qxg6,e6g6,Qxg6,e6g6,3.23,3.04,18.999999999999993,True,12,27,saransh12387,Ehrmantraut_99,1918,1919,1-0
2rq2k1/5rb1/6Q1/pbp2pP1/1p3P2/3P2N1/P1P3BK/1R5R b - - 0 26,26,19,35,1,0,1,Middlegame,5,4,1,0,1,2,2,2,1,1,0,1,2,0,0,1,1,1,0,3,2,2.91,Rc6,c8c6,Qd7,d8d7,3.09,4.74,165.00000000000003,False,12,27,saransh12387,Ehrmantraut_99,1918,1919,1-0
3q2k1/5rb1/2r3Q1/pbp2pP1/1p3P2/3P2N1/P1P3BK/1R5R w - - 1 27,27,19,42,1,0,1,Middlegame,5,4,1,0,1,2,2,2,1,1,0,1,2,0,0,1,1,1,0,3,2,4.99,Bxc6,g2c6,Bxc6,g2c6,4.6,5.06,46.0,True,12,27,saransh12387,Ehrmantraut_99,1918,1919,1-0
3q2k1/5rb1/2B3Q1/pbp2pP1/1p3P2/3P2N1/P1P4K/1R5R b - - 0 27,27,18,32,6,0,1,Middlegame,5,4,1,0,1,2,2,1,1,1,0,1,2,0,0,1,1,1,0,3,2,5.24,Bxc6,b5c6,Qd4,d8d4,5.74,5.33,41.000000000000014,False,12,27,saransh12387,Ehrmantraut_99,1918,1919,1-0
3q2k1/5rb1/2b3Q1/p1p2pP1/1p3P2/3P2N1/P1P4K/1R5R w - - 0 28,28,17,36,3,0,1,Middlegame,5,4,1,0,0,2,2,1,1,1,0,1,2,0,0,1,1,1,0,3,2,5.75,Qxc6,g6c6,Qxc6,g6c6,5.15,5.05,10.000000000000053,True,12,27,saransh12387,Ehrmantraut_99,1918,1919,1-0
3q2k1/5rb1/2Q5/p1p2pP1/1p3P2/3P2N1/P1P4K/1R5R b - - 0 28,28,16,37,6,0,1,Middlegame,5,4,1,0,0,1,2,1,1,1,0,0,2,0,0,1,1,1,0,3,2,5.15,Qd4,d8d4,c4,c5c4,5.61,5.69,8.000000000000007,False,12,27,saransh12387,Ehrmantraut_99,1918,1919,1-0
6k1/5rb1/2Q5/p1p2pP1/1p1q1P2/3P2N1/P1P4K/1R5R w - - 1 29,29,16,46,6,0,1,Middlegame,5,4,1,0,0,1,2,1,1,1,0,0,2,0,0,1,1,1,0,3,2,5.73,Kg2,h2g2,Rbf1,b1f1,5.99,4.49,150.0,False,12,27,saransh12387,Ehrmantraut_99,1918,1919,1-0
6k1/5rb1/2Q5/p1p2pP1/1p1q1P2/3P2N1/P1P3K1/1R5R b - - 2 29,29,16,32,6,0,1,Middlegame,5,4,1,0,0,1,2,1,1,1,0,0,2,0,0,1,1,1,0,3,2,4.86,Qxf4,d4f4,b3,b4b3,5.43,5.61,18.00000000000006,False,12,27,saransh12387,Ehrmantraut_99,1918,1919,1-0
6k1/5rb1/2Q5/p1p2pP1/1p3q2/3P2N1/P1P3K1/1R5R w - - 0 30,30,15,54,5,0,1,Middlegame,4,4,1,0,0,1,2,1,1,1,0,0,2,0,0,2,1,1,1,3,2,5.7,Qe8+,c6e8,Rbf1,b1f1,5.72,5.59,12.99999999999999,False,12,27,saransh12387,Ehrmantraut_99,1918,1919,1-0
4Q1k1/5rb1/8/p1p2pP1/1p3q2/3P2N1/P1P3K1/1R5R b - - 1 30,30,15,2,5,0,1,Middlegame,4,4,1,0,0,1,2,1,1,1,0,0,2,0,0,2,1,1,1,3,2,5.87,Bf8,g7f8,Bf8,g7f8,6.05,6.21,16.000000000000014,True,12,27,saransh12387,Ehrmantraut_99,1918,1919,1-0
4Qbk1/5r2/8/p1p2pP1/1p3q2/3P2N1/P1P3K1/1R5R w - - 2 31,31,15,52,5,0,1,Middlegame,4,4,1,0,0,1,2,1,1,1,0,0,2,0,0,2,1,1,1,3,2,6.2,g6,g5g6,Rbf1,b1f1,6.04,4.69,134.99999999999997,False,12,27,saransh12387,Ehrmantraut_99,1918,1919,1-0
4Qbk1/5r2/6P1/p1p2p2/1p3q2/3P2N1/P1P3K1/1R5R b - - 0 31,31,15,30,5,0,1,Middlegame,4,4,1,0,0,1,2,1,1,1,0,0,2,0,0,2,1,1,1,3,2,5.39,Rf6,f7f6,Rf6,f7f6,5.49,5.48,0.9999999999999787,True,12,27,saransh12387,Ehrmantraut_99,1918,1919,1-0
4Qbk1/8/5rP1/p1p2p2/1p3q2/3P2N1/P1P3K1/1R5R w - - 1 32,32,15,52,5,0,1,Middlegame,4,4,1,0,0,1,2,1,1,1,0,0,2,0,0,2,1,1,1,3,2,5.77,Rbf1,b1f1,Rbf1,b1f1,5.8,5.66,13.999999999999968,True,12,27,saransh12387,Ehrmantraut_99,1918,1919,1-0
4Qbk1/8/5rP1/p1p2p2/1p3q2/3P2N1/P1P3K1/5R1R b - - 2 32,32,15,29,5,0,1,Middlegame,4,4,1,0,0,1,2,1,1,1,0,0,2,0,0,2,1,1,1,3,2,5.65,Qg4,f4g4,Qd2+,f4d2,5.5,5.56,5.999999999999961,False,12,27,saransh12387,Ehrmantraut_99,1918,1919,1-0
4Qbk1/8/5rP1/p1p2p2/1p4q1/3P2N1/P1P3K1/5R1R w - - 3 33,33,15,44,5,0,1,Middlegame,4,4,1,0,0,1,2,1,1,1,0,0,2,0,0,2,1,1,1,3,2,5.62,Rxf5,f1f5,Rxf5,f1f5,5.72,5.72,0.0,True,12,27,saransh12387,Ehrmantraut_99,1918,1919,1-0
4Qbk1/8/5rP1/p1p2R2/1p4q1/3P2N1/P1P3K1/7R b - - 0 33,33,14,26,6,0,1,Middlegame,4,3,1,0,0,1,2,1,1,1,0,0,2,0,0,2,0,1,0,3,1,5.74,Rxf5,f6f5,Qxg6,g4g6,5.75,10000.0,999425.0,False,12,27,saransh12387,Ehrmantraut_99,1918,1919,1-0
4Qbk1/8/6P1/p1p2r2/1p4q1/3P2N1/P1P3K1/7R w - - 0 34,34,13,39,1,0,1,Middlegame,4,3,1,0,0,1,1,1,1,1,0,0,2,0,0,2,0,1,0,3,1,10000.0,Qe6+,e8e6,Qe6+,e8e6,10000.0,10000.0,0.0,True,12,27,saransh12387,Ehrmantraut_99,1918,1919,1-0
5bk1/8/4Q1P1/p1p2r2/1p4q1/3P2N1/P1P3K1/7R b - - 1 34,34,13,2,1,0,1,Middlegame,4,3,1,0,0,1,1,1,1,1,0,0,2,0,0,2,0,1,0,3,1,10000.0,Kg7,g8g7,Rf7,f5f7,10000.0,10000.0,0.0,False,12,27,saransh12387,Ehrmantraut_99,1918,1919,1-0
5b2/6k1/4Q1P1/p1p2r2/1p4q1/3P2N1/P1P3K1/7R w - - 2 35,35,13,41,1,0,0,Middlegame,4,3,1,0,0,1,1,1,1,1,0,0,2,0,0,2,0,1,0,3,1,10000.0,Qxf5,e6f5,Rh7#,h1h7,10000.0,5.85,999415.0,False,12,27,saransh12387,Ehrmantraut_99,1918,1919,1-0
5b2/6k1/6P1/p1p2Q2/1p4q1/3P2N1/P1P3K1/7R b - - 0 35,35,12,20,6,0,0,Middlegame,4,3,1,0,0,1,1,0,1,1,0,0,2,0,0,2,0,1,0,3,1,5.67,Qd4,g4d4,Qxf5,g4f5,5.91,10000.0,999409.0,False,12,27,saransh12387,Ehrmantraut_99,1918,1919,1-0
5b2/6k1/6P1/p1p2Q2/1p1q4/3P2N1/P1P3K1/7R w - - 1 36,36,12,44,6,0,0,Middlegame,4,3,1,0,0,1,1,0,1,1,0,0,2,0,0,2,0,1,0,3,1,10000.0,Qf7#,f5f7,Qf7#,f5f7,10000.0,10000.0,0.0,True,12,27,saransh12387,Ehrmantraut_99,1918,1919,1-0
rnbqkbnr/pppppppp/8/8/8/8/PPPPPPPP/RNBQKBNR w KQkq - 0 1,1,30,20,0,0,0,Opening,8,8,2,2,2,2,2,2,1,1,1,1,2,0,0,0,0,0,0,1,1,0.39,e4,e2e4,e4,e2e4,0.39,0.39,0.0,True,12,28,saransh12387,investore1,1910,1914,1-0
rnbqkbnr/pppppppp/8/8/4P3/8/PPPP1PPP/RNBQKBNR b KQkq - 0 1,1,30,20,0,0,0,Opening,8,8,2,2,2,2,2,2,1,1,1,1,2,0,0,0,0,0,0,1,1,0.38,e5,e7e5,e6,e7e6,0.38,0.32,6.0,False,12,28,saransh12387,investore1,1910,1914,1-0
rnbqkbnr/pppp1ppp/8/4p3/4P3/8/PPPP1PPP/RNBQKBNR w KQkq - 0 2,2,30,29,0,0,0,Opening,8,8,2,2,2,2,2,2,1,1,1,1,2,0,0,0,0,0,0,1,1,0.34,Nf3,g1f3,Nf3,g1f3,0.32,0.33,1.0000000000000009,True,12,28,saransh12387,investore1,1910,1914,1-0
rnbqkbnr/pppp1ppp/8/4p3/4P3/5N2/PPPP1PPP/RNBQKB1R b KQkq - 1 2,2,30,29,0,0,0,Opening,8,8,2,2,2,2,2,2,1,1,1,1,2,0,0,0,0,0,0,1,1,0.32,Nc6,b8c6,Nc6,b8c6,0.36,0.3,6.0,True,12,28,saransh12387,investore1,1910,1914,1-0
r1bqkbnr/pppp1ppp/2n5/4p3/4P3/5N2/PPPP1PPP/RNBQKB1R w KQkq - 2 3,3,30,27,0,0,0,Opening,8,8,2,2,2,2,2,2,1,1,1,1,2,0,0,0,0,0,0,1,1,0.33,Bc4,f1c4,Bb5,f1b5,0.36,0.26,9.999999999999998,False,12,28,saransh12387,investore1,1910,1914,1-0
r1bqkbnr/pppp1ppp/2n5/4p3/2B1P3/5N2/PPPP1PPP/RNBQK2R b KQkq - 3 3,3,30,31,0,0,0,Opening,8,8,2,2,2,2,2,2,1,1,1,1,2,0,0,0,0,0,0,1,1,0.22,Bc5,f8c5,Nf6,g8f6,0.28,0.34,6.0,False,12,28,saransh12387,investore1,1910,1914,1-0
r1bqk1nr/pppp1ppp/2n5/2b1p3/2B1P3/5N2/PPPP1PPP/RNBQK2R w KQkq - 4 4,4,30,33,0,0,0,Opening,8,8,2,2,2,2,2,2,1,1,1,1,2,0,0,0,0,0,0,1,1,0.21,b4,b2b4,d3,d2d3,0.23,-0.26,49.0,False,12,28,saransh12387,investore1,1910,1914,1-0
r1bqk1nr/pppp1ppp/2n5/2b1p3/1PB1P3/5N2/P1PP1PPP/RNBQK2R b KQkq - 0 4,4,30,35,0,0,0,Opening,8,8,2,2,2,2,2,2,1,1,1,1,2,0,0,0,0,0,0,1,1,-0.3,Bb6,c5b6,Bxb4,c5b4,-0.09,0.73,82.0,False,12,28,saransh12387,investore1,1910,1914,1-0
r1bqk1nr/pppp1ppp/1bn5/4p3/1PB1P3/5N2/P1PP1PPP/RNBQK2R w KQkq - 1 5,5,30,34,0,0,0,Opening,8,8,2,2,2,2,2,2,1,1,1,1,2,0,0,0,0,0,0,1,1,0.67,c3,c2c3,b5,b4b5,0.58,0.32,25.999999999999996,False,12,28,saransh12387,investore1,1910,1914,1-0
r1bqk1nr/pppp1ppp/1bn5/4p3/1PB1P3/2P2N2/P2P1PPP/RNBQK2R b KQkq - 0 5,5,30,30,0,0,0,Opening,8,8,2,2,2,2,2,2,1,1,1,1,2,0,0,0,0,0,0,1,1,0.32,Nf6,g8f6,Nf6,g8f6,0.2,0.36,15.999999999999998,True,12,28,saransh12387,investore1,1910,1914,1-0
r1bqk2r/pppp1ppp/1bn2n2/4p3/1PB1P3/2P2N2/P2P1PPP/RNBQK2R w KQkq - 1 6,6,30,35,0,0,0,Opening,8,8,2,2,2,2,2,2,1,1,1,1,2,0,0,0,0,0,0,1,1,0.19,O-O,e1g1,d3,d2d3,0.26,-0.84,110.00000000000001,False,12,28,saransh12387,investore1,1910,1914,1-0
r1bqk2r/pppp1ppp/1bn2n2/4p3/1PB1P3/2P2N2/P2P1PPP/RNBQ1RK1 b kq - 2 6,6,30,30,0,1,0,Opening,8,8,2,2,2,2,2,2,1,1,1,1,2,0,0,0,0,0,0,1,1,-0.54,O-O,e8g8,Nxe4,f6e4,-0.47,0.25,72.0,False,12,28,saransh12387,investore1,1910,1914,1-0
r1bq1rk1/pppp1ppp/1bn2n2/4p3/1PB1P3/2P2N2/P2P1PPP/RNBQ1RK1 w - - 3 7,7,30,32,0,1,1,Opening,8,8,2,2,2,2,2,2,1,1,1,1,2,0,0,0,0,0,0,1,1,0.21,Re1,f1e1,d3,d2d3,0.21,-1.81,202.0,False,12,28,saransh12387,investore1,1910,1914,1-0
r1bq1rk1/pppp1ppp/1bn2n2/4p3/1PB1P3/2P2N2/P2P1PPP/RNBQR1K1 b - - 4 7,7,30,28,0,1,1,Opening,8,8,2,2,2,2,2,2,1,1,1,1,2,0,0,0,0,0,0,1,1,-1.82,d6,d7d6,Nxe4,f6e4,-1.9,0.51,241.0,False,12,28,saransh12387,investore1,1910,1914,1-0
r1bq1rk1/ppp2ppp/1bnp1n2/4p3/1PB1P3/2P2N2/P2P1PPP/RNBQR1K1 w - - 0 8,8,30,34,0,1,1,Opening,8,8,2,2,2,2,2,2,1,1,1,1,2,0,0,0,0,0,0,1,1,0.56,h3,h2h3,a4,a2a4,0.5,-1.42,192.0,False,12,28,saransh12387,investore1,1910,1914,1-0
r1bq1rk1/ppp2ppp/1bnp1n2/4p3/1PB1P3/2P2N1P/P2P1PP1/RNBQR1K1 b - - 0 8,8,30,34,0,1,1,Opening,8,8,2,2,2,2,2,2,1,1,1,1,2,0,0,0,0,0,0,1,1,-1.6,a5,a7a5,Nxe4,f6e4,-1.6,0.57,217.0,False,12,28,saransh12387,investore1,1910,1914,1-0
r1bq1rk1/1pp2ppp/1bnp1n2/p3p3/1PB1P3/2P2N1P/P2P1PP1/RNBQR1K1 w - - 0 9,9,30,36,0,1,1,Opening,8,8,2,2,2,2,2,2,1,1,1,1,2,0,0,0,0,0,0,1,1,0.52,b5,b4b5,b5,b4b5,0.63,0.57,6.000000000000005,True,12,28,saransh12387,investore1,1910,1914,1-0
r1bq1rk1/1pp2ppp/1bnp1n2/pP2p3/2B1P3/2P2N1P/P2P1PP1/RNBQR1K1 b - - 0 9,9,30,35,0,1,1,Opening,8,8,2,2,2,2,2,2,1,1,1,1,2,0,0,0,0,0,0,1,1,0.61,Ne7,c6e7,Ne7,c6e7,0.67,0.68,1.0000000000000009,True,12,28,saransh12387,investore1,1910,1914,1-0
r1bq1rk1/1pp1nppp/1b1p1n2/pP2p3/2B1P3/2P2N1P/P2P1PP1/RNBQR1K1 w - - 1 10,10,30,32,0,1,1,Opening,8,8,2,2,2,2,2,2,1,1,1,1,2,0,0,0,0,0,0,1,1,0.64,d4,d2d4,d4,d2d4,0.64,0.64,0.0,True,12,28,saransh12387,investore1,1910,1914,1-0
r1bq1rk1/1pp1nppp/1b1p1n2/pP2p3/2BPP3/2P2N1P/P4PP1/RNBQR1K1 b - - 0 10,10,30,34,0,1,1,Opening,8,8,2,2,2,2,2,2,1,1,1,1,2,0,0,0,0,0,0,1,1,0.61,Ng6,e7g6,exd4,e5d4,0.54,0.67,13.0,False,12,28,saransh12387,investore1,1910,1914,1-0
r1bq1rk1/1pp2ppp/1b1p1nn1/pP2p3/2BPP3/2P2N1P/P4PP1/RNBQR1K1 w - - 1 11,11,30,40,0,1,1,Opening,8,8,2,2,2,2,2,2,1,1,1,1,2,0,0,0,0,0,0,1,1,0.67,Bg5,c1g5,Nbd2,b1d2,0.69,0.01,68.0,False,12,28,saransh12387,investore1,1910,1914,1-0
r1bq1rk1/1pp2ppp/1b1p1nn1/pP2p1B1/2BPP3/2P2N1P/P4PP1/RN1QR1K1 b - - 2 11,11,30,33,0,1,1,Opening,8,8,2,2,2,2,2,2,1,1,1,1,2,0,0,0,0,0,0,1,1,0.03,h6,h7h6,h6,h7h6,0.01,0.01,0.0,True,12,28,saransh12387,investore1,1910,1914,1-0
r1bq1rk1/1pp2pp1/1b1p1nnp/pP2p1B1/2BPP3/2P2N1P/P4PP1/RN1QR1K1 w - - 0 12,12,30,40,0,1,1,Opening,8,8,2,2,2,2,2,2,1,1,1,1,2,0,0,0,0,0,0,1,1,0.01,Bxf6,g5f6,Be3,g5e3,0.01,-0.61,62.0,False,12,28,saransh12387,investore1,1910,1914,1-0
r1bq1rk1/1pp2pp1/1b1p1Bnp/pP2p3/2BPP3/2P2N1P/P4PP1/RN1QR1K1 b - - 0 12,12,29,29,3,1,1,Opening,8,8,2,1,2,2,2,2,1,1,1,1,2,0,0,0,0,0,0,1,1,-0.58,Qxf6,d8f6,Qxf6,d8f6,-0.59,-0.55,3.9999999999999925,True,12,28,saransh12387,investore1,1910,1914,1-0
r1b2rk1/1pp2pp1/1b1p1qnp/pP2p3/2BPP3/2P2N1P/P4PP1/RN1QR1K1 w - - 0 13,13,28,34,0,1,1,Opening,8,8,2,1,1,2,2,2,1,1,0,1,2,0,0,0,0,0,0,1,1,-0.48,a4,a2a4,Bf1,c4f1,-0.59,-0.95,36.0,False,12,28,saransh12387,investore1,1910,1914,1-0
r1b2rk1/1pp2pp1/1b1p1qnp/pP2p3/P1BPP3/2P2N1P/5PP1/RN1QR1K1 b - - 0 13,13,28,32,0,1,1,Opening,8,8,2,1,1,2,2,2,1,1,0,1,2,0,0,0,0,0,0,1,1,-0.99,Re8,f8e8,Nf4,g6f4,-1.12,-0.5,62.000000000000014,False,12,28,saransh12387,investore1,1910,1914,1-0
r1b1r1k1/1pp2pp1/1b1p1qnp/pP2p3/P1BPP3/2P2N1P/5PP1/RN1QR1K1 w - - 1 14,14,28,34,0,1,1,Opening,8,8,2,1,1,2,2,2,1,1,0,1,2,0,0,0,0,0,0,1,1,-0.48,Na3,b1a3,Nbd2,b1d2,-0.62,-0.88,26.0,False,12,28,saransh12387,investore1,1910,1914,1-0
r1b1r1k1/1pp2pp1/1b1p1qnp/pP2p3/P1BPP3/N1P2N1P/5PP1/R2QR1K1 b - - 2 14,14,28,36,0,1,1,Opening,8,8,2,1,1,2,2,2,1,1,0,1,2,0,0,0,0,0,0,1,1,-0.93,Nf4,g6f4,Nf4,g6f4,-0.76,-0.72,4.0000000000000036,True,12,28,saransh12387,investore1,1910,1914,1-0
r1b1r1k1/1pp2pp1/1b1p1q1p/pP2p3/P1BPPn2/N1P2N1P/5PP1/R2QR1K1 w - - 3 15,15,28,36,0,1,1,Opening,8,8,2,1,1,2,2,2,1,1,0,1,2,0,0,0,0,0,0,1,1,-0.65,Nc2,a3c2,Bf1,c4f1,-0.62,-1.63,100.99999999999997,False,12,28,saransh12387,investore1,1910,1914,1-0
r1b1r1k1/1pp2pp1/1b1p1q1p/pP2p3/P1BPPn2/2P2N1P/2N2PP1/R2QR1K1 b - - 4 15,15,28,40,0,1,1,Opening,8,8,2,1,1,2,2,2,1,1,0,1,2,0,0,0,0,0,0,1,1,-1.69,Qg6,f6g6,Qg6,f6g6,-1.15,-1.69,54.0,True,12,28,saransh12387,investore1,1910,1914,1-0
r1b1r1k1/1pp2pp1/1b1p2qp/pP2p3/P1BPPn2/2P2N1P/2N2PP1/R2QR1K1 w - - 5 16,16,28,36,0,1,1,Opening,8,8,2,1,1,2,2,2,1,1,0,1,2,0,0,0,0,0,0,1,1,-1.86,Ne3,c2e3,g3,g2g3,-1.67,-1.91,24.0,False,12,28,saransh12387,investore1,1910,1914,1-0
r1b1r1k1/1pp2pp1/1b1p2qp/pP2p3/P1BPPn2/2P1NN1P/5PP1/R2QR1K1 b - - 6 16,16,28,40,0,1,1,Opening,8,8,2,1,1,2,2,2,1,1,0,1,2,0,0,0,0,0,0,1,1,-1.58,Nxh3+,f4h3,exd4,e5d4,-1.89,-1.63,26.0,False,12,28,saransh12387,investore1,1910,1914,1-0
r1b1r1k1/1pp2pp1/1b1p2qp/pP2p3/P1BPP3/2P1NN1n/5PP1/R2QR1K1 w - - 0 17,17,27,3,-1,1,1,Opening,7,8,2,1,1,2,2,2,1,1,0,1,2,0,0,0,0,0,0,1,1,-1.42,Kf1,g1f1,Kf1,g1f1,-1.58,-1.57,1.0000000000000009,True,12,28,saransh12387,investore1,1910,1914,1-0
r1b1r1k1/1pp2pp1/1b1p2qp/pP2p3/P1BPP3/2P1NN1n/5PP1/R2QRK2 b - - 1 17,17,27,36,-1,0,1,Opening,7,8,2,1,1,2,2,2,1,1,0,1,2,0,0,0,0,0,0,1,1,-1.57,Ng5,h3g5,Nf4,h3f4,-1.66,-0.81,84.99999999999999,False,12,28,saransh12387,investore1,1910,1914,1-0
r1b1r1k1/1pp2pp1/1b1p2qp/pP2p1n1/P1BPP3/2P1NN2/5PP1/R2QRK2 w - - 2 18,18,27,35,-1,0,1,Opening,7,8,2,1,1,2,2,2,1,1,0,1,2,0,0,0,0,0,0,1,1,-0.78,Nxg5,f3g5,Nxg5,f3g5,-0.81,-0.82,0.9999999999999898,True,12,28,saransh12387,investore1,1910,1914,1-0
r1b1r1k1/1pp2pp1/1b1p2qp/pP2p1N1/P1BPP3/2P1N3/5PP1/R2QRK2 b - - 0 18,18,26,30,2,0,1,Opening,7,8,2,0,1,2,2,2,1,1,0,1,2,0,0,0,0,0,0,1,1,-0.8,Qxg5,g6g5,Qxg5,g6g5,-0.82,-0.78,3.9999999999999925,True,12,28,saransh12387,investore1,1910,1914,1-0
r1b1r1k1/1pp2pp1/1b1p3p/pP2p1q1/P1BPP3/2P1N3/5PP1/R2QRK2 w - - 0 19,19,25,34,-1,0,1,Opening,7,8,1,0,1,2,2,2,1,1,0,1,2,0,0,0,0,0,0,1,1,-0.78,Nd5,e3d5,Bd5,c4d5,-0.71,-0.84,13.0,False,12,28,saransh12387,investore1,1910,1914,1-0
r1b1r1k1/1pp2pp1/1b1p3p/pP1Np1q1/P1BPP3/2P5/5PP1/R2QRK2 b - - 1 19,19,25,39,-1,0,1,Opening,7,8,1,0,1,2,2,2,1,1,0,1,2,0,0,0,0,0,0,1,1,-0.75,Be6,c8e6,Be6,c8e6,-0.77,-0.93,16.000000000000004,True,12,28,saransh12387,investore1,1910,1914,1-0
r3r1k1/1pp2pp1/1b1pb2p/pP1Np1q1/P1BPP3/2P5/5PP1/R2QRK2 w - - 2 20,20,25,34,-1,0,1,Opening,7,8,1,0,1,2,2,2,1,1,0,1,2,0,0,0,0,0,0,1,1,-0.95,Re3,e1e3,Rb1,a1b1,-0.85,-1.25,40.0,False,12,28,saransh12387,investore1,1910,1914,1-0
r3r1k1/1pp2pp1/1b1pb2p/pP1Np1q1/P1BPP3/2P1R3/5PP1/R2Q1K2 b - - 3 20,20,25,41,-1,0,1,Opening,7,8,1,0,1,2,2,2,1,1,0,1,2,0,0,0,0,0,0,1,1,-1.17,exd4,e5d4,Ba7,b6a7,-1.27,-0.75,52.0,False,12,28,saransh12387,investore1,1910,1914,1-0
r3r1k1/1pp2pp1/1b1pb2p/pP1N2q1/P1BpP3/2P1R3/5PP1/R2Q1K2 w - - 0 21,21,24,41,-2,0,1,Middlegame,6,8,1,0,1,2,2,2,1,1,0,1,2,0,1,0,0,0,0,2,2,-0.79,cxd4,c3d4,cxd4,c3d4,-0.9,-0.85,5.000000000000004,True,12,28,saransh12387,investore1,1910,1914,1-0
r3r1k1/1pp2pp1/1b1pb2p/pP1N2q1/P1BPP3/4R3/5PP1/R2Q1K2 b - - 0 21,21,23,42,-1,0,1,Middlegame,6,7,1,0,1,2,2,2,1,1,0,1,2,0,0,0,0,0,0,2,2,-1.07,f5,f7f5,Ba7,b6a7,-0.82,0.9,172.0,False,12,28,saransh12387,investore1,1910,1914,1-0
r3r1k1/1pp3p1/1b1pb2p/pP1N1pq1/P1BPP3/4R3/5PP1/R2Q1K2 w - - 0 22,22,23,44,-1,0,1,Middlegame,6,7,1,0,1,2,2,2,1,1,0,1,2,0,0,0,0,0,0,2,2,0.78,Rg3,e3g3,exf5,e4f5,0.93,-0.57,150.0,False,12,28,saransh12387,investore1,1910,1914,1-0
r3r1k1/1pp3p1/1b1pb2p/pP1N1pq1/P1BPP3/6R1/5PP1/R2Q1K2 b - - 1 22,22,23,39,-1,0,1,Middlegame,6,7,1,0,1,2,2,2,1,1,0,1,2,0,0,0,0,0,0,2,2,-0.68,Qd8,g5d8,Qh4,g5h4,-0.61,2.28,288.99999999999994,False,12,28,saransh12387,investore1,1910,1914,1-0
r2qr1k1/1pp3p1/1b1pb2p/pP1N1p2/P1BPP3/6R1/5PP1/R2Q1K2 w - - 2 23,23,23,45,-1,0,1,Middlegame,6,7,1,0,1,2,2,2,1,1,0,1,2,0,0,0,0,0,0,2,2,2.25,exf5,e4f5,exf5,e4f5,2.41,2.68,27.0,True,12,28,saransh12387,investore1,1910,1914,1-0
r2qr1k1/1pp3p1/1b1pb2p/pP1N1P2/P1BP4/6R1/5PP1/R2Q1K2 b - - 0 23,23,22,30,0,0,1,Middlegame,6,6,1,0,1,2,2,2,1,1,0,1,2,1,0,1,0,0,0,3,2,2.66,Bf7,e6f7,Bxd5,e6d5,2.84,4.34,150.0,False,12,28,saransh12387,investore1,1910,1914,1-0
r2qr1k1/1pp2bp1/1b1p3p/pP1N1P2/P1BP4/6R1/5PP1/R2Q1K2 w - - 1 24,24,22,42,0,0,1,Middlegame,6,6,1,0,1,2,2,2,1,1,0,1,2,1,0,1,0,0,0,3,2,4.04,f6,f5f6,f6,f5f6,4.43,4.45,2.000000000000046,True,12,28,saransh12387,investore1,1910,1914,1-0
r2qr1k1/1pp2bp1/1b1p1P1p/pP1N4/P1BP4/6R1/5PP1/R2Q1K2 b - - 0 24,24,22,32,0,0,1,Middlegame,6,6,1,0,1,2,2,2,1,1,0,1,2,1,0,1,0,0,0,3,2,4.45,g6,g7g6,Kh8,g8h8,4.75,5.08,33.00000000000001,False,12,28,saransh12387,investore1,1910,1914,1-0
r2qr1k1/1pp2b2/1b1p1Ppp/pP1N4/P1BP4/6R1/5PP1/R2Q1K2 w - - 0 25,25,22,39,0,0,1,Middlegame,6,6,1,0,1,2,2,2,1,1,0,1,2,1,0,1,0,1,0,3,2,5.81,Qh5,d1h5,Qh5,d1h5,7.82,8.27,44.99999999999993,True,12,28,saransh12387,investore1,1910,1914,1-0
r2qr1k1/1pp2b2/1b1p1Ppp/pP1N3Q/P1BP4/6R1/5PP1/R4K2 b - - 1 25,25,22,28,0,0,1,Middlegame,6,6,1,0,1,2,2,2,1,1,0,1,2,1,0,1,0,1,0,3,2,6.94,Kh7,g8h7,Re2,e8e2,8.99,7.91,108.0,False,12,28,saransh12387,investore1,1910,1914,1-0
r2qr3/1pp2b1k/1b1p1Ppp/pP1N3Q/P1BP4/6R1/5PP1/R4K2 w - - 2 26,26,22,43,0,0,0,Middlegame,6,6,1,0,1,2,2,2,1,1,0,1,2,1,0,1,0,1,0,3,2,10.67,Qh4,h5h4,Bd3,c4d3,9.27,4.21,505.99999999999994,False,12,28,saransh12387,investore1,1910,1914,1-0
r2qr3/1pp2b1k/1b1p1Ppp/pP1N4/P1BP3Q/6R1/5PP1/R4K2 b - - 3 26,26,22,31,0,0,0,Middlegame,6,6,1,0,1,2,2,2,1,1,0,1,2,1,0,1,0,1,0,3,2,4.3,g5,g6g5,Bxd5,f7d5,4.75,7.69,294.00000000000006,False,12,28,saransh12387,investore1,1910,1914,1-0
r2qr3/1pp2b1k/1b1p1P1p/pP1N2p1/P1BP3Q/6R1/5PP1/R4K2 w - - 0 27,27,22,38,0,0,0,Middlegame,6,6,1,0,1,2,2,2,1,1,0,1,2,1,0,1,0,1,0,3,2,7.92,Qg4,h4g4,Rxg5,g3g5,10.88,3.66,722.0000000000001,False,12,28,saransh12387,investore1,1910,1914,1-0
r2qr3/1pp2b1k/1b1p1P1p/pP1N2p1/P1BP2Q1/6R1/5PP1/R4K2 b - - 1 27,27,22,33,0,0,0,Middlegame,6,6,1,0,1,2,2,2,1,1,0,1,2,1,0,1,0,1,0,3,2,3.55,Bxd5,f7d5,Bxd5,f7d5,3.76,3.72,3.999999999999959,True,12,28,saransh12387,investore1,1910,1914,1-0
r2qr3/1pp4k/1b1p1P1p/pP1b2p1/P1BP2Q1/6R1/5PP1/R4K2 w - - 0 28,28,21,35,-3,0,0,Middlegame,6,6,0,0,1,2,2,2,1,1,0,1,2,1,0,1,0,1,0,3,2,3.72,Bxd5,c4d5,Bd3+,c4d3,3.74,0.73,301.0,False,12,28,saransh12387,investore1,1910,1914,1-0
r2qr3/1pp4k/1b1p1P1p/pP1B2p1/P2P2Q1/6R1/5PP1/R4K2 b - - 0 28,28,20,27,0,0,0,Middlegame,6,6,0,0,1,1,2,2,1,1,0,0,2,1,0,1,0,1,0,3,2,0.88,Qxf6,d8f6,Qxf6,d8f6,1.22,1.23,1.0000000000000009,True,12,28,saransh12387,investore1,1910,1914,1-0
r3r3/1pp4k/1b1p1q1p/pP1B2p1/P2P2Q1/6R1/5PP1/R4K2 w - - 0 29,29,19,39,-1,0,0,Middlegame,5,6,0,0,1,1,2,2,1,1,0,0,2,0,0,1,0,0,0,3,2,1.27,Rf3,g3f3,Rd1,a1d1,1.13,-0.33,146.0,False,12,28,saransh12387,investore1,1910,1914,1-0
r3r3/1pp4k/1b1p1q1p/pP1B2p1/P2P2Q1/5R2/5PP1/R4K2 b - - 1 29,29,19,40,-1,0,0,Middlegame,5,6,0,0,1,1,2,2,1,1,0,0,2,0,0,1,0,0,0,3,2,-0.37,Qxd4,f6d4,Qxd4,f6d4,-0.35,-0.38,3.0000000000000027,True,12,28,saransh12387,investore1,1910,1914,1-0
r3r3/1pp4k/1b1p3p/pP1B2p1/P2q2Q1/5R2/5PP1/R4K2 w - - 0 30,30,18,41,-2,0,0,Middlegame,4,6,0,0,1,1,2,2,1,1,0,0,2,0,0,0,0,0,1,2,2,-0.44,Qxd4,g4d4,Rf7+,f3f7,-0.46,-0.53,7.000000000000001,False,12,28,saransh12387,investore1,1910,1914,1-0
r3r3/1pp4k/1b1p3p/pP1B2p1/P2Q4/5R2/5PP1/R4K2 b - - 0 30,30,17,26,7,0,0,Middlegame,4,6,0,0,1,1,2,2,1,0,0,0,1,0,0,0,0,0,1,2,2,-0.33,Bxd4,b6d4,Bxd4,b6d4,-0.31,-0.31,0.0,True,12,28,saransh12387,investore1,1910,1914,1-0
r3r3/1pp4k/3p3p/pP1B2p1/P2b4/5R2/5PP1/R4K2 w - - 0 31,31,16,31,-2,0,0,Middlegame,4,6,0,0,1,1,2,2,0,0,0,0,0,0,0,0,0,0,1,2,2,-0.33,Rf7+,f3f7,Rd1,a1d1,-0.34,-1.04,70.0,False,12,28,saransh12387,investore1,1910,1914,1-0
r3r3/1pp2R1k/3p3p/pP1B2p1/P2b4/8/5PP1/R4K2 b - - 1 31,31,16,4,-2,0,0,Middlegame,4,6,0,0,1,1,2,2,0,0,0,0,0,0,0,0,0,0,1,2,2,-1.05,Kh8,h7h8,Kg6,h7g6,-1.1,-0.47,63.000000000000014,False,12,28,saransh12387,investore1,1910,1914,1-0
r3r2k/1pp2R2/3p3p/pP1B2p1/P2b4/8/5PP1/R4K2 w - - 2 32,32,16,30,-2,0,0,Middlegame,4,6,0,0,1,1,2,2,0,0,0,0,0,0,0,0,0,0,1,2,2,-0.48,Rc1,a1c1,Rc1,a1c1,-0.55,-0.54,1.0000000000000009,True,12,28,saransh12387,investore1,1910,1914,1-0
r3r2k/1pp2R2/3p3p/pP1B2p1/P2b4/8/5PP1/2R2K2 b - - 3 32,32,16,34,-2,0,0,Middlegame,4,6,0,0,1,1,2,2,0,0,0,0,0,0,0,0,0,0,1,2,2,-0.5,Bb6,d4b6,Bb6,d4b6,-0.5,-0.49,1.0000000000000009,True,12,28,saransh12387,investore1,1910,1914,1-0
r3r2k/1pp2R2/1b1p3p/pP1B2p1/P7/8/5PP1/2R2K2 w - - 4 33,33,16,33,-2,0,0,Middlegame,4,6,0,0,1,1,2,2,0,0,0,0,0,0,0,0,0,0,1,2,2,-0.44,Rc3,c1c3,Re1,c1e1,-0.43,-0.74,31.0,False,12,28,saransh12387,investore1,1910,1914,1-0
r3r2k/1pp2R2/1b1p3p/pP1B2p1/P7/2R5/5PP1/5K2 b - - 5 33,33,16,27,-2,0,0,Middlegame,4,6,0,0,1,1,2,2,0,0,0,0,0,0,0,0,0,0,1,2,2,-0.81,Re5,e8e5,Re5,e8e5,-0.84,-0.86,2.0000000000000018,True,12,28,saransh12387,investore1,1910,1914,1-0
r6k/1pp2R2/1b1p3p/pP1Br1p1/P7/2R5/5PP1/5K2 w - - 6 34,34,16,36,-2,0,0,Middlegame,4,6,0,0,1,1,2,2,0,0,0,0,0,0,0,0,0,0,1,2,2,-0.8,Bxb7,d5b7,Bxb7,d5b7,-0.71,-0.72,1.0000000000000009,True,12,28,saransh12387,investore1,1910,1914,1-0
r6k/1Bp2R2/1b1p3p/pP2r1p1/P7/2R5/5PP1/5K2 b - - 0 34,34,15,30,-1,0,0,Middlegame,4,5,0,0,1,1,2,2,0,0,0,0,0,0,0,0,1,0,1,2,3,-0.72,Rae8,a8e8,Rae8,a8e8,-0.89,-0.87,2.0000000000000018,True,12,28,saransh12387,investore1,1910,1914,1-0
4r2k/1Bp2R2/1b1p3p/pP2r1p1/P7/2R5/5PP1/5K2 w - - 1 35,35,15,35,-1,0,0,Middlegame,4,5,0,0,1,1,2,2,0,0,0,0,0,0,0,0,1,0,1,2,3,-0.93,Rc1,c3c1,g3,g2g3,-0.88,-1.42,53.99999999999999,False,12,28,saransh12387,investore1,1910,1914,1-0
4r2k/1Bp2R2/1b1p3p/pP2r1p1/P7/8/5PP1/2R2K2 b - - 2 35,35,15,29,-1,0,0,Middlegame,4,5,0,0,1,1,2,2,0,0,0,0,0,0,0,0,1,0,1,2,3,-1.57,R8e7,e8e7,Kg8,h8g8,-1.49,-0.73,76.0,False,12,28,saransh12387,investore1,1910,1914,1-0
rnbqkbnr/pppppppp/8/8/8/8/PPPPPPPP/RNBQKBNR w KQkq - 0 1,1,30,20,0,0,0,Opening,8,8,2,2,2,2,2,2,1,1,1,1,2,0,0,0,0,0,0,1,1,0.37,e4,e2e4,e4,e2e4,0.44,0.38,6.0,True,12,29,saransh12387,ErasylZaiden_ING,1909,1926,0-1
rnbqkbnr/pppppppp/8/8/4P3/8/PPPP1PPP/RNBQKBNR b KQkq - 0 1,1,30,20,0,0,0,Opening,8,8,2,2,2,2,2,2,1,1,1,1,2,0,0,0,0,0,0,1,1,0.36,c5,c7c5,e5,e7e5,0.38,0.42,3.9999999999999982,False,12,29,saransh12387,ErasylZaiden_ING,1909,1926,0-1
rnbqkbnr/pp1ppppp/8/2p5/4P3/8/PPPP1PPP/RNBQKBNR w KQkq - 0 2,2,30,30,0,0,0,Opening,8,8,2,2,2,2,2,2,1,1,1,1,2,0,0,0,0,0,0,1,1,0.46,Nc3,b1c3,Nf3,g1f3,0.47,0.31,15.999999999999998,False,12,29,saransh12387,ErasylZaiden_ING,1909,1926,0-1
rnbqkbnr/pp1ppppp/8/2p5/4P3/2N5/PPPP1PPP/R1BQKBNR b KQkq - 1 2,2,30,22,0,0,0,Opening,8,8,2,2,2,2,2,2,1,1,1,1,2,0,0,0,0,0,0,1,1,0.3,Nc6,b8c6,Nc6,b8c6,0.41,0.45,4.0000000000000036,True,12,29,saransh12387,ErasylZaiden_ING,1909,1926,0-1
r1bqkbnr/pp1ppppp/2n5/2p5/4P3/2N5/PPPP1PPP/R1BQKBNR w KQkq - 2 3,3,30,32,0,0,0,Opening,8,8,2,2,2,2,2,2,1,1,1,1,2,0,0,0,0,0,0,1,1,0.47,g3,g2g3,Nf3,g1f3,0.33,-0.06,39.0,False,12,29,saransh12387,ErasylZaiden_ING,1909,1926,0-1
r1bqkbnr/pp1ppppp/2n5/2p5/4P3/2N3P1/PPPP1P1P/R1BQKBNR b KQkq - 0 3,3,30,26,0,0,0,Opening,8,8,2,2,2,2,2,2,1,1,1,1,2,0,0,0,0,0,0,1,1,-0.14,e5,e7e5,g6,g7g6,-0.1,0.33,43.00000000000001,False,12,29,saransh12387,ErasylZaiden_ING,1909,1926,0-1
r1bqkbnr/pp1p1ppp/2n5/2p1p3/4P3/2N3P1/PPPP1P1P/R1BQKBNR w KQkq - 0 4,4,30,32,0,0,0,Opening,8,8,2,2,2,2,2,2,1,1,1,1,2,0,0,0,0,0,0,1,1,0.36,Bg2,f1g2,Nge2,g1e2,0.34,0.26,8.000000000000002,False,12,29,saransh12387,ErasylZaiden_ING,1909,1926,0-1
r1bqkbnr/pp1p1ppp/2n5/2p1p3/4P3/2N3P1/PPPP1PBP/R1BQK1NR b KQkq - 1 4,4,30,32,0,0,0,Opening,8,8,2,2,2,2,2,2,1,1,1,1,2,0,0,0,0,0,0,1,1,0.22,d6,d7d6,d6,d7d6,0.06,0.1,4.000000000000001,True,12,29,saransh12387,ErasylZaiden_ING,1909,1926,0-1
r1bqkbnr/pp3ppp/2np4/2p1p3/4P3/2N3P1/PPPP1PBP/R1BQK1NR w KQkq - 0 5,5,30,29,0,0,0,Opening,8,8,2,2,2,2,2,2,1,1,1,1,2,0,0,0,0,0,0,1,1,0.04,Nge2,g1e2,d3,d2d3,-0.05,-0.05,0.0,False,12,29,saransh12387,ErasylZaiden_ING,1909,1926,0-1
r1bqkbnr/pp3ppp/2np4/2p1p3/4P3/2N3P1/PPPPNPBP/R1BQK2R b KQkq - 1 5,5,30,37,0,0,0,Opening,8,8,2,2,2,2,2,2,1,1,1,1,2,0,0,0,0,0,0,1,1,-0.05,Nf6,g8f6,g6,g7g6,-0.02,0.43,45.0,False,12,29,saransh12387,ErasylZaiden_ING,1909,1926,0-1
r1bqkb1r/pp3ppp/2np1n2/2p1p3/4P3/2N3P1/PPPPNPBP/R1BQK2R w KQkq - 2 6,6,30,26,0,0,0,Opening,8,8,2,2,2,2,2,2,1,1,1,1,2,0,0,0,0,0,0,1,1,0.36,O-O,e1g1,O-O,e1g1,0.38,0.42,3.9999999999999982,True,12,29,saransh12387,ErasylZaiden_ING,1909,1926,0-1
r1bqkb1r/pp3ppp/2np1n2/2p1p3/4P3/2N3P1/PPPPNPBP/R1BQ1RK1 b kq - 3 6,6,30,36,0,1,0,Opening,8,8,2,2,2,2,2,2,1,1,1,1,2,0,0,0,0,0,0,1,1,0.42,Be7,f8e7,Be7,f8e7,0.42,0.45,3.0000000000000027,True,12,29,saransh12387,ErasylZaiden_ING,1909,1926,0-1
r1bqk2r/pp2bppp/2np1n2/2p1p3/4P3/2N3P1/PPPPNPBP/R1BQ1RK1 w kq - 4 7,7,30,24,0,1,0,Opening,8,8,2,2,2,2,2,2,1,1,1,1,2,0,0,0,0,0,0,1,1,0.41,d3,d2d3,d3,d2d3,0.41,0.41,0.0,True,12,29,saransh12387,ErasylZaiden_ING,1909,1926,0-1
r1bqk2r/pp2bppp/2np1n2/2p1p3/4P3/2NP2P1/PPP1NPBP/R1BQ1RK1 b kq - 0 7,7,30,36,0,1,0,Opening,8,8,2,2,2,2,2,2,1,1,1,1,2,0,0,0,0,0,0,1,1,0.38,O-O,e8g8,O-O,e8g8,0.39,0.42,2.9999999999999973,True,12,29,saransh12387,ErasylZaiden_ING,1909,1926,0-1
r1bq1rk1/pp2bppp/2np1n2/2p1p3/4P3/2NP2P1/PPP1NPBP/R1BQ1RK1 w - - 1 8,8,30,29,0,1,1,Opening,8,8,2,2,2,2,2,2,1,1,1,1,2,0,0,0,0,0,0,1,1,0.38,f4,f2f4,f4,f2f4,0.4,0.46,6.0,True,12,29,saransh12387,ErasylZaiden_ING,1909,1926,0-1
r1bq1rk1/pp2bppp/2np1n2/2p1p3/4PP2/2NP2P1/PPP1N1BP/R1BQ1RK1 b - - 0 8,8,30,34,0,1,1,Opening,8,8,2,2,2,2,2,2,1,1,1,1,2,0,0,0,0,0,0,1,1,0.43,exf4,e5f4,Bd7,c8d7,0.39,0.65,26.0,False,12,29,saransh12387,ErasylZaiden_ING,1909,1926,0-1
r1bq1rk1/pp2bppp/2np1n2/2p5/4Pp2/2NP2P1/PPP1N1BP/R1BQ1RK1 w - - 0 9,9,29,31,-1,1,1,Opening,7,8,2,2,2,2,2,2,1,1,1,1,2,0,1,0,0,0,0,2,2,0.67,Nxf4,e2f4,gxf4,g3f4,0.59,0.37,21.999999999999996,False,12,29,saransh12387,ErasylZaiden_ING,1909,1926,0-1
r1bq1rk1/pp2bppp/2np1n2/2p5/4PN2/2NP2P1/PPP3BP/R1BQ1RK1 b - - 0 9,9,28,34,0,1,1,Opening,7,7,2,2,2,2,2,2,1,1,1,1,2,0,0,0,0,0,0,2,2,0.33,Be6,c8e6,Rb8,a8b8,0.3,1.02,72.0,False,12,29,saransh12387,ErasylZaiden_ING,1909,1926,0-1
r2q1rk1/pp2bppp/2npbn2/2p5/4PN2/2NP2P1/PPP3BP/R1BQ1RK1 w - - 1 10,10,28,37,0,1,1,Opening,7,7,2,2,2,2,2,2,1,1,1,1,2,0,0,0,0,0,0,2,2,0.99,Nce2,c3e2,Nxe6,f4e6,0.98,0.37,61.0,False,12,29,saransh12387,ErasylZaiden_ING,1909,1926,0-1
r2q1rk1/pp2bppp/2npbn2/2p5/4PN2/3P2P1/PPP1N1BP/R1BQ1RK1 b - - 2 10,10,28,41,0,1,1,Opening,7,7,2,2,2,2,2,2,1,1,1,1,2,0,0,0,0,0,0,2,2,0.32,Qb6,d8b6,Bd7,e6d7,0.35,1.39,104.0,False,12,29,saransh12387,ErasylZaiden_ING,1909,1926,0-1
r4rk1/pp2bppp/1qnpbn2/2p5/4PN2/3P2P1/PPP1N1BP/R1BQ1RK1 w - - 3 11,11,28,31,0,1,1,Opening,7,7,2,2,2,2,2,2,1,1,1,1,2,0,0,0,0,0,0,2,2,1.48,Kh1,g1h1,Nxe6,f4e6,1.46,0.55,90.99999999999999,False,12,29,saransh12387,ErasylZaiden_ING,1909,1926,0-1
r4rk1/pp2bppp/1qnpbn2/2p5/4PN2/3P2P1/PPP1N1BP/R1BQ1R1K b - - 4 11,11,28,47,0,0,1,Opening,7,7,2,2,2,2,2,2,1,1,1,1,2,0,0,0,0,0,0,2,2,0.57,Bg4,e6g4,Bd7,e6d7,0.66,0.82,15.999999999999993,False,12,29,saransh12387,ErasylZaiden_ING,1909,1926,0-1
r4rk1/pp2bppp/1qnp1n2/2p5/4PNb1/3P2P1/PPP1N1BP/R1BQ1R1K w - - 5 12,12,28,30,0,0,1,Opening,7,7,2,2,2,2,2,2,1,1,1,1,2,0,0,0,0,0,0,2,2,0.68,h3,h2h3,h3,h2h3,0.72,0.65,6.999999999999995,True,12,29,saransh12387,ErasylZaiden_ING,1909,1926,0-1
r4rk1/pp2bppp/1qnp1n2/2p5/4PNb1/3P2PP/PPP1N1B1/R1BQ1R1K b - - 0 12,12,28,45,0,0,1,Opening,7,7,2,2,2,2,2,2,1,1,1,1,2,0,0,0,0,0,0,2,2,0.68,Bxe2,g4e2,Bd7,g4d7,0.69,0.84,15.000000000000002,False,12,29,saransh12387,ErasylZaiden_ING,1909,1926,0-1
r4rk1/pp2bppp/1qnp1n2/2p5/4PN2/3P2PP/PPP1b1B1/R1BQ1R1K w - - 0 13,13,27,28,-3,0,1,Opening,7,7,1,2,2,2,2,2,1,1,1,1,2,0,0,0,0,0,0,2,2,0.86,Nxe2,f4e2,Qxe2,d1e2,0.82,0.84,2.0000000000000018,False,12,29,saransh12387,ErasylZaiden_ING,1909,1926,0-1
r4rk1/pp2bppp/1qnp1n2/2p5/4P3/3P2PP/PPP1N1B1/R1BQ1R1K b - - 0 13,13,26,38,0,0,1,Opening,7,7,1,2,2,1,2,2,1,1,1,0,2,0,0,0,0,0,0,2,2,0.8,Bd8,e7d8,Rae8,a8e8,0.85,0.93,8.000000000000007,False,12,29,saransh12387,ErasylZaiden_ING,1909,1926,0-1
r2b1rk1/pp3ppp/1qnp1n2/2p5/4P3/3P2PP/PPP1N1B1/R1BQ1R1K w - - 1 14,14,26,32,0,0,1,Opening,7,7,1,2,2,1,2,2,1,1,1,0,2,0,0,0,0,0,0,2,2,1.04,c3,c2c3,a4,a2a4,0.92,0.94,1.9999999999999907,False,12,29,saransh12387,ErasylZaiden_ING,1909,1926,0-1
r2b1rk1/pp3ppp/1qnp1n2/2p5/4P3/2PP2PP/PP2N1B1/R1BQ1R1K b - - 0 14,14,26,33,0,0,1,Opening,7,7,1,2,2,1,2,2,1,1,1,0,2,0,0,0,0,0,0,2,2,0.94,Ne7,c6e7,h6,h7h6,0.91,1.2,28.999999999999993,False,12,29,saransh12387,ErasylZaiden_ING,1909,1926,0-1
r2b1rk1/pp2nppp/1q1p1n2/2p5/4P3/2PP2PP/PP2N1B1/R1BQ1R1K w - - 1 15,15,26,33,0,0,1,Opening,7,7,1,2,2,1,2,2,1,1,1,0,2,0,0,0,0,0,0,2,2,1.05,Bg5,c1g5,a4,a2a4,1.14,0.72,41.99999999999999,False,12,29,saransh12387,ErasylZaiden_ING,1909,1926,0-1
r2b1rk1/pp2nppp/1q1p1n2/2p3B1/4P3/2PP2PP/PP2N1B1/R2Q1R1K b - - 2 15,15,26,31,0,0,1,Opening,7,7,1,2,2,1,2,2,1,1,1,0,2,0,0,0,0,0,0,2,2,0.68,Ng6,e7g6,Ng6,e7g6,0.72,0.7,2.0000000000000018,True,12,29,saransh12387,ErasylZaiden_ING,1909,1926,0-1
r2b1rk1/pp3ppp/1q1p1nn1/2p3B1/4P3/2PP2PP/PP2N1B1/R2Q1R1K w - - 3 16,16,26,39,0,0,1,Opening,7,7,1,2,2,1,2,2,1,1,1,0,2,0,0,0,0,0,0,2,2,0.77,Rb1,a1b1,Qd2,d1d2,0.8,0.78,2.0000000000000018,False,12,29,saransh12387,ErasylZaiden_ING,1909,1926,0-1
r2b1rk1/pp3ppp/1q1p1nn1/2p3B1/4P3/2PP2PP/PP2N1B1/1R1Q1R1K b - - 4 16,16,26,31,0,0,1,Opening,7,7,1,2,2,1,2,2,1,1,1,0,2,0,0,0,0,0,0,2,2,0.83,Nxe4,f6e4,Qc7,b6c7,0.83,3.94,311.0,False,12,29,saransh12387,ErasylZaiden_ING,1909,1926,0-1
r2b1rk1/pp3ppp/1q1p2n1/2p3B1/4n3/2PP2PP/PP2N1B1/1R1Q1R1K w - - 0 17,17,25,42,-1,0,1,Opening,6,7,1,2,2,1,2,2,1,1,1,0,2,0,0,0,0,0,0,2,2,3.8,Bxd8,g5d8,Bxd8,g5d8,3.96,3.8,16.000000000000014,True,12,29,saransh12387,ErasylZaiden_ING,1909,1926,0-1
r2B1rk1/pp3ppp/1q1p2n1/2p5/4n3/2PP2PP/PP2N1B1/1R1Q1R1K b - - 0 17,17,24,34,2,0,1,Middlegame,6,7,1,2,2,0,2,2,1,1,1,0,2,0,0,0,0,0,0,2,2,3.78,Nxg3+,e4g3,Nxg3+,e4g3,3.72,3.63,9.00000000000003,True,12,29,saransh12387,ErasylZaiden_ING,1909,1926,0-1
r2B1rk1/pp3ppp/1q1p2n1/2p5/8/2PP2nP/PP2N1B1/1R1Q1R1K w - - 0 18,18,23,3,1,0,1,Middlegame,5,7,1,2,2,0,2,2,1,1,1,0,2,0,0,1,0,0,1,2,2,3.8,Nxg3,e2g3,Nxg3,e2g3,3.9,3.8,10.000000000000009,True,12,29,saransh12387,ErasylZaiden_ING,1909,1926,0-1
r2B1rk1/pp3ppp/1q1p2n1/2p5/8/2PP2NP/PP4B1/1R1Q1R1K b - - 0 18,18,22,28,4,0,1,Middlegame,5,7,1,1,2,0,2,2,1,1,1,0,2,0,0,1,0,0,1,2,2,3.76,Raxd8,a8d8,Qxd8,b6d8,3.65,4.16,51.00000000000002,False,12,29,saransh12387,ErasylZaiden_ING,1909,1926,0-1
3r1rk1/pp3ppp/1q1p2n1/2p5/8/2PP2NP/PP4B1/1R1Q1R1K w - - 0 19,19,21,38,1,0,1,Middlegame,5,7,1,1,1,0,2,2,1,1,0,0,2,0,0,1,0,0,1,2,2,4.07,Bd5,g2d5,Nf5,g3f5,3.86,3.35,50.99999999999998,False,12,29,saransh12387,ErasylZaiden_ING,1909,1926,0-1
3r1rk1/pp3ppp/1q1p2n1/2pB4/8/2PP2NP/PP6/1R1Q1R1K b - - 1 19,19,21,25,1,0,1,Middlegame,5,7,1,1,1,0,2,2,1,1,0,0,2,0,0,1,0,0,1,2,2,3.4,Qc7,b6c7,Ne7,g6e7,3.43,3.98,54.999999999999986,False,12,29,saransh12387,ErasylZaiden_ING,1909,1926,0-1
3r1rk1/ppq2ppp/3p2n1/2pB4/8/2PP2NP/PP6/1R1Q1R1K w - - 2 20,20,21,43,1,0,1,Middlegame,5,7,1,1,1,0,2,2,1,1,0,0,2,0,0,1,0,0,1,2,2,3.76,Qh5,d1h5,Nf5,g3f5,3.79,3.32,47.00000000000002,False,12,29,saransh12387,ErasylZaiden_ING,1909,1926,0-1
3r1rk1/ppq2ppp/3p2n1/2pB3Q/8/2PP2NP/PP6/1R3R1K b - - 3 20,20,21,25,1,0,1,Middlegame,5,7,1,1,1,0,2,2,1,1,0,0,2,0,0,1,0,0,1,2,2,3.52,Qe7,c7e7,Rde8,d8e8,3.45,4.14,68.99999999999994,False,12,29,saransh12387,ErasylZaiden_ING,1909,1926,0-1
3r1rk1/pp2qppp/3p2n1/2pB3Q/8/2PP2NP/PP6/1R3R1K w - - 4 21,21,21,47,1,0,1,Middlegame,5,7,1,1,1,0,2,2,1,1,0,0,2,0,0,1,0,0,1,2,2,4.52,Rbe1,b1e1,Rbe1,b1e1,4.81,4.83,2.000000000000046,True,12,29,saransh12387,ErasylZaiden_ING,1909,1926,0-1
3r1rk1/pp2qppp/3p2n1/2pB3Q/8/2PP2NP/PP6/4RR1K b - - 5 21,21,21,29,1,0,1,Middlegame,5,7,1,1,1,0,2,2,1,1,0,0,2,0,0,1,0,0,1,2,2,4.72,Qh4,e7h4,Qc7,e7c7,5.08,4.9,17.99999999999997,False,12,29,saransh12387,ErasylZaiden_ING,1909,1926,0-1
3r1rk1/pp3ppp/3p2n1/2pB3Q/7q/2PP2NP/PP6/4RR1K w - - 6 22,22,21,50,1,0,1,Middlegame,5,7,1,1,1,0,2,2,1,1,0,0,2,0,0,1,0,0,1,2,2,4.83,Qxh4,h5h4,Qxh4,h5h4,4.67,4.71,4.0000000000000036,True,12,29,saransh12387,ErasylZaiden_ING,1909,1926,0-1
3r1rk1/pp3ppp/3p2n1/2pB4/7Q/2PP2NP/PP6/4RR1K b - - 0 22,22,20,19,10,0,1,Middlegame,5,7,1,1,1,0,2,2,1,0,0,0,1,0,0,1,0,0,1,2,2,4.68,Nxh4,g6h4,Nxh4,g6h4,4.8,4.8,0.0,True,12,29,saransh12387,ErasylZaiden_ING,1909,1926,0-1
3r1rk1/pp3ppp/3p4/2pB4/7n/2PP2NP/PP6/4RR1K w - - 0 23,23,19,39,1,0,1,Middlegame,5,7,1,1,1,0,2,2,0,0,0,0,0,0,0,1,0,0,1,2,2,4.78,Re7,e1e7,Re7,e1e7,4.79,4.79,0.0,True,12,29,saransh12387,ErasylZaiden_ING,1909,1926,0-1
3r1rk1/pp2Rppp/3p4/2pB4/7n/2PP2NP/PP6/5R1K b - - 1 23,23,19,20,1,0,1,Middlegame,5,7,1,1,1,0,2,2,0,0,0,0,0,0,0,1,0,0,1,2,2,4.84,Ng6,h4g6,Kh8,g8h8,4.75,4.81,5.999999999999961,False,12,29,saransh12387,ErasylZaiden_ING,1909,1926,0-1
3r1rk1/pp2Rppp/3p2n1/2pB4/8/2PP2NP/PP6/5R1K w - - 2 24,24,19,46,1,0,1,Middlegame,5,7,1,1,1,0,2,2,0,0,0,0,0,0,0,1,0,0,1,2,2,4.86,Rxb7,e7b7,Rxb7,e7b7,4.9,4.98,8.000000000000007,True,12,29,saransh12387,ErasylZaiden_ING,1909,1926,0-1
3r1rk1/pR3ppp/3p2n1/2pB4/8/2PP2NP/PP6/5R1K b - - 0 24,24,18,17,2,0,1,Middlegame,5,6,1,1,1,0,2,2,0,0,0,0,0,0,0,1,1,0,1,2,3,4.92,Kh8,g8h8,Kh8,g8h8,5.02,4.85,16.999999999999993,True,12,29,saransh12387,ErasylZaiden_ING,1909,1926,0-1
3r1r1k/pR3ppp/3p2n1/2pB4/8/2PP2NP/PP6/5R1K w - - 1 25,25,18,44,2,0,0,Middlegame,5,6,1,1,1,0,2,2,0,0,0,0,0,0,0,1,1,0,1,2,3,4.81,Rfxf7,f1f7,Rbxf7,b7f7,4.79,4.8,0.9999999999999787,False,12,29,saransh12387,ErasylZaiden_ING,1909,1926,0-1
3r1r1k/pR3Rpp/3p2n1/2pB4/8/2PP2NP/PP6/7K b - - 0 25,25,17,18,3,0,0,Middlegame,5,5,1,1,1,0,2,2,0,0,0,0,0,0,0,1,1,0,0,2,3,4.68,Rxf7,f8f7,Rde8,d8e8,4.77,4.68,8.999999999999986,False,12,29,saransh12387,ErasylZaiden_ING,1909,1926,0-1
3r3k/pR3rpp/3p2n1/2pB4/8/2PP2NP/PP6/7K w - - 0 26,26,16,33,-2,0,0,Middlegame,5,5,1,1,1,0,1,2,0,0,0,0,0,0,0,1,1,0,0,2,3,4.82,Rxf7,b7f7,Rxf7,b7f7,4.79,4.81,1.9999999999999574,True,12,29,saransh12387,ErasylZaiden_ING,1909,1926,0-1
3r3k/p4Rpp/3p2n1/2pB4/8/2PP2NP/PP6/7K b - - 0 26,26,15,18,3,0,0,Middlegame,5,5,1,1,1,0,1,1,0,0,0,0,0,0,0,1,1,0,0,2,3,4.79,Ne5,g6e5,Rb8,d8b8,4.77,5.02,25.0,False,12,29,saransh12387,ErasylZaiden_ING,1909,1926,0-1
3r3k/p4Rpp/3p4/2pBn3/8/2PP2NP/PP6/7K w - - 1 27,27,15,37,3,0,0,Middlegame,5,5,1,1,1,0,1,1,0,0,0,0,0,0,0,1,1,0,0,2,3,5.06,Rxa7,f7a7,Rxa7,f7a7,5.06,5.08,2.000000000000046,True,12,29,saransh12387,ErasylZaiden_ING,1909,1926,0-1
3r3k/R5pp/3p4/2pBn3/8/2PP2NP/PP6/7K b - - 0 27,27,14,20,4,0,0,Middlegame,5,4,1,1,1,0,1,1,0,0,0,0,0,0,0,1,0,1,0,2,2,5.1,Nxd3,e5d3,Nxd3,e5d3,5.0,5.02,1.9999999999999574,True,12,29,saransh12387,ErasylZaiden_ING,1909,1926,0-1
3r3k/R5pp/3p4/2pB4/8/2Pn2NP/PP6/7K w - - 0 28,28,13,36,3,0,0,Middlegame,4,4,1,1,1,0,1,1,0,0,0,0,0,0,0,1,0,1,0,2,2,5.13,Nf5,g3f5,Ne4,g3e4,5.3,4.72,58.00000000000001,False,12,29,saransh12387,ErasylZaiden_ING,1909,1926,0-1
3r3k/R5pp/3p4/2pB1N2/8/2Pn3P/PP6/7K b - - 1 28,28,13,19,3,0,0,Middlegame,4,4,1,1,1,0,1,1,0,0,0,0,0,0,0,1,0,1,0,2,2,4.61,g6,g7g6,Re8,d8e8,5.46,5.7,24.00000000000002,False,12,29,saransh12387,ErasylZaiden_ING,1909,1926,0-1
3r3k/R6p/3p2p1/2pB1N2/8/2Pn3P/PP6/7K w - - 0 29,29,13,40,3,0,0,Middlegame,4,4,1,1,1,0,1,1,0,0,0,0,0,0,0,1,0,1,0,2,2,5.5,Nh6,f5h6,Nh6,f5h6,5.77,5.21,55.99999999999996,True,12,29,saransh12387,ErasylZaiden_ING,1909,1926,0-1
3r3k/R6p/3p2pN/2pB4/8/2Pn3P/PP6/7K b - - 1 29,29,13,16,3,0,0,Middlegame,4,4,1,1,1,0,1,1,0,0,0,0,0,0,0,1,0,1,0,2,2,5.66,Rf8,d8f8,Rf8,d8f8,5.73,5.84,10.999999999999943,True,12,29,saransh12387,ErasylZaiden_ING,1909,1926,0-1
5r1k/R6p/3p2pN/2pB4/8/2Pn3P/PP6/7K w - - 2 30,30,13,36,3,0,0,Middlegame,4,4,1,1,1,0,1,1,0,0,0,0,0,0,0,1,0,1,0,2,2,5.94,Nf7+,h6f7,Nf7+,h6f7,5.86,5.95,8.999999999999986,True,12,29,saransh12387,ErasylZaiden_ING,1909,1926,0-1
5r1k/R4N1p/3p2p1/2pB4/8/2Pn3P/PP6/7K b - - 3 30,30,13,3,3,0,0,Middlegame,4,4,1,1,1,0,1,1,0,0,0,0,0,0,0,1,0,1,0,2,2,5.87,Kg7,h8g7,Rxf7,f8f7,5.9,5.96,5.999999999999961,False,12,29,saransh12387,ErasylZaiden_ING,1909,1926,0-1
5r2/R4Nkp/3p2p1/2pB4/8/2Pn3P/PP6/7K w - - 4 31,31,13,33,3,0,0,Middlegame,4,4,1,1,1,0,1,1,0,0,0,0,0,0,0,1,0,1,0,2,2,5.97,Nxd6+,f7d6,Ne5+,f7e5,6.09,4.16,192.99999999999997,False,12,29,saransh12387,ErasylZaiden_ING,1909,1926,0-1
5r2/R5kp/3N2p1/2pB4/8/2Pn3P/PP6/7K b - - 0 31,31,12,4,4,0,0,Middlegame,4,3,1,1,1,0,1,1,0,0,0,0,0,0,0,1,1,1,0,2,2,3.9,Kh6,g7h6,Kf6,g7f6,4.38,4.91,53.00000000000003,False,12,29,saransh12387,ErasylZaiden_ING,1909,1926,0-1
5r2/R6p/3N2pk/2pB4/8/2Pn3P/PP6/7K w - - 1 32,32,12,40,4,0,0,Middlegame,4,3,1,1,1,0,1,1,0,0,0,0,0,0,0,1,1,1,0,2,2,5.01,Nf7+,d6f7,Rf7,a7f7,4.77,5.18,41.000000000000014,False,12,29,saransh12387,ErasylZaiden_ING,1909,1926,0-1
5r2/R4N1p/6pk/2pB4/8/2Pn3P/PP6/7K b - - 2 32,32,12,3,4,0,0,Middlegame,4,3,1,1,1,0,1,1,0,0,0,0,0,0,0,1,1,1,0,2,2,5.06,Kh5,h6h5,Kh5,h6h5,4.74,4.86,12.00000000000001,True,12,29,saransh12387,ErasylZaiden_ING,1909,1926,0-1
5r2/R4N1p/6p1/2pB3k/8/2Pn3P/PP6/7K w - - 3 33,33,12,33,4,0,0,Middlegame,4,3,1,1,1,0,1,1,0,0,0,0,0,0,0,1,1,1,0,2,2,5.46,b3,b2b3,Bf3+,d5f3,5.28,4.32,96.0,False,12,29,saransh12387,ErasylZaiden_ING,1909,1926,0-1
5r2/R4N1p/6p1/2pB3k/8/1PPn3P/P7/7K b - - 0 33,33,12,19,4,0,0,Middlegame,4,3,1,1,1,0,1,1,0,0,0,0,0,0,0,1,1,1,0,2,2,4.18,Nf4,d3f4,Nf4,d3f4,4.5,4.82,32.00000000000003,True,12,29,saransh12387,ErasylZaiden_ING,1909,1926,0-1
5r2/R4N1p/6p1/2pB3k/5n2/1PP4P/P7/7K w - - 1 34,34,12,30,4,0,0,Middlegame,4,3,1,1,1,0,1,1,0,0,0,0,0,0,0,1,1,1,0,2,2,4.48,Bf3+,d5f3,Bf3+,d5f3,4.95,4.89,6.00000000000005,True,12,29,saransh12387,ErasylZaiden_ING,1909,1926,0-1
5r2/R4N1p/6p1/2p4k/5n2/1PP2B1P/P7/7K b - - 2 34,34,12,1,4,0,0,Middlegame,4,3,1,1,1,0,1,1,0,0,0,0,0,0,0,1,1,1,0,2,2,4.75,Kh4,h5h4,Kh4,h5h4,4.99,4.94,4.999999999999982,True,12,29,saransh12387,ErasylZaiden_ING,1909,1926,0-1
5r2/R4N1p/6p1/2p5/5n1k/1PP2B1P/P7/7K w - - 3 35,35,12,31,4,0,0,Middlegame,4,3,1,1,1,0,1,1,0,0,0,0,0,0,0,1,1,1,0,2,2,4.83,Ne5,f7e5,Kh2,h1h2,4.95,2.66,229.0,False,12,29,saransh12387,ErasylZaiden_ING,1909,1926,0-1
5r2/R6p/6p1/2p1N3/5n1k/1PP2B1P/P7/7K b - - 4 35,35,12,24,4,0,0,Middlegame,4,3,1,1,1,0,1,1,0,0,0,0,0,0,0,1,1,1,0,2,2,2.11,h5,h7h5,Kg3,h4g3,2.26,3.51,125.0,False,12,29,saransh12387,ErasylZaiden_ING,1909,1926,0-1
5r2/R7/6p1/2p1N2p/5n1k/1PP2B1P/P7/7K w - - 0 36,36,12,35,4,0,0,Middlegame,4,3,1,1,1,0,1,1,0,0,0,0,0,0,0,1,1,1,0,2,2,4.76,Ra4,a7a4,Kh2,h1h2,4.94,1.4,354.00000000000006,False,12,29,saransh12387,ErasylZaiden_ING,1909,1926,0-1
5r2/8/6p1/2p1N2p/R4n1k/1PP2B1P/P7/7K b - - 1 36,36,12,15,4,0,0,Middlegame,4,3,1,1,1,0,1,1,0,0,0,0,0,0,0,1,1,1,0,2,2,1.39,Kg3,h4g3,Kg3,h4g3,1.32,1.32,0.0,True,12,29,saransh12387,ErasylZaiden_ING,1909,1926,0-1
5r2/8/6p1/2p1N2p/R4n2/1PP2BkP/P7/7K w - - 2 37,37,12,32,4,0,0,Middlegame,4,3,1,1,1,0,1,1,0,0,0,0,0,0,0,1,1,1,0,2,2,1.32,Rxf4,a4f4,Re4,a4e4,1.32,-3.27,459.0,False,12,29,saransh12387,ErasylZaiden_ING,1909,1926,0-1
5r2/8/6p1/2p1N2p/5R2/1PP2BkP/P7/7K b - - 0 37,37,11,17,7,0,0,Middlegame,4,3,1,0,1,0,1,1,0,0,0,0,0,0,0,1,1,1,0,2,2,-3.55,Rxf4,f8f4,Rxf4,f8f4,-3.53,-3.59,6.000000000000005,True,12,29,saransh12387,ErasylZaiden_ING,1909,1926,0-1
8/8/6p1/2p1N2p/5r2/1PP2BkP/P7/7K w - - 0 38,38,10,23,2,0,0,Endgame,4,3,1,0,1,0,0,1,0,0,0,0,0,0,0,1,1,1,0,2,2,-3.44,Bg2,f3g2,Kg1,h1g1,-3.18,-3.99,81.0,False,12,29,saransh12387,ErasylZaiden_ING,1909,1926,0-1
8/8/6p1/2p1N2p/5r2/1PP3kP/P5B1/7K b - - 1 38,38,10,19,2,0,0,Endgame,4,3,1,0,1,0,0,1,0,0,0,0,0,0,0,1,1,1,0,2,2,-4.73,Rf2,f4f2,Rf2,f4f2,-4.56,-5.08,52.00000000000004,True,12,29,saransh12387,ErasylZaiden_ING,1909,1926,0-1
8/8/6p1/2p1N2p/8/1PP3kP/P4rB1/7K w - - 2 39,39,10,21,2,0,0,Endgame,4,3,1,0,1,0,0,1,0,0,0,0,0,0,0,1,1,1,0,2,2,-3.06,Nf3,e5f3,Nxg6,e5g6,-3.54,-5.85,230.99999999999997,False,12,29,saransh12387,ErasylZaiden_ING,1909,1926,0-1
8/8/6p1/2p4p/8/1PP2NkP/P4rB1/7K b - - 3 39,39,10,12,2,0,0,Endgame,4,3,1,0,1,0,0,1,0,0,0,0,0,0,0,1,1,1,0,2,2,-6.2,Rxg2,f2g2,Rxg2,f2g2,-6.71,-6.81,9.999999999999964,True,12,29,saransh12387,ErasylZaiden_ING,1909,1926,0-1
8/8/6p1/2p4p/8/1PP2NkP/P5r1/7K w - - 0 40,40,9,13,-1,0,0,Endgame,4,3,1,0,0,0,0,1,0,0,0,0,0,0,0,1,1,1,0,2,2,-7.3,Ne1,f3e1,b4,b3b4,-8.5,-7.58,92.0,False,12,29,saransh12387,ErasylZaiden_ING,1909,1926,0-1
8/8/6p1/2p4p/8/1PP3kP/P5r1/4N2K b - - 1 40,40,9,15,-1,0,0,Endgame,4,3,1,0,0,0,0,1,0,0,0,0,0,0,0,1,1,1,0,2,2,-8.37,Re2,g2e2,Re2,g2e2,-10000.0,-10000.0,0.0,True,12,29,saransh12387,ErasylZaiden_ING,1909,1926,0-1
rnbqkbnr/pppppppp/8/8/8/8/PPPPPPPP/RNBQKBNR w KQkq - 0 1,1,30,20,0,0,0,Opening,8,8,2,2,2,2,2,2,1,1,1,1,2,0,0,0,0,0,0,1,1,0.42,e4,e2e4,e4,e2e4,0.37,0.36,1.0000000000000009,True,12,30,saransh12387,ProfessorUppal,1909,1890,1/2-1/2
rnbqkbnr/pppppppp/8/8/4P3/8/PPPP1PPP/RNBQKBNR b KQkq - 0 1,1,30,20,0,0,0,Opening,8,8,2,2,2,2,2,2,1,1,1,1,2,0,0,0,0,0,0,1,1,0.38,c5,c7c5,e5,e7e5,0.35,0.41,6.0,False,12,30,saransh12387,ProfessorUppal,1909,1890,1/2-1/2
rnbqkbnr/pp1ppppp/8/2p5/4P3/8/PPPP1PPP/RNBQKBNR w KQkq - 0 2,2,30,30,0,0,0,Opening,8,8,2,2,2,2,2,2,1,1,1,1,2,0,0,0,0,0,0,1,1,0.44,Nc3,b1c3,Nf3,g1f3,0.43,0.32,10.999999999999998,False,12,30,saransh12387,ProfessorUppal,1909,1890,1/2-1/2
rnbqkbnr/pp1ppppp/8/2p5/4P3/2N5/PPPP1PPP/R1BQKBNR b KQkq - 1 2,2,30,22,0,0,0,Opening,8,8,2,2,2,2,2,2,1,1,1,1,2,0,0,0,0,0,0,1,1,0.3,Nc6,b8c6,Nc6,b8c6,0.29,0.35,6.0,True,12,30,saransh12387,ProfessorUppal,1909,1890,1/2-1/2
r1bqkbnr/pp1ppppp/2n5/2p5/4P3/2N5/PPPP1PPP/R1BQKBNR w KQkq - 2 3,3,30,32,0,0,0,Opening,8,8,2,2,2,2,2,2,1,1,1,1,2,0,0,0,0,0,0,1,1,0.29,g3,g2g3,Nf3,g1f3,0.3,-0.19,49.0,False,12,30,saransh12387,ProfessorUppal,1909,1890,1/2-1/2
r1bqkbnr/pp1ppppp/2n5/2p5/4P3/2N3P1/PPPP1P1P/R1BQKBNR b KQkq - 0 3,3,30,26,0,0,0,Opening,8,8,2,2,2,2,2,2,1,1,1,1,2,0,0,0,0,0,0,1,1,-0.22,g6,g7g6,g6,g7g6,-0.13,-0.13,0.0,True,12,30,saransh12387,ProfessorUppal,1909,1890,1/2-1/2
r1bqkbnr/pp1ppp1p/2n3p1/2p5/4P3/2N3P1/PPPP1P1P/R1BQKBNR w KQkq - 0 4,4,30,33,0,0,0,Opening,8,8,2,2,2,2,2,2,1,1,1,1,2,0,0,0,0,0,0,1,1,-0.13,Bg2,f1g2,Nge2,g1e2,-0.09,-0.11,2.0000000000000004,False,12,30,saransh12387,ProfessorUppal,1909,1890,1/2-1/2
r1bqkbnr/pp1ppp1p/2n3p1/2p5/4P3/2N3P1/PPPP1PBP/R1BQK1NR b KQkq - 1 4,4,30,27,0,0,0,Opening,8,8,2,2,2,2,2,2,1,1,1,1,2,0,0,0,0,0,0,1,1,-0.12,Bg7,f8g7,Bg7,f8g7,-0.11,-0.11,0.0,True,12,30,saransh12387,ProfessorUppal,1909,1890,1/2-1/2
r1bqk1nr/pp1pppbp/2n3p1/2p5/4P3/2N3P1/PPPP1PBP/R1BQK1NR w KQkq - 2 5,5,30,30,0,0,0,Opening,8,8,2,2,2,2,2,2,1,1,1,1,2,0,0,0,0,0,0,1,1,-0.08,Nge2,g1e2,d3,d2d3,-0.08,-0.07,0.9999999999999996,False,12,30,saransh12387,ProfessorUppal,1909,1890,1/2-1/2
r1bqk1nr/pp1pppbp/2n3p1/2p5/4P3/2N3P1/PPPPNPBP/R1BQK2R b KQkq - 3 5,5,30,32,0,0,0,Opening,8,8,2,2,2,2,2,2,1,1,1,1,2,0,0,0,0,0,0,1,1,-0.01,e6,e7e6,Rb8,a8b8,-0.02,-0.05,3.0000000000000004,False,12,30,saransh12387,ProfessorUppal,1909,1890,1/2-1/2
r1bqk1nr/pp1p1pbp/2n1p1p1/2p5/4P3/2N3P1/PPPPNPBP/R1BQK2R w KQkq - 0 6,6,30,27,0,0,0,Opening,8,8,2,2,2,2,2,2,1,1,1,1,2,0,0,0,0,0,0,1,1,-0.01,O-O,e1g1,d3,d2d3,0.0,-0.1,10.0,False,12,30,saransh12387,ProfessorUppal,1909,1890,1/2-1/2
r1bqk1nr/pp1p1pbp/2n1p1p1/2p5/4P3/2N3P1/PPPPNPBP/R1BQ1RK1 b kq - 1 6,6,30,38,0,1,0,Opening,8,8,2,2,2,2,2,2,1,1,1,1,2,0,0,0,0,0,0,1,1,-0.1,Nge7,g8e7,d6,d7d6,-0.09,-0.1,1.0000000000000009,False,12,30,saransh12387,ProfessorUppal,1909,1890,1/2-1/2
r1bqk2r/pp1pnpbp/2n1p1p1/2p5/4P3/2N3P1/PPPPNPBP/R1BQ1RK1 w kq - 2 7,7,30,25,0,1,0,Opening,8,8,2,2,2,2,2,2,1,1,1,1,2,0,0,0,0,0,0,1,1,-0.09,f4,f2f4,d3,d2d3,-0.12,-0.48,36.0,False,12,30,saransh12387,ProfessorUppal,1909,1890,1/2-1/2
r1bqk2r/pp1pnpbp/2n1p1p1/2p5/4PP2/2N3P1/PPPPN1BP/R1BQ1RK1 b kq - 0 7,7,30,35,0,1,0,Opening,8,8,2,2,2,2,2,2,1,1,1,1,2,0,0,0,0,0,0,1,1,-0.35,O-O,e8g8,d5,d7d5,-0.43,-0.42,1.0000000000000009,False,12,30,saransh12387,ProfessorUppal,1909,1890,1/2-1/2
r1bq1rk1/pp1pnpbp/2n1p1p1/2p5/4PP2/2N3P1/PPPPN1BP/R1BQ1RK1 w - - 1 8,8,30,26,0,1,1,Opening,8,8,2,2,2,2,2,2,1,1,1,1,2,0,0,0,0,0,0,1,1,-0.4,d3,d2d3,d3,d2d3,-0.45,-0.44,1.0000000000000009,True,12,30,saransh12387,ProfessorUppal,1909,1890,1/2-1/2
r1bq1rk1/pp1pnpbp/2n1p1p1/2p5/4PP2/2NP2P1/PPP1N1BP/R1BQ1RK1 b - - 0 8,8,30,33,0,1,1,Opening,8,8,2,2,2,2,2,2,1,1,1,1,2,0,0,0,0,0,0,1,1,-0.4,f5,f7f5,d6,d7d6,-0.47,0.05,52.0,False,12,30,saransh12387,ProfessorUppal,1909,1890,1/2-1/2
r1bq1rk1/pp1pn1bp/2n1p1p1/2p2p2/4PP2/2NP2P1/PPP1N1BP/R1BQ1RK1 w - - 0 9,9,30,28,0,1,1,Opening,8,8,2,2,2,2,2,2,1,1,1,1,2,0,0,0,0,0,0,1,1,0.25,e5,e4e5,Be3,c1e3,0.18,-0.27,45.0,False,12,30,saransh12387,ProfessorUppal,1909,1890,1/2-1/2
r1bq1rk1/pp1pn1bp/2n1p1p1/2p1Pp2/5P2/2NP2P1/PPP1N1BP/R1BQ1RK1 b - - 0 9,9,30,30,0,1,1,Opening,8,8,2,2,2,2,2,2,1,1,1,1,2,0,0,0,0,0,0,1,1,-0.41,d6,d7d6,d6,d7d6,-0.4,-0.53,13.0,True,12,30,saransh12387,ProfessorUppal,1909,1890,1/2-1/2
r1bq1rk1/pp2n1bp/2npp1p1/2p1Pp2/5P2/2NP2P1/PPP1N1BP/R1BQ1RK1 w - - 0 10,10,30,31,0,1,1,Opening,8,8,2,2,2,2,2,2,1,1,1,1,2,0,0,0,0,0,0,1,1,-0.51,exd6,e5d6,Be3,c1e3,-0.51,-0.62,10.999999999999998,False,12,30,saransh12387,ProfessorUppal,1909,1890,1/2-1/2
r1bq1rk1/pp2n1bp/2nPp1p1/2p2p2/5P2/2NP2P1/PPP1N1BP/R1BQ1RK1 b - - 0 10,10,29,34,1,1,1,Opening,8,7,2,2,2,2,2,2,1,1,1,1,2,1,0,0,0,1,0,2,2,-0.58,Qxd6,d8d6,Qxd6,d8d6,-0.56,-0.65,8.999999999999996,True,12,30,saransh12387,ProfessorUppal,1909,1890,1/2-1/2
r1b2rk1/pp2n1bp/2nqp1p1/2p2p2/5P2/2NP2P1/PPP1N1BP/R1BQ1RK1 w - - 0 11,11,28,30,0,1,1,Opening,7,7,2,2,2,2,2,2,1,1,1,1,2,0,0,0,0,0,0,2,2,-0.56,Kh1,g1h1,Be3,c1e3,-0.64,-1.23,59.0,False,12,30,saransh12387,ProfessorUppal,1909,1890,1/2-1/2
r1b2rk1/pp2n1bp/2nqp1p1/2p2p2/5P2/2NP2P1/PPP1N1BP/R1BQ1R1K b - - 1 11,11,28,39,0,0,1,Opening,7,7,2,2,2,2,2,2,1,1,1,1,2,0,0,0,0,0,0,2,2,-1.15,b6,b7b6,b6,b7b6,-1.18,-1.17,1.0000000000000009,True,12,30,saransh12387,ProfessorUppal,1909,1890,1/2-1/2
r1b2rk1/p3n1bp/1pnqp1p1/2p2p2/5P2/2NP2P1/PPP1N1BP/R1BQ1R1K w - - 0 12,12,28,30,0,0,1,Opening,7,7,2,2,2,2,2,2,1,1,1,1,2,0,0,0,0,0,0,2,2,-1.15,Ng1,e2g1,Be3,c1e3,-1.16,-1.13,3.0000000000000027,False,12,30,saransh12387,ProfessorUppal,1909,1890,1/2-1/2
r1b2rk1/p3n1bp/1pnqp1p1/2p2p2/5P2/2NP2P1/PPP3BP/R1BQ1RNK b - - 1 12,12,28,40,0,0,1,Opening,7,7,2,2,2,2,2,2,1,1,1,1,2,0,0,0,0,0,0,2,2,-1.12,Bb7,c8b7,Bb7,c8b7,-1.1,-1.07,3.0000000000000027,True,12,30,saransh12387,ProfessorUppal,1909,1890,1/2-1/2
r4rk1/pb2n1bp/1pnqp1p1/2p2p2/5P2/2NP2P1/PPP3BP/R1BQ1RNK w - - 2 13,13,28,34,0,0,1,Opening,7,7,2,2,2,2,2,2,1,1,1,1,2,0,0,0,0,0,0,2,2,-1.12,Nf3,g1f3,Be3,c1e3,-1.12,-1.24,11.99999999999999,False,12,30,saransh12387,ProfessorUppal,1909,1890,1/2-1/2
r4rk1/pb2n1bp/1pnqp1p1/2p2p2/5P2/2NP1NP1/PPP3BP/R1BQ1R1K b - - 3 13,13,28,45,0,0,1,Opening,7,7,2,2,2,2,2,2,1,1,1,1,2,0,0,0,0,0,0,2,2,-1.25,Nd4,c6d4,Nd4,c6d4,-1.3,-1.32,2.0000000000000018,True,12,30,saransh12387,ProfessorUppal,1909,1890,1/2-1/2
r4rk1/pb2n1bp/1p1qp1p1/2p2p2/3n1P2/2NP1NP1/PPP3BP/R1BQ1R1K w - - 4 14,14,28,31,0,0,1,Opening,7,7,2,2,2,2,2,2,1,1,1,1,2,0,0,0,0,0,0,2,2,-1.38,Nxd4,f3d4,Nb1,c3b1,-1.21,-1.8,59.00000000000001,False,12,30,saransh12387,ProfessorUppal,1909,1890,1/2-1/2
r4rk1/pb2n1bp/1p1qp1p1/2p2p2/3N1P2/2NP2P1/PPP3BP/R1BQ1R1K b - - 0 14,14,27,45,3,0,1,Opening,7,7,2,1,2,2,2,2,1,1,1,1,2,0,0,0,0,0,0,2,2,-1.74,Bxg2+,b7g2,Bxg2+,b7g2,-1.52,-1.75,23.0,True,12,30,saransh12387,ProfessorUppal,1909,1890,1/2-1/2
r4rk1/p3n1bp/1p1qp1p1/2p2p2/3N1P2/2NP2P1/PPP3bP/R1BQ1R1K w - - 0 15,15,26,2,0,0,1,Opening,7,7,2,1,1,2,2,2,1,1,0,1,2,0,0,0,0,0,0,2,2,-1.84,Kxg2,h1g2,Kxg2,h1g2,-1.78,-1.82,4.0000000000000036,True,12,30,saransh12387,ProfessorUppal,1909,1890,1/2-1/2
r4rk1/p3n1bp/1p1qp1p1/2p2p2/3N1P2/2NP2P1/PPP3KP/R1BQ1R2 b - - 0 15,15,25,38,3,0,1,Opening,7,7,2,1,1,1,2,2,1,1,0,0,2,0,0,0,0,0,0,2,2,-1.92,Bxd4,g7d4,cxd4,c5d4,-1.83,-0.85,98.00000000000001,False,12,30,saransh12387,ProfessorUppal,1909,1890,1/2-1/2
r4rk1/p3n2p/1p1qp1p1/2p2p2/3b1P2/2NP2P1/PPP3KP/R1BQ1R2 w - - 0 16,16,24,30,0,0,1,Middlegame,7,7,1,1,1,1,2,2,1,1,0,0,2,0,0,0,0,0,0,2,2,-0.83,Qe2,d1e2,Qf3,d1f3,-0.81,-0.88,6.999999999999995,False,12,30,saransh12387,ProfessorUppal,1909,1890,1/2-1/2
r4rk1/p3n2p/1p1qp1p1/2p2p2/3b1P2/2NP2P1/PPP1Q1KP/R1B2R2 b - - 1 16,16,24,40,0,0,1,Middlegame,7,7,1,1,1,1,2,2,1,1,0,0,2,0,0,0,0,0,0,2,2,-0.95,Nd5,e7d5,Bg7,d4g7,-0.89,-0.4,49.0,False,12,30,saransh12387,ProfessorUppal,1909,1890,1/2-1/2
r4rk1/p6p/1p1qp1p1/2pn1p2/3b1P2/2NP2P1/PPP1Q1KP/R1B2R2 w - - 2 17,17,24,36,0,0,1,Middlegame,7,7,1,1,1,1,2,2,1,1,0,0,2,0,0,0,0,0,0,2,2,-0.33,Nxd5,c3d5,Nxd5,c3d5,-0.53,-0.55,2.0000000000000018,True,12,30,saransh12387,ProfessorUppal,1909,1890,1/2-1/2
r4rk1/p6p/1p1qp1p1/2pN1p2/3b1P2/3P2P1/PPP1Q1KP/R1B2R2 b - - 0 17,17,23,40,3,0,1,Middlegame,7,7,1,0,1,1,2,2,1,1,0,0,2,0,0,0,0,0,0,2,2,-0.47,exd5,e6d5,Qxd5+,d6d5,-0.5,-0.54,4.0000000000000036,False,12,30,saransh12387,ProfessorUppal,1909,1890,1/2-1/2
r4rk1/p6p/1p1q2p1/2pp1p2/3b1P2/3P2P1/PPP1Q1KP/R1B2R2 w - - 0 18,18,22,34,0,0,1,Middlegame,7,7,0,0,1,1,2,2,1,1,0,0,2,0,0,0,0,0,0,2,2,-0.52,c3,c2c3,Qf3,e2f3,-0.53,-0.53,0.0,False,12,30,saransh12387,ProfessorUppal,1909,1890,1/2-1/2
r4rk1/p6p/1p1q2p1/2pp1p2/3b1P2/2PP2P1/PP2Q1KP/R1B2R2 b - - 0 18,18,22,38,0,0,1,Middlegame,7,7,0,0,1,1,2,2,1,1,0,0,2,0,0,0,0,0,0,2,2,-0.56,Rfe8,f8e8,Rfe8,f8e8,-0.4,-0.39,1.0000000000000009,True,12,30,saransh12387,ProfessorUppal,1909,1890,1/2-1/2
r3r1k1/p6p/1p1q2p1/2pp1p2/3b1P2/2PP2P1/PP2Q1KP/R1B2R2 w - - 1 19,19,22,35,0,0,1,Middlegame,7,7,0,0,1,1,2,2,1,1,0,0,2,0,0,0,0,0,0,2,2,-0.35,Qf3,e2f3,Qf3,e2f3,-0.39,-0.32,7.000000000000001,True,12,30,saransh12387,ProfessorUppal,1909,1890,1/2-1/2
r3r1k1/p6p/1p1q2p1/2pp1p2/3b1P2/2PP1QP1/PP4KP/R1B2R2 b - - 2 19,19,22,44,0,0,1,Middlegame,7,7,0,0,1,1,2,2,1,1,0,0,2,0,0,0,0,0,0,2,2,-0.39,Bg7,d4g7,Bf6,d4f6,-0.39,-0.28,10.999999999999998,False,12,30,saransh12387,ProfessorUppal,1909,1890,1/2-1/2
r3r1k1/p5bp/1p1q2p1/2pp1p2/5P2/2PP1QP1/PP4KP/R1B2R2 w - - 3 20,20,22,29,0,0,1,Middlegame,7,7,0,0,1,1,2,2,1,1,0,0,2,0,0,0,0,0,0,2,2,-0.29,Be3,c1e3,Bd2,c1d2,-0.25,-0.6,35.0,False,12,30,saransh12387,ProfessorUppal,1909,1890,1/2-1/2
r3r1k1/p5bp/1p1q2p1/2pp1p2/5P2/2PPBQP1/PP4KP/R4R2 b - - 4 20,20,22,41,0,0,1,Middlegame,7,7,0,0,1,1,2,2,1,1,0,0,2,0,0,0,0,0,0,2,2,-0.47,d4,d5d4,d4,d5d4,-0.63,-0.58,5.000000000000004,True,12,30,saransh12387,ProfessorUppal,1909,1890,1/2-1/2
r3r1k1/p5bp/1p1q2p1/2p2p2/3p1P2/2PPBQP1/PP4KP/R4R2 w - - 0 21,21,22,39,0,0,1,Middlegame,7,7,0,0,1,1,2,2,1,1,0,0,2,0,0,0,0,0,0,2,2,-0.58,cxd4,c3d4,Bd2,e3d2,-0.59,-0.59,0.0,False,12,30,saransh12387,ProfessorUppal,1909,1890,1/2-1/2
r3r1k1/p5bp/1p1q2p1/2p2p2/3P1P2/3PBQP1/PP4KP/R4R2 b - - 0 21,21,21,42,1,0,1,Middlegame,7,6,0,0,1,1,2,2,1,1,0,0,2,1,0,2,0,0,0,3,2,-0.59,Bxd4,g7d4,Bxd4,g7d4,-0.42,-0.5,8.000000000000002,True,12,30,saransh12387,ProfessorUppal,1909,1890,1/2-1/2
r3r1k1/p6p/1p1q2p1/2p2p2/3b1P2/3PBQP1/PP4KP/R4R2 w - - 0 22,22,20,37,0,0,1,Middlegame,6,6,0,0,1,1,2,2,1,1,0,0,2,0,0,1,0,0,0,3,2,-0.43,Bxd4,e3d4,Bxd4,e3d4,-0.45,-0.41,4.0000000000000036,True,12,30,saransh12387,ProfessorUppal,1909,1890,1/2-1/2
r3r1k1/p6p/1p1q2p1/2p2p2/3B1P2/3P1QP1/PP4KP/R4R2 b - - 0 22,22,19,37,3,0,1,Middlegame,6,6,0,0,1,0,2,2,1,1,0,0,2,0,0,1,0,0,0,3,2,-0.44,Qxd4,d6d4,Qxd4,d6d4,-0.5,-0.4,9.999999999999998,True,12,30,saransh12387,ProfessorUppal,1909,1890,1/2-1/2
r3r1k1/p6p/1p4p1/2p2p2/3q1P2/3P1QP1/PP4KP/R4R2 w - - 0 23,23,18,31,0,0,1,Middlegame,6,6,0,0,0,0,2,2,1,1,0,0,2,0,0,1,0,0,0,3,2,-0.41,Rfe1,f1e1,Rf2,f1f2,-0.47,-0.89,42.00000000000001,False,12,30,saransh12387,ProfessorUppal,1909,1890,1/2-1/2
r3r1k1/p6p/1p4p1/2p2p2/3q1P2/3P1QP1/PP4KP/R3R3 b - - 1 23,23,18,44,0,0,1,Middlegame,6,6,0,0,0,0,2,2,1,1,0,0,2,0,0,1,0,0,0,3,2,-0.9,Qxb2+,d4b2,Qxb2+,d4b2,-0.89,-0.84,5.000000000000004,True,12,30,saransh12387,ProfessorUppal,1909,1890,1/2-1/2
r3r1k1/p6p/1p4p1/2p2p2/5P2/3P1QP1/Pq4KP/R3R3 w - - 0 24,24,17,7,-1,0,1,Middlegame,5,6,0,0,0,0,2,2,1,1,0,0,2,0,0,2,0,0,0,3,2,-0.86,Kh3,g2h3,Kh3,g2h3,-0.97,-0.98,1.0000000000000009,True,12,30,saransh12387,ProfessorUppal,1909,1890,1/2-1/2
r3r1k1/p6p/1p4p1/2p2p2/5P2/3P1QPK/Pq5P/R3R3 b - - 1 24,24,17,45,-1,0,1,Middlegame,5,6,0,0,0,0,2,2,1,1,0,0,2,0,0,2,0,0,0,3,2,-1.18,Qg7,b2g7,Rad8,a8d8,-0.94,-0.71,23.0,False,12,30,saransh12387,ProfessorUppal,1909,1890,1/2-1/2
r3r1k1/p5qp/1p4p1/2p2p2/5P2/3P1QPK/P6P/R3R3 w - - 2 25,25,17,36,-1,0,1,Middlegame,5,6,0,0,0,0,2,2,1,1,0,0,2,0,0,2,0,0,0,3,2,-0.64,Qd5+,f3d5,a4,a2a4,-0.76,-1.3,54.0,False,12,30,saransh12387,ProfessorUppal,1909,1890,1/2-1/2
r3r1k1/p5qp/1p4p1/2pQ1p2/5P2/3P2PK/P6P/R3R3 b - - 3 25,25,17,4,-1,0,1,Middlegame,5,6,0,0,0,0,2,2,1,1,0,0,2,0,0,2,0,0,0,3,2,-1.28,Kh8,g8h8,Qf7,g7f7,-1.19,-0.67,51.99999999999999,False,12,30,saransh12387,ProfessorUppal,1909,1890,1/2-1/2
r3r2k/p5qp/1p4p1/2pQ1p2/5P2/3P2PK/P6P/R3R3 w - - 4 26,26,17,41,-1,0,0,Middlegame,5,6,0,0,0,0,2,2,1,1,0,0,2,0,0,2,0,0,0,3,2,-0.64,Qc6,d5c6,a4,a2a4,-0.62,-0.78,16.000000000000004,False,12,30,saransh12387,ProfessorUppal,1909,1890,1/2-1/2
r3r2k/p5qp/1pQ3p1/2p2p2/5P2/3P2PK/P6P/R3R3 b - - 5 26,26,17,37,-1,0,0,Middlegame,5,6,0,0,0,0,2,2,1,1,0,0,2,0,0,2,0,0,0,3,2,-0.77,Red8,e8d8,Rg8,e8g8,-0.82,-0.54,27.999999999999993,False,12,30,saransh12387,ProfessorUppal,1909,1890,1/2-1/2
r2r3k/p5qp/1pQ3p1/2p2p2/5P2/3P2PK/P6P/R3R3 w - - 6 27,27,17,41,-1,0,0,Middlegame,5,6,0,0,0,0,2,2,1,1,0,0,2,0,0,2,0,0,0,3,2,-0.59,Rad1,a1d1,a4,a2a4,-0.52,-0.86,34.0,False,12,30,saransh12387,ProfessorUppal,1909,1890,1/2-1/2
r2r3k/p5qp/1pQ3p1/2p2p2/5P2/3P2PK/P6P/3RR3 b - - 7 27,27,17,34,-1,0,0,Middlegame,5,6,0,0,0,0,2,2,1,1,0,0,2,0,0,2,0,0,0,3,2,-0.95,Rac8,a8c8,Rac8,a8c8,-1.0,-1.02,2.0000000000000018,True,12,30,saransh12387,ProfessorUppal,1909,1890,1/2-1/2
2rr3k/p5qp/1pQ3p1/2p2p2/5P2/3P2PK/P6P/3RR3 w - - 8 28,28,17,39,-1,0,0,Middlegame,5,6,0,0,0,0,2,2,1,1,0,0,2,0,0,2,0,0,0,3,2,-0.98,Qa4,c6a4,Qe6,c6e6,-1.04,-0.92,12.0,False,12,30,saransh12387,ProfessorUppal,1909,1890,1/2-1/2
2rr3k/p5qp/1p4p1/2p2p2/Q4P2/3P2PK/P6P/3RR3 b - - 9 28,28,17,34,-1,0,0,Middlegame,5,6,0,0,0,0,2,2,1,1,0,0,2,0,0,2,0,0,0,3,2,-0.89,Rd4,d8d4,Qd7,g7d7,-0.91,0.0,91.0,False,12,30,saransh12387,ProfessorUppal,1909,1890,1/2-1/2
2r4k/p5qp/1p4p1/2p2p2/Q2r1P2/3P2PK/P6P/3RR3 w - - 10 29,29,17,31,-1,0,0,Middlegame,5,6,0,0,0,0,2,2,1,1,0,0,2,0,0,2,0,0,0,3,2,0.0,Re8+,e1e8,Re8+,e1e8,0.0,0.0,0.0,True,12,30,saransh12387,ProfessorUppal,1909,1890,1/2-1/2
2r1R2k/p5qp/1p4p1/2p2p2/Q2r1P2/3P2PK/P6P/3R4 b - - 11 29,29,17,3,-1,0,0,Middlegame,5,6,0,0,0,0,2,2,1,1,0,0,2,0,0,2,0,0,0,3,2,0.0,Rxe8,c8e8,Rxe8,c8e8,0.0,0.0,0.0,True,12,30,saransh12387,ProfessorUppal,1909,1890,1/2-1/2
4r2k/p5qp/1p4p1/2p2p2/Q2r1P2/3P2PK/P6P/3R4 w - - 0 30,30,16,25,-6,0,0,Middlegame,5,6,0,0,0,0,1,2,1,1,0,0,2,0,0,2,0,0,0,3,2,0.0,Qxe8+,a4e8,Qxe8+,a4e8,0.0,0.0,0.0,True,12,30,saransh12387,ProfessorUppal,1909,1890,1/2-1/2
4Q2k/p5qp/1p4p1/2p2p2/3r1P2/3P2PK/P6P/3R4 b - - 0 30,30,15,2,-1,0,0,Middlegame,5,6,0,0,0,0,1,1,1,1,0,0,2,0,0,2,0,0,0,3,2,0.0,Qg8,g7g8,Qg8,g7g8,0.0,0.0,0.0,True,12,30,saransh12387,ProfessorUppal,1909,1890,1/2-1/2
4Q1qk/p6p/1p4p1/2p2p2/3r1P2/3P2PK/P6P/3R4 w - - 1 31,31,15,32,-1,0,0,Middlegame,5,6,0,0,0,0,1,1,1,1,0,0,2,0,0,2,0,0,0,3,2,0.0,Qe5+,e8e5,Qe5+,e8e5,0.0,0.0,0.0,True,12,30,saransh12387,ProfessorUppal,1909,1890,1/2-1/2
6qk/p6p/1p4p1/2p1Qp2/3r1P2/3P2PK/P6P/3R4 b - - 2 31,31,15,1,-1,0,0,Middlegame,5,6,0,0,0,0,1,1,1,1,0,0,2,0,0,2,0,0,0,3,2,0.0,Qg7,g8g7,Qg7,g8g7,0.0,0.0,0.0,True,12,30,saransh12387,ProfessorUppal,1909,1890,1/2-1/2
7k/p5qp/1p4p1/2p1Qp2/3r1P2/3P2PK/P6P/3R4 w - - 3 32,32,15,29,-1,0,0,Middlegame,5,6,0,0,0,0,1,1,1,1,0,0,2,0,0,2,0,0,0,3,2,0.0,Qe8+,e5e8,Qb8+,e5b8,0.0,0.0,0.0,False,12,30,saransh12387,ProfessorUppal,1909,1890,1/2-1/2
4Q2k/p5qp/1p4p1/2p2p2/3r1P2/3P2PK/P6P/3R4 b - - 4 32,32,15,2,-1,0,0,Middlegame,5,6,0,0,0,0,1,1,1,1,0,0,2,0,0,2,0,0,0,3,2,0.0,Qg8,g7g8,Qg8,g7g8,0.0,0.0,0.0,True,12,30,saransh12387,ProfessorUppal,1909,1890,1/2-1/2
4Q1qk/p6p/1p4p1/2p2p2/3r1P2/3P2PK/P6P/3R4 w - - 5 33,33,15,32,-1,0,0,Middlegame,5,6,0,0,0,0,1,1,1,1,0,0,2,0,0,2,0,0,0,3,2,0.0,Qe5+,e8e5,Qe5+,e8e5,0.0,0.0,0.0,True,12,30,saransh12387,ProfessorUppal,1909,1890,1/2-1/2
6qk/p6p/1p4p1/2p1Qp2/3r1P2/3P2PK/P6P/3R4 b - - 6 33,33,15,1,-1,0,0,Middlegame,5,6,0,0,0,0,1,1,1,1,0,0,2,0,0,2,0,0,0,3,2,0.0,Qg7,g8g7,Qg7,g8g7,0.0,0.0,0.0,True,12,30,saransh12387,ProfessorUppal,1909,1890,1/2-1/2
7k/p5qp/1p4p1/2p1Qp2/3r1P2/3P2PK/P6P/3R4 w - - 7 34,34,15,29,-1,0,0,Middlegame,5,6,0,0,0,0,1,1,1,1,0,0,2,0,0,2,0,0,0,3,2,0.0,Qe8+,e5e8,Qe8+,e5e8,0.0,0.0,0.0,True,12,30,saransh12387,ProfessorUppal,1909,1890,1/2-1/2
rnbqkbnr/pppppppp/8/8/8/8/PPPPPPPP/RNBQKBNR w KQkq - 0 1,1,30,20,0,0,0,Opening,8,8,2,2,2,2,2,2,1,1,1,1,2,0,0,0,0,0,0,1,1,0.35,e3,e2e3,e4,e2e4,0.33,0.23,10.0,False,12,31,saransh12387,fischer_bobby123,1909,1173,1-0
rnbqkbnr/pppppppp/8/8/8/4P3/PPPP1PPP/RNBQKBNR b KQkq - 0 1,1,30,20,0,0,0,Opening,8,8,2,2,2,2,2,2,1,1,1,1,2,0,0,0,0,0,0,1,1,0.07,e6,e7e6,Nf6,g8f6,0.12,0.14,2.0000000000000018,False,12,31,saransh12387,fischer_bobby123,1909,1173,1-0
rnbqkbnr/pppp1ppp/4p3/8/8/4P3/PPPP1PPP/RNBQKBNR w KQkq - 0 2,2,30,30,0,0,0,Opening,8,8,2,2,2,2,2,2,1,1,1,1,2,0,0,0,0,0,0,1,1,0.14,Nc3,b1c3,c4,c2c4,0.13,-0.24,37.0,False,12,31,saransh12387,fischer_bobby123,1909,1173,1-0
rnbqkbnr/pppp1ppp/4p3/8/8/2N1P3/PPPP1PPP/R1BQKBNR b KQkq - 1 2,2,30,30,0,0,0,Opening,8,8,2,2,2,2,2,2,1,1,1,1,2,0,0,0,0,0,0,1,1,-0.26,Nf6,g8f6,d5,d7d5,-0.33,-0.16,17.0,False,12,31,saransh12387,fischer_bobby123,1909,1173,1-0
rnbqkb1r/pppp1ppp/4pn2/8/8/2N1P3/PPPP1PPP/R1BQKBNR w KQkq - 2 3,3,30,33,0,0,0,Opening,8,8,2,2,2,2,2,2,1,1,1,1,2,0,0,0,0,0,0,1,1,-0.14,Nf3,g1f3,e4,e3e4,-0.1,-0.36,26.0,False,12,31,saransh12387,fischer_bobby123,1909,1173,1-0
rnbqkb1r/pppp1ppp/4pn2/8/8/2N1PN2/PPPP1PPP/R1BQKB1R b KQkq - 3 3,3,30,28,0,0,0,Opening,8,8,2,2,2,2,2,2,1,1,1,1,2,0,0,0,0,0,0,1,1,-0.33,d6,d7d6,d5,d7d5,-0.2,0.39,59.00000000000001,False,12,31,saransh12387,fischer_bobby123,1909,1173,1-0
rnbqkb1r/ppp2ppp/3ppn2/8/8/2N1PN2/PPPP1PPP/R1BQKB1R w KQkq - 0 4,4,30,31,0,0,0,Opening,8,8,2,2,2,2,2,2,1,1,1,1,2,0,0,0,0,0,0,1,1,0.41,d4,d2d4,d4,d2d4,0.36,0.38,2.0000000000000018,True,12,31,saransh12387,fischer_bobby123,1909,1173,1-0
rnbqkb1r/ppp2ppp/3ppn2/8/3P4/2N1PN2/PPP2PPP/R1BQKB1R b KQkq - 0 4,4,30,28,0,0,0,Opening,8,8,2,2,2,2,2,2,1,1,1,1,2,0,0,0,0,0,0,1,1,0.37,g6,g7g6,d5,d6d5,0.37,0.64,27.0,False,12,31,saransh12387,fischer_bobby123,1909,1173,1-0
rnbqkb1r/ppp2p1p/3ppnp1/8/3P4/2N1PN2/PPP2PPP/R1BQKB1R w KQkq - 0 5,5,30,34,0,0,0,Opening,8,8,2,2,2,2,2,2,1,1,1,1,2,0,0,0,0,0,0,1,1,0.66,Bc4,f1c4,e4,e3e4,0.72,0.53,18.999999999999993,False,12,31,saransh12387,fischer_bobby123,1909,1173,1-0
rnbqkb1r/ppp2p1p/3ppnp1/8/2BP4/2N1PN2/PPP2PPP/R1BQK2R b KQkq - 1 5,5,30,29,0,0,0,Opening,8,8,2,2,2,2,2,2,1,1,1,1,2,0,0,0,0,0,0,1,1,0.49,a6,a7a6,a6,a7a6,0.5,0.48,2.0000000000000018,True,12,31,saransh12387,fischer_bobby123,1909,1173,1-0
rnbqkb1r/1pp2p1p/p2ppnp1/8/2BP4/2N1PN2/PPP2PPP/R1BQK2R w KQkq - 0 6,6,30,40,0,0,0,Opening,8,8,2,2,2,2,2,2,1,1,1,1,2,0,0,0,0,0,0,1,1,0.47,e4,e3e4,e4,e3e4,0.56,0.56,0.0,True,12,31,saransh12387,fischer_bobby123,1909,1173,1-0
rnbqkb1r/1pp2p1p/p2ppnp1/8/2BPP3/2N2N2/PPP2PPP/R1BQK2R b KQkq - 0 6,6,30,28,0,0,0,Opening,8,8,2,2,2,2,2,2,1,1,1,1,2,0,0,0,0,0,0,1,1,0.56,b5,b7b5,b5,b7b5,0.5,0.54,4.0000000000000036,True,12,31,saransh12387,fischer_bobby123,1909,1173,1-0
rnbqkb1r/2p2p1p/p2ppnp1/1p6/2BPP3/2N2N2/PPP2PPP/R1BQK2R w KQkq - 0 7,7,30,42,0,0,0,Opening,8,8,2,2,2,2,2,2,1,1,1,1,2,0,0,0,0,0,0,1,1,0.57,Bb3,c4b3,Bd3,c4d3,0.53,-0.21,74.0,False,12,31,saransh12387,fischer_bobby123,1909,1173,1-0
rnbqkb1r/2p2p1p/p2ppnp1/1p6/3PP3/1BN2N2/PPP2PPP/R1BQK2R b KQkq - 1 7,7,30,28,0,0,0,Opening,8,8,2,2,2,2,2,2,1,1,1,1,2,0,0,0,0,0,0,1,1,-0.56,Bg7,f8g7,b4,b5b4,-0.59,0.38,97.0,False,12,31,saransh12387,fischer_bobby123,1909,1173,1-0
rnbqk2r/2p2pbp/p2ppnp1/1p6/3PP3/1BN2N2/PPP2PPP/R1BQK2R w KQkq - 2 8,8,30,37,0,0,0,Opening,8,8,2,2,2,2,2,2,1,1,1,1,2,0,0,0,0,0,0,1,1,0.55,Bg5,c1g5,Qe2,d1e2,0.42,-0.55,97.0,False,12,31,saransh12387,fischer_bobby123,1909,1173,1-0
rnbqk2r/2p2pbp/p2ppnp1/1p4B1/3PP3/1BN2N2/PPP2PPP/R2QK2R b KQkq - 3 8,8,30,29,0,0,0,Opening,8,8,2,2,2,2,2,2,1,1,1,1,2,0,0,0,0,0,0,1,1,-0.58,Qd7,d8d7,h6,h7h6,-0.67,1.79,246.0,False,12,31,saransh12387,fischer_bobby123,1909,1173,1-0
rnb1k2r/2pq1pbp/p2ppnp1/1p4B1/3PP3/1BN2N2/PPP2PPP/R2QK2R w KQkq - 4 9,9,30,41,0,0,0,Opening,8,8,2,2,2,2,2,2,1,1,1,1,2,0,0,0,0,0,0,1,1,1.74,O-O,e1g1,e5,e4e5,1.91,0.85,106.0,False,12,31,saransh12387,fischer_bobby123,1909,1173,1-0
rnb1k2r/2pq1pbp/p2ppnp1/1p4B1/3PP3/1BN2N2/PPP2PPP/R2Q1RK1 b kq - 5 9,9,30,27,0,1,0,Opening,8,8,2,2,2,2,2,2,1,1,1,1,2,0,0,0,0,0,0,1,1,0.93,h6,h7h6,O-O,e8g8,0.95,0.94,1.0000000000000009,False,12,31,saransh12387,fischer_bobby123,1909,1173,1-0
rnb1k2r/2pq1pb1/p2ppnpp/1p4B1/3PP3/1BN2N2/PPP2PPP/R2Q1RK1 w kq - 0 10,10,30,38,0,1,0,Opening,8,8,2,2,2,2,2,2,1,1,1,1,2,0,0,0,0,0,0,1,1,0.83,Bxf6,g5f6,Bxf6,g5f6,0.87,0.86,1.0000000000000009,True,12,31,saransh12387,fischer_bobby123,1909,1173,1-0
rnb1k2r/2pq1pb1/p2ppBpp/1p6/3PP3/1BN2N2/PPP2PPP/R2Q1RK1 b kq - 0 10,10,29,21,3,1,0,Opening,8,8,2,1,2,2,2,2,1,1,1,1,2,0,0,0,0,0,0,1,1,0.88,Bxf6,g7f6,Bxf6,g7f6,0.92,0.92,0.0,True,12,31,saransh12387,fischer_bobby123,1909,1173,1-0
rnb1k2r/2pq1p2/p2ppbpp/1p6/3PP3/1BN2N2/PPP2PPP/R2Q1RK1 w kq - 0 11,11,28,32,0,1,0,Opening,8,8,2,1,1,2,2,2,1,1,0,1,2,0,0,0,0,0,0,1,1,0.77,d5,d4d5,e5,e4e5,0.85,0.29,56.00000000000001,False,12,31,saransh12387,fischer_bobby123,1909,1173,1-0
rnb1k2r/2pq1p2/p2ppbpp/1p1P4/4P3/1BN2N2/PPP2PPP/R2Q1RK1 b kq - 0 11,11,28,29,0,1,0,Opening,8,8,2,1,1,2,2,2,1,1,0,1,2,0,0,0,0,0,0,1,1,0.27,O-O,e8g8,e5,e6e5,0.28,0.89,61.0,False,12,31,saransh12387,fischer_bobby123,1909,1173,1-0
rnb2rk1/2pq1p2/p2ppbpp/1p1P4/4P3/1BN2N2/PPP2PPP/R2Q1RK1 w - - 1 12,12,28,31,0,1,1,Opening,8,8,2,1,1,2,2,2,1,1,0,1,2,0,0,0,0,0,0,1,1,0.91,Qd2,d1d2,dxe6,d5e6,0.76,0.35,41.0,False,12,31,saransh12387,fischer_bobby123,1909,1173,1-0
rnb2rk1/2pq1p2/p2ppbpp/1p1P4/4P3/1BN2N2/PPPQ1PPP/R4RK1 b - - 2 12,12,28,29,0,1,1,Opening,8,8,2,1,1,2,2,2,1,1,0,1,2,0,0,0,0,0,0,1,1,0.32,Bb7,c8b7,Bg7,f6g7,0.35,1.45,110.00000000000001,False,12,31,saransh12387,fischer_bobby123,1909,1173,1-0
rn3rk1/1bpq1p2/p2ppbpp/1p1P4/4P3/1BN2N2/PPPQ1PPP/R4RK1 w - - 3 13,13,28,39,0,1,1,Opening,8,8,2,1,1,2,2,2,1,1,0,1,2,0,0,0,0,0,0,1,1,1.6,dxe6,d5e6,dxe6,d5e6,1.73,1.59,13.99999999999999,True,12,31,saransh12387,fischer_bobby123,1909,1173,1-0
rn3rk1/1bpq1p2/p2pPbpp/1p6/4P3/1BN2N2/PPPQ1PPP/R4RK1 b - - 0 13,13,27,35,1,1,1,Opening,8,7,2,1,1,2,2,2,1,1,0,1,2,1,0,0,0,0,0,2,2,1.77,fxe6,f7e6,fxe6,f7e6,1.77,1.77,0.0,True,12,31,saransh12387,fischer_bobby123,1909,1173,1-0
rn3rk1/1bpq4/p2ppbpp/1p6/4P3/1BN2N2/PPPQ1PPP/R4RK1 w - - 0 14,14,26,43,0,1,1,Opening,7,7,2,1,1,2,2,2,1,1,0,1,2,0,0,0,0,0,0,2,2,1.77,Qxh6,d2h6,Qxh6,d2h6,1.77,1.76,1.0000000000000009,True,12,31,saransh12387,fischer_bobby123,1909,1173,1-0
rn3rk1/1bpq4/p2ppbpQ/1p6/4P3/1BN2N2/PPP2PPP/R4RK1 b - - 0 14,14,25,34,1,1,1,Opening,7,6,2,1,1,2,2,2,1,1,0,1,2,0,0,0,1,0,0,2,2,1.72,Kf7,g8f7,Qf7,d7f7,1.67,3.18,151.00000000000003,False,12,31,saransh12387,fischer_bobby123,1909,1173,1-0
rn3r2/1bpq1k2/p2ppbpQ/1p6/4P3/1BN2N2/PPP2PPP/R4RK1 w - - 1 15,15,25,45,1,1,0,Opening,7,6,2,1,1,2,2,2,1,1,0,1,2,0,0,0,1,0,0,2,2,3.47,Qh7+,h6h7,Ne2,c3e2,3.37,2.52,85.00000000000001,False,12,31,saransh12387,fischer_bobby123,1909,1173,1-0
rn3r2/1bpq1k1Q/p2ppbp1/1p6/4P3/1BN2N2/PPP2PPP/R4RK1 b - - 2 15,15,25,2,1,1,0,Opening,7,6,2,1,1,2,2,2,1,1,0,1,2,0,0,0,1,0,0,2,2,2.41,Ke8,f7e8,Ke8,f7e8,2.69,2.73,4.0000000000000036,True,12,31,saransh12387,fischer_bobby123,1909,1173,1-0
rn2kr2/1bpq3Q/p2ppbp1/1p6/4P3/1BN2N2/PPP2PPP/R4RK1 w - - 3 16,16,25,43,1,1,0,Opening,7,6,2,1,1,2,2,2,1,1,0,1,2,0,0,0,1,0,0,2,2,2.73,Qxg6+,h7g6,Qxg6+,h7g6,2.84,2.84,0.0,True,12,31,saransh12387,fischer_bobby123,1909,1173,1-0
rn2kr2/1bpq4/p2ppbQ1/1p6/4P3/1BN2N2/PPP2PPP/R4RK1 b - - 0 16,16,24,4,2,1,0,Middlegame,7,5,2,1,1,2,2,2,1,1,0,1,2,0,0,0,0,2,0,2,1,2.96,Kd8,e8d8,Qf7,d7f7,2.74,3.38,63.99999999999997,False,12,31,saransh12387,fischer_bobby123,1909,1173,1-0
rn1k1r2/1bpq4/p2ppbQ1/1p6/4P3/1BN2N2/PPP2PPP/R4RK1 w - - 1 17,17,24,44,2,1,0,Middlegame,7,5,2,1,1,2,2,2,1,1,0,1,2,0,0,0,0,2,0,2,1,3.27,e5,e4e5,e5,e4e5,3.66,3.69,2.9999999999999805,True,12,31,saransh12387,fischer_bobby123,1909,1173,1-0
rn1k1r2/1bpq4/p2ppbQ1/1p2P3/8/1BN2N2/PPP2PPP/R4RK1 b - - 0 17,17,24,32,2,1,0,Middlegame,7,5,2,1,1,2,2,2,1,1,0,1,2,0,0,0,0,2,0,2,1,3.64,Bxf3,b7f3,Bxf3,b7f3,3.63,3.56,6.999999999999984,True,12,31,saransh12387,fischer_bobby123,1909,1173,1-0
rn1k1r2/2pq4/p2ppbQ1/1p2P3/8/1BN2b2/PPP2PPP/R4RK1 w - - 0 18,18,23,43,-1,1,0,Middlegame,7,5,1,1,1,2,2,2,1,1,0,1,2,0,0,0,0,2,0,2,1,3.7,exf6,e5f6,exf6,e5f6,3.73,3.67,6.000000000000005,True,12,31,saransh12387,fischer_bobby123,1909,1173,1-0
rn1k1r2/2pq4/p2ppPQ1/1p6/8/1BN2b2/PPP2PPP/R4RK1 b - - 0 18,18,22,30,2,1,0,Middlegame,7,5,1,1,1,1,2,2,1,1,0,0,2,1,0,0,0,3,0,2,1,3.59,Bc6,f3c6,c5,c7c5,3.79,4.39,59.999999999999964,False,12,31,saransh12387,fischer_bobby123,1909,1173,1-0
rn1k1r2/2pq4/p1bppPQ1/1p6/8/1BN5/PPP2PPP/R4RK1 w - - 1 19,19,22,42,2,1,0,Middlegame,7,5,1,1,1,1,2,2,1,1,0,0,2,1,0,0,0,3,0,2,1,4.6,Rfe1,f1e1,Rae1,a1e1,4.36,4.31,5.000000000000071,False,12,31,saransh12387,fischer_bobby123,1909,1173,1-0
rn1k1r2/2pq4/p1bppPQ1/1p6/8/1BN5/PPP2PPP/R3R1K1 b - - 2 19,19,22,22,2,1,0,Middlegame,7,5,1,1,1,1,2,2,1,1,0,0,2,1,0,0,0,3,0,2,1,4.22,d5,d6d5,Qe8,d7e8,4.47,3.96,50.99999999999998,False,12,31,saransh12387,fischer_bobby123,1909,1173,1-0
rn1k1r2/2pq4/p1b1pPQ1/1p1p4/8/1BN5/PPP2PPP/R3R1K1 w - - 0 20,20,22,46,2,1,0,Middlegame,7,5,1,1,1,1,2,2,1,1,0,0,2,1,0,0,0,3,0,2,1,4.48,f7,f6f7,Qg7,g6g7,5.17,4.56,61.00000000000003,False,12,31,saransh12387,fischer_bobby123,1909,1173,1-0
rn1k1r2/2pq1P2/p1b1p1Q1/1p1p4/8/1BN5/PPP2PPP/R3R1K1 b - - 0 20,20,22,17,2,1,0,Middlegame,7,5,1,1,1,1,2,2,1,1,0,0,2,1,0,0,0,3,0,2,1,3.72,Qxf7,d7f7,b4,b5b4,4.32,4.57,25.0,False,12,31,saransh12387,fischer_bobby123,1909,1173,1-0
rn1k1r2/2p2q2/p1b1p1Q1/1p1p4/8/1BN5/PPP2PPP/R3R1K1 w - - 0 21,21,21,46,1,1,0,Middlegame,6,5,1,1,1,1,2,2,1,1,0,0,2,0,0,0,0,2,0,2,1,4.62,Qxf7,g6f7,Qxf7,g6f7,4.32,4.43,10.999999999999943,True,12,31,saransh12387,fischer_bobby123,1909,1173,1-0
rn1k1r2/2p2Q2/p1b1p3/1p1p4/8/1BN5/PPP2PPP/R3R1K1 b - - 0 21,21,20,14,10,1,0,Middlegame,6,5,1,1,1,1,2,2,1,0,0,0,1,0,0,0,0,2,0,2,1,4.45,Rxf7,f8f7,Rxf7,f8f7,4.23,4.42,18.99999999999995,True,12,31,saransh12387,fischer_bobby123,1909,1173,1-0
rn1k4/2p2r2/p1b1p3/1p1p4/8/1BN5/PPP2PPP/R3R1K1 w - - 0 22,22,19,32,1,1,0,Middlegame,6,5,1,1,1,1,2,2,0,0,0,0,0,0,0,0,0,2,0,2,1,4.36,Rxe6,e1e6,Rxe6,e1e6,4.36,4.41,4.999999999999982,True,12,31,saransh12387,fischer_bobby123,1909,1173,1-0
rn1k4/2p2r2/p1b1R3/1p1p4/8/1BN5/PPP2PPP/R5K1 b - - 0 22,22,18,20,2,1,0,Middlegame,6,4,1,1,1,1,2,2,0,0,0,0,0,0,0,0,0,3,0,2,1,4.52,Kd7,d8d7,Rd7,f7d7,4.43,5.3,87.00000000000001,False,12,31,saransh12387,fischer_bobby123,1909,1173,1-0
rn6/2pk1r2/p1b1R3/1p1p4/8/1BN5/PPP2PPP/R5K1 w - - 1 23,23,18,37,2,1,0,Middlegame,6,4,1,1,1,1,2,2,0,0,0,0,0,0,0,0,0,3,0,2,1,4.97,Rae1,a1e1,Rh6,e6h6,4.9,4.8,10.000000000000053,False,12,31,saransh12387,fischer_bobby123,1909,1173,1-0
rn6/2pk1r2/p1b1R3/1p1p4/8/1BN5/PPP2PPP/4R1K1 b - - 2 23,23,18,16,2,1,0,Middlegame,6,4,1,1,1,1,2,2,0,0,0,0,0,0,0,0,0,3,0,2,1,4.6,b4,b5b4,Rf5,f7f5,5.09,5.5,41.000000000000014,False,12,31,saransh12387,fischer_bobby123,1909,1173,1-0
rn6/2pk1r2/p1b1R3/3p4/1p6/1BN5/PPP2PPP/4R1K1 w - - 0 24,24,18,40,2,1,0,Middlegame,6,4,1,1,1,1,2,2,0,0,0,0,0,0,0,0,0,3,0,2,1,5.61,Nxd5,c3d5,Nxd5,c3d5,5.8,5.74,5.999999999999961,True,12,31,saransh12387,fischer_bobby123,1909,1173,1-0
rn6/2pk1r2/p1b1R3/3N4/1p6/1B6/PPP2PPP/4R1K1 b - - 0 24,24,17,17,3,1,0,Middlegame,6,3,1,1,1,1,2,2,0,0,0,0,0,0,0,0,0,3,0,2,1,6.06,Bxd5,c6d5,Bxd5,c6d5,5.66,5.9,24.00000000000002,True,12,31,saransh12387,fischer_bobby123,1909,1173,1-0
rn6/2pk1r2/p3R3/3b4/1p6/1B6/PPP2PPP/4R1K1 w - - 0 25,25,16,37,0,1,0,Middlegame,6,3,0,1,1,1,2,2,0,0,0,0,0,0,0,0,0,3,0,2,1,5.72,Bxd5,b3d5,Bxd5,b3d5,5.73,5.69,4.0000000000000036,True,12,31,saransh12387,fischer_bobby123,1909,1173,1-0
rn6/2pk1r2/p3R3/3B4/1p6/8/PPP2PPP/4R1K1 b - - 0 25,25,15,17,3,1,0,Middlegame,6,3,0,1,1,0,2,2,0,0,0,0,0,0,0,0,0,3,0,2,1,5.74,Ra7,a8a7,c6,c7c6,5.7,6.04,33.999999999999986,False,12,31,saransh12387,fischer_bobby123,1909,1173,1-0
1n6/r1pk1r2/p3R3/3B4/1p6/8/PPP2PPP/4R1K1 w - - 1 26,26,15,42,3,1,0,Middlegame,6,3,0,1,1,0,2,2,0,0,0,0,0,0,0,0,0,3,0,2,1,6.2,Re8,e6e8,g3,g2g3,6.22,5.32,89.99999999999994,False,12,31,saransh12387,fischer_bobby123,1909,1173,1-0
1n2R3/r1pk1r2/p7/3B4/1p6/8/PPP2PPP/4R1K1 b - - 2 26,26,15,17,3,1,0,Middlegame,6,3,0,1,1,0,2,2,0,0,0,0,0,0,0,0,0,3,0,2,1,5.3,Rf5,f7f5,Rf5,f7f5,5.87,6.12,25.0,True,12,31,saransh12387,fischer_bobby123,1909,1173,1-0
1n2R3/r1pk4/p7/3B1r2/1p6/8/PPP2PPP/4R1K1 w - - 3 27,27,15,46,3,1,0,Middlegame,6,3,0,1,1,0,2,2,0,0,0,0,0,0,0,0,0,3,0,2,1,6.17,Bb3,d5b3,Bf3,d5f3,6.07,5.98,8.999999999999986,False,12,31,saransh12387,fischer_bobby123,1909,1173,1-0
1n2R3/r1pk4/p7/5r2/1p6/1B6/PPP2PPP/4R1K1 b - - 4 27,27,15,21,3,1,0,Middlegame,6,3,0,1,1,0,2,2,0,0,0,0,0,0,0,0,0,3,0,2,1,6.18,Ra8,a7a8,Nc6,b8c6,6.27,6.35,8.000000000000007,False,12,31,saransh12387,fischer_bobby123,1909,1173,1-0
rn2R3/2pk4/p7/5r2/1p6/1B6/PPP2PPP/4R1K1 w - - 5 28,28,15,41,3,1,0,Middlegame,6,3,0,1,1,0,2,2,0,0,0,0,0,0,0,0,0,3,0,2,1,6.17,Rxb8,e8b8,R1e4,e1e4,6.12,6.61,49.00000000000002,False,12,31,saransh12387,fischer_bobby123,1909,1173,1-0
rR6/2pk4/p7/5r2/1p6/1B6/PPP2PPP/4R1K1 b - - 0 28,28,14,20,6,1,0,Middlegame,6,3,0,0,1,0,2,2,0,0,0,0,0,0,0,0,0,3,0,2,1,6.65,Rxb8,a8b8,Rxb8,a8b8,6.75,6.71,4.0000000000000036,True,12,31,saransh12387,fischer_bobby123,1909,1173,1-0
1r6/2pk4/p7/5r2/1p6/1B6/PPP2PPP/4R1K1 w - - 0 29,29,13,30,1,1,0,Middlegame,6,3,0,0,1,0,1,2,0,0,0,0,0,0,0,0,0,3,0,2,1,6.63,Be6+,b3e6,Be6+,b3e6,6.74,6.79,4.999999999999982,True,12,31,saransh12387,fischer_bobby123,1909,1173,1-0
1r6/2pk4/p3B3/5r2/1p6/8/PPP2PPP/4R1K1 b - - 1 29,29,13,5,1,1,0,Middlegame,6,3,0,0,1,0,1,2,0,0,0,0,0,0,0,0,0,3,0,2,1,6.9,Kc6,d7c6,Kd6,d7d6,6.7,6.89,18.99999999999995,False,12,31,saransh12387,fischer_bobby123,1909,1173,1-0
1r6/2p5/p1k1B3/5r2/1p6/8/PPP2PPP/4R1K1 w - - 2 30,30,13,30,1,1,0,Middlegame,6,3,0,0,1,0,1,2,0,0,0,0,0,0,0,0,0,3,0,2,1,6.92,Bxf5,e6f5,Bxf5,e6f5,6.88,6.91,3.000000000000025,True,12,31,saransh12387,fischer_bobby123,1909,1173,1-0
1r6/2p5/p1k5/5B2/1p6/8/PPP2PPP/4R1K1 b - - 0 30,30,12,18,6,1,0,Middlegame,6,3,0,0,1,0,1,1,0,0,0,0,0,0,0,0,0,3,0,2,1,6.85,a5,a6a5,Rb5,b8b5,6.99,6.92,7.000000000000028,False,12,31,saransh12387,fischer_bobby123,1909,1173,1-0
1r6/2p5/2k5/p4B2/1p6/8/PPP2PPP/4R1K1 w - - 0 31,31,12,34,6,1,0,Middlegame,6,3,0,0,1,0,1,1,0,0,0,0,0,0,0,0,0,3,0,2,1,6.83,Be4+,f5e4,g4,g2g4,6.95,6.45,50.0,False,12,31,saransh12387,fischer_bobby123,1909,1173,1-0
1r6/2p5/2k5/p7/1p2B3/8/PPP2PPP/4R1K1 b - - 1 31,31,12,5,6,1,0,Middlegame,6,3,0,0,1,0,1,1,0,0,0,0,0,0,0,0,0,3,0,2,1,6.34,Kc5,c6c5,Kd6,c6d6,6.39,6.58,19.00000000000004,False,12,31,saransh12387,fischer_bobby123,1909,1173,1-0
1r6/2p5/8/p1k5/1p2B3/8/PPP2PPP/4R1K1 w - - 2 32,32,12,29,6,1,0,Middlegame,6,3,0,0,1,0,1,1,0,0,0,0,0,0,0,0,0,3,0,2,1,6.45,Bd3,e4d3,g4,g2g4,6.45,5.72,73.00000000000004,False,12,31,saransh12387,fischer_bobby123,1909,1173,1-0
1r6/2p5/8/p1k5/1p6/3B4/PPP2PPP/4R1K1 b - - 3 32,32,12,18,6,1,0,Middlegame,6,3,0,0,1,0,1,1,0,0,0,0,0,0,0,0,0,3,0,2,1,5.87,Rd8,b8d8,a4,a5a4,5.95,6.43,47.99999999999996,False,12,31,saransh12387,fischer_bobby123,1909,1173,1-0
3r4/2p5/8/p1k5/1p6/3B4/PPP2PPP/4R1K1 w - - 4 33,33,12,34,6,1,0,Middlegame,6,3,0,0,1,0,1,1,0,0,0,0,0,0,0,0,0,3,0,2,1,6.89,g3,g2g3,g4,g2g4,6.62,6.35,27.000000000000046,False,12,31,saransh12387,fischer_bobby123,1909,1173,1-0
3r4/2p5/8/p1k5/1p6/3B2P1/PPP2P1P/4R1K1 b - - 0 33,33,12,20,6,1,0,Middlegame,6,3,0,0,1,0,1,1,0,0,0,0,0,0,0,0,0,3,0,2,1,6.16,a4,a5a4,a4,a5a4,6.15,6.23,8.000000000000007,True,12,31,saransh12387,fischer_bobby123,1909,1173,1-0
3r4/2p5/8/2k5/pp6/3B2P1/PPP2P1P/4R1K1 w - - 0 34,34,12,33,6,1,0,Middlegame,6,3,0,0,1,0,1,1,0,0,0,0,0,0,0,0,0,3,0,2,1,6.3,Re5+,e1e5,Re5+,e1e5,6.26,6.02,24.00000000000002,True,12,31,saransh12387,fischer_bobby123,1909,1173,1-0
3r4/2p5/8/2k1R3/pp6/3B2P1/PPP2P1P/6K1 b - - 1 34,34,12,5,6,1,0,Middlegame,6,3,0,0,1,0,1,1,0,0,0,0,0,0,0,0,0,3,0,2,1,6.19,Kd4,c5d4,Rd5,d8d5,6.05,6.96,91.00000000000001,False,12,31,saransh12387,fischer_bobby123,1909,1173,1-0
3r4/2p5/8/4R3/pp1k4/3B2P1/PPP2P1P/6K1 w - - 2 35,35,12,35,6,1,0,Middlegame,6,3,0,0,1,0,1,1,0,0,0,0,0,0,0,0,0,3,0,2,1,6.98,Rb5,e5b5,Re4+,e5e4,7.16,5.51,165.00000000000003,False,12,31,saransh12387,fischer_bobby123,1909,1173,1-0
3r4/2p5/8/1R6/pp1k4/3B2P1/PPP2P1P/6K1 b - - 3 35,35,12,14,6,1,0,Middlegame,6,3,0,0,1,0,1,1,0,0,0,0,0,0,0,0,0,3,0,2,1,6.09,b3,b4b3,c5,c7c5,5.8,6.59,79.0,False,12,31,saransh12387,fischer_bobby123,1909,1173,1-0
3r4/2p5/8/1R6/p2k4/1p1B2P1/PPP2P1P/6K1 w - - 0 36,36,12,32,6,1,0,Middlegame,6,3,0,0,1,0,1,1,0,0,0,0,0,0,0,0,0,3,0,2,1,6.6,axb3,a2b3,axb3,a2b3,6.62,6.94,32.00000000000003,True,12,31,saransh12387,fischer_bobby123,1909,1173,1-0
3r4/2p5/8/1R6/p2k4/1P1B2P1/1PP2P1P/6K1 b - - 0 36,36,11,14,7,1,0,Middlegame,6,2,0,0,1,0,1,1,0,0,0,0,0,1,0,0,2,3,0,2,2,7.1,axb3,a4b3,axb3,a4b3,6.94,6.99,4.999999999999982,True,12,31,saransh12387,fischer_bobby123,1909,1173,1-0
3r4/2p5/8/1R6/3k4/1p1B2P1/1PP2P1P/6K1 w - - 0 37,37,10,30,6,1,0,Endgame,5,2,0,0,1,0,1,1,0,0,0,0,0,0,0,0,0,3,0,2,1,6.98,Rxb3,b5b3,Rxb3,b5b3,7.09,7.1,0.9999999999999787,True,12,31,saransh12387,fischer_bobby123,1909,1173,1-0
3r4/2p5/8/8/3k4/1R1B2P1/1PP2P1P/6K1 b - - 0 37,37,9,15,7,1,0,Endgame,5,1,0,0,1,0,1,1,0,0,0,0,0,0,0,0,1,3,0,2,1,7.19,c5,c7c5,c5,c7c5,7.18,7.27,8.999999999999986,True,12,31,saransh12387,fischer_bobby123,1909,1173,1-0
3r4/8/8/2p5/3k4/1R1B2P1/1PP2P1P/6K1 w - - 0 38,38,9,26,7,1,0,Endgame,5,1,0,0,1,0,1,1,0,0,0,0,0,0,0,0,1,3,0,2,1,7.2,Rb5,b3b5,Be2,d3e2,7.06,6.93,12.99999999999999,False,12,31,saransh12387,fischer_bobby123,1909,1173,1-0
3r4/8/8/1Rp5/3k4/3B2P1/1PP2P1P/6K1 b - - 1 38,38,9,13,7,1,0,Endgame,5,1,0,0,1,0,1,1,0,0,0,0,0,0,0,0,1,3,0,2,1,6.77,Re8,d8e8,Re8,d8e8,7.0,6.89,11.000000000000032,True,12,31,saransh12387,fischer_bobby123,1909,1173,1-0
4r3/8/8/1Rp5/3k4/3B2P1/1PP2P1P/6K1 w - - 2 39,39,9,26,7,1,0,Endgame,5,1,0,0,1,0,1,1,0,0,0,0,0,0,0,0,1,3,0,2,1,7.13,Kg2,g1g2,Kg2,g1g2,7.1,7.22,12.00000000000001,True,12,31,saransh12387,fischer_bobby123,1909,1173,1-0
4r3/8/8/1Rp5/3k4/3B2P1/1PP2PKP/8 b - - 3 39,39,9,17,7,0,0,Endgame,5,1,0,0,1,0,1,1,0,0,0,0,0,0,0,0,1,3,0,2,1,7.3,Re1,e8e1,Rc8,e8c8,7.4,7.28,12.00000000000001,False,12,31,saransh12387,fischer_bobby123,1909,1173,1-0
8/8/8/1Rp5/3k4/3B2P1/1PP2PKP/4r3 w - - 4 40,40,9,25,7,0,0,Endgame,5,1,0,0,1,0,1,1,0,0,0,0,0,0,0,0,1,3,0,2,1,7.29,h4,h2h4,Ra5,b5a5,7.39,6.81,58.00000000000001,False,12,31,saransh12387,fischer_bobby123,1909,1173,1-0
8/8/8/1Rp5/3k3P/3B2P1/1PP2PK1/4r3 b - - 0 40,40,9,17,7,0,0,Endgame,5,1,0,0,1,0,1,1,0,0,0,0,0,0,0,0,1,3,0,2,1,7.04,c4,c5c4,Rb1,e1b1,7.02,7.28,26.000000000000068,False,12,31,saransh12387,fischer_bobby123,1909,1173,1-0
8/8/8/1R6/2pk3P/3B2P1/1PP2PK1/4r3 w - - 0 41,41,9,29,7,0,0,Endgame,5,1,0,0,1,0,1,1,0,0,0,0,0,0,0,0,1,3,0,2,1,7.3,Rb4,b5b4,Rb4,b5b4,7.49,7.66,16.999999999999993,True,12,31,saransh12387,fischer_bobby123,1909,1173,1-0
8/8/8/8/1Rpk3P/3B2P1/1PP2PK1/4r3 b - - 1 41,41,9,17,7,0,0,Endgame,5,1,0,0,1,0,1,1,0,0,0,0,0,0,0,0,1,3,0,2,1,7.66,Kc5,d4c5,Ke5,d4e5,7.72,7.82,10.000000000000053,False,12,31,saransh12387,fischer_bobby123,1909,1173,1-0
8/8/8/2k5/1Rp4P/3B2P1/1PP2PK1/4r3 w - - 2 42,42,9,23,7,0,0,Endgame,5,1,0,0,1,0,1,1,0,0,0,0,0,0,0,0,1,3,0,2,1,7.55,Rxc4+,b4c4,Rxc4+,b4c4,7.68,7.69,1.0000000000000675,True,12,31,saransh12387,fischer_bobby123,1909,1173,1-0
8/8/8/2k5/2R4P/3B2P1/1PP2PK1/4r3 b - - 0 42,42,8,4,8,0,0,Endgame,5,0,0,0,1,0,1,1,0,0,0,0,0,0,0,0,0,5,0,2,0,7.68,Kd5,c5d5,Kd6,c5d6,8.0,7.73,26.999999999999957,False,12,31,saransh12387,fischer_bobby123,1909,1173,1-0
8/8/8/3k4/2R4P/3B2P1/1PP2PK1/4r3 w - - 1 43,43,8,27,8,0,0,Endgame,5,0,0,0,1,0,1,1,0,0,0,0,0,0,0,0,0,5,0,2,0,7.8,h5,h4h5,h5,h4h5,7.74,7.69,4.999999999999982,True,12,31,saransh12387,fischer_bobby123,1909,1173,1-0
8/8/8/3k3P/2R5/3B2P1/1PP2PK1/4r3 b - - 0 43,43,8,17,8,0,0,Endgame,5,0,0,0,1,0,1,1,0,0,0,0,0,0,0,0,0,5,0,2,0,7.63,Rb1,e1b1,Re8,e1e8,7.62,7.82,20.000000000000018,False,12,31,saransh12387,fischer_bobby123,1909,1173,1-0
8/8/8/3k3P/2R5/3B2P1/1PP2PK1/1r6 w - - 1 44,44,8,28,8,0,0,Endgame,5,0,0,0,1,0,1,1,0,0,0,0,0,0,0,0,0,5,0,2,0,7.96,b3,b2b3,b4,b2b4,7.97,7.86,10.999999999999943,False,12,31,saransh12387,fischer_bobby123,1909,1173,1-0
8/8/8/3k3P/2R5/1P1B2P1/2P2PK1/1r6 b - - 0 44,44,8,12,8,0,0,Endgame,5,0,0,0,1,0,1,1,0,0,0,0,0,0,0,0,0,5,0,2,0,7.98,Ra1,b1a1,Ke6,d5e6,8.0,7.87,12.99999999999999,False,12,31,saransh12387,fischer_bobby123,1909,1173,1-0
8/8/8/3k3P/2R5/1P1B2P1/2P2PK1/r7 w - - 1 45,45,8,27,8,0,0,Endgame,5,0,0,0,1,0,1,1,0,0,0,0,0,0,0,0,0,5,0,2,0,7.95,h6,h5h6,h6,h5h6,8.05,7.98,7.000000000000028,True,12,31,saransh12387,fischer_bobby123,1909,1173,1-0
8/8/7P/3k4/2R5/1P1B2P1/2P2PK1/r7 b - - 0 45,45,8,17,8,0,0,Endgame,5,0,0,0,1,0,1,1,0,0,0,0,0,0,0,0,0,5,0,2,0,7.92,Ra7,a1a7,Re1,a1e1,7.96,8.09,12.99999999999999,False,12,31,saransh12387,fischer_bobby123,1909,1173,1-0
8/r7/7P/3k4/2R5/1P1B2P1/2P2PK1/8 w - - 1 46,46,8,30,8,0,0,Endgame,5,0,0,0,1,0,1,1,0,0,0,0,0,0,0,0,0,5,0,2,0,8.09,h7,h6h7,h7,h6h7,7.94,8.22,28.000000000000025,True,12,31,saransh12387,fischer_bobby123,1909,1173,1-0
8/r6P/8/3k4/2R5/1P1B2P1/2P2PK1/8 b - - 0 46,46,8,17,8,0,0,Endgame,5,0,0,0,1,0,1,1,0,0,0,0,0,0,0,0,0,5,0,2,0,8.01,Ra8,a7a8,Rxh7,a7h7,8.63,10.12,148.99999999999983,False,12,31,saransh12387,fischer_bobby123,1909,1173,1-0
r7/7P/8/3k4/2R5/1P1B2P1/2P2PK1/8 w - - 1 47,47,8,32,8,0,0,Endgame,5,0,0,0,1,0,1,1,0,0,0,0,0,0,0,0,0,5,0,2,0,11.51,Rh4,c4h4,Be4+,d3e4,10000.0,7.69,999231.0,False,12,31,saransh12387,fischer_bobby123,1909,1173,1-0
r7/7P/8/3k4/7R/1P1B2P1/2P2PK1/8 b - - 2 47,47,8,19,8,0,0,Endgame,5,0,0,0,1,0,1,1,0,0,0,0,0,0,0,0,0,5,0,2,0,7.81,Rh8,a8h8,Rh8,a8h8,8.06,7.93,13.000000000000078,True,12,31,saransh12387,fischer_bobby123,1909,1173,1-0
7r/7P/8/3k4/7R/1P1B2P1/2P2PK1/8 w - - 3 48,48,8,32,8,0,0,Endgame,5,0,0,0,1,0,1,1,0,0,0,0,0,0,0,0,0,5,0,2,0,7.95,f4,f2f4,b4,b3b4,7.87,7.52,35.00000000000006,False,12,31,saransh12387,fischer_bobby123,1909,1173,1-0
7r/7P/8/3k4/5P1R/1P1B2P1/2P3K1/8 b - - 0 48,48,8,13,8,0,0,Endgame,5,0,0,0,1,0,1,1,0,0,0,0,0,0,0,0,0,5,0,2,0,7.65,Ke6,d5e6,Ke6,d5e6,7.62,7.76,13.999999999999968,True,12,31,saransh12387,fischer_bobby123,1909,1173,1-0
7r/7P/4k3/8/5P1R/1P1B2P1/2P3K1/8 w - - 1 49,49,8,26,8,0,0,Endgame,5,0,0,0,1,0,1,1,0,0,0,0,0,0,0,0,0,5,0,2,0,7.83,b4,b3b4,Kf3,g2f3,7.71,7.51,20.000000000000018,False,12,31,saransh12387,fischer_bobby123,1909,1173,1-0
7r/7P/4k3/8/1P3P1R/3B2P1/2P3K1/8 b - - 0 49,49,8,14,8,0,0,Endgame,5,0,0,0,1,0,1,1,0,0,0,0,0,0,0,0,0,5,0,2,0,7.77,Kd6,e6d6,Kf6,e6f6,7.8,7.86,6.00000000000005,False,12,31,saransh12387,fischer_bobby123,1909,1173,1-0
7r/7P/3k4/8/1P3P1R/3B2P1/2P3K1/8 w - - 1 50,50,8,26,8,0,0,Endgame,5,0,0,0,1,0,1,1,0,0,0,0,0,0,0,0,0,5,0,2,0,8.05,Rg4,h4g4,Rh5,h4h5,8.13,7.63,50.000000000000085,False,12,31,saransh12387,fischer_bobby123,1909,1173,1-0
7r/7P/3k4/8/1P3PR1/3B2P1/2P3K1/8 b - - 2 50,50,8,14,8,0,0,Endgame,5,0,0,0,1,0,1,1,0,0,0,0,0,0,0,0,0,5,0,2,0,7.94,Kc7,d6c7,Ke6,d6e6,8.24,8.21,2.999999999999936,False,12,31,saransh12387,fischer_bobby123,1909,1173,1-0
7r/2k4P/8/8/1P3PR1/3B2P1/2P3K1/8 w - - 3 51,51,8,24,8,0,0,Endgame,5,0,0,0,1,0,1,1,0,0,0,0,0,0,0,0,0,5,0,2,0,8.4,Rg8,g4g8,Kf3,g2f3,8.2,8.56,36.00000000000012,False,12,31,saransh12387,fischer_bobby123,1909,1173,1-0
rnbqkbnr/pppppppp/8/8/8/8/PPPPPPPP/RNBQKBNR w KQkq - 0 1,1,30,20,0,0,0,Opening,8,8,2,2,2,2,2,2,1,1,1,1,2,0,0,0,0,0,0,1,1,0.33,e4,e2e4,e4,e2e4,0.32,0.32,0.0,True,12,32,saransh12387,MortimerMorphy,1908,1854,1-0
rnbqkbnr/pppppppp/8/8/4P3/8/PPPP1PPP/RNBQKBNR b KQkq - 0 1,1,30,20,0,0,0,Opening,8,8,2,2,2,2,2,2,1,1,1,1,2,0,0,0,0,0,0,1,1,0.33,d6,d7d6,e5,e7e5,0.29,0.6,31.0,False,12,32,saransh12387,MortimerMorphy,1908,1854,1-0
rnbqkbnr/ppp1pppp/3p4/8/4P3/8/PPPP1PPP/RNBQKBNR w KQkq - 0 2,2,30,30,0,0,0,Opening,8,8,2,2,2,2,2,2,1,1,1,1,2,0,0,0,0,0,0,1,1,0.64,d4,d2d4,d4,d2d4,0.62,0.65,3.0000000000000027,True,12,32,saransh12387,MortimerMorphy,1908,1854,1-0
rnbqkbnr/ppp1pppp/3p4/8/3PP3/8/PPP2PPP/RNBQKBNR b KQkq - 0 2,2,30,27,0,0,0,Opening,8,8,2,2,2,2,2,2,1,1,1,1,2,0,0,0,0,0,0,1,1,0.61,Nf6,g8f6,Nf6,g8f6,0.6,0.5,9.999999999999998,True,12,32,saransh12387,MortimerMorphy,1908,1854,1-0
rnbqkb1r/ppp1pppp/3p1n2/8/3PP3/8/PPP2PPP/RNBQKBNR w KQkq - 1 3,3,30,38,0,0,0,Opening,8,8,2,2,2,2,2,2,1,1,1,1,2,0,0,0,0,0,0,1,1,0.61,Nc3,b1c3,Nc3,b1c3,0.46,0.6,13.999999999999996,True,12,32,saransh12387,MortimerMorphy,1908,1854,1-0
rnbqkb1r/ppp1pppp/3p1n2/8/3PP3/2N5/PPP2PPP/R1BQKBNR b KQkq - 2 3,3,30,30,0,0,0,Opening,8,8,2,2,2,2,2,2,1,1,1,1,2,0,0,0,0,0,0,1,1,0.55,Nc6,b8c6,e5,e7e5,0.58,0.86,28.000000000000004,False,12,32,saransh12387,MortimerMorphy,1908,1854,1-0
r1bqkb1r/ppp1pppp/2np1n2/8/3PP3/2N5/PPP2PPP/R1BQKBNR w KQkq - 3 4,4,30,39,0,0,0,Opening,8,8,2,2,2,2,2,2,1,1,1,1,2,0,0,0,0,0,0,1,1,0.95,Bb5,f1b5,d5,d4d5,1.01,0.48,53.0,False,12,32,saransh12387,MortimerMorphy,1908,1854,1-0
r1bqkb1r/ppp1pppp/2np1n2/1B6/3PP3/2N5/PPP2PPP/R1BQK1NR b KQkq - 4 4,4,30,25,0,0,0,Opening,8,8,2,2,2,2,2,2,1,1,1,1,2,0,0,0,0,0,0,1,1,0.41,Bd7,c8d7,a6,a7a6,0.44,0.74,30.0,False,12,32,saransh12387,MortimerMorphy,1908,1854,1-0
r2qkb1r/pppbpppp/2np1n2/1B6/3PP3/2N5/PPP2PPP/R1BQK1NR w KQkq - 5 5,5,30,41,0,0,0,Opening,8,8,2,2,2,2,2,2,1,1,1,1,2,0,0,0,0,0,0,1,1,0.68,Nf3,g1f3,Nf3,g1f3,0.62,0.6,2.0000000000000018,True,12,32,saransh12387,MortimerMorphy,1908,1854,1-0
r2qkb1r/pppbpppp/2np1n2/1B6/3PP3/2N2N2/PPP2PPP/R1BQK2R b KQkq - 6 5,5,30,30,0,0,0,Opening,8,8,2,2,2,2,2,2,1,1,1,1,2,0,0,0,0,0,0,1,1,0.6,a6,a7a6,a6,a7a6,0.66,0.66,0.0,True,12,32,saransh12387,MortimerMorphy,1908,1854,1-0
r2qkb1r/1ppbpppp/p1np1n2/1B6/3PP3/2N2N2/PPP2PPP/R1BQK2R w KQkq - 0 6,6,30,41,0,0,0,Opening,8,8,2,2,2,2,2,2,1,1,1,1,2,0,0,0,0,0,0,1,1,0.66,Ba4,b5a4,Bc4,b5c4,0.72,0.64,7.9999999999999964,False,12,32,saransh12387,MortimerMorphy,1908,1854,1-0
r2qkb1r/1ppbpppp/p1np1n2/8/B2PP3/2N2N2/PPP2PPP/R1BQK2R b KQkq - 1 6,6,30,32,0,0,0,Opening,8,8,2,2,2,2,2,2,1,1,1,1,2,0,0,0,0,0,0,1,1,0.65,b5,b7b5,e5,e7e5,0.7,0.67,2.9999999999999916,False,12,32,saransh12387,MortimerMorphy,1908,1854,1-0
r2qkb1r/2pbpppp/p1np1n2/1p6/B2PP3/2N2N2/PPP2PPP/R1BQK2R w KQkq - 0 7,7,30,35,0,0,0,Opening,8,8,2,2,2,2,2,2,1,1,1,1,2,0,0,0,0,0,0,1,1,0.73,Bb3,a4b3,Bb3,a4b3,0.67,0.8,13.0,True,12,32,saransh12387,MortimerMorphy,1908,1854,1-0
r2qkb1r/2pbpppp/p1np1n2/1p6/3PP3/1BN2N2/PPP2PPP/R1BQK2R b KQkq - 1 7,7,30,31,0,0,0,Opening,8,8,2,2,2,2,2,2,1,1,1,1,2,0,0,0,0,0,0,1,1,0.72,Na5,c6a5,b4,b5b4,0.8,1.06,26.0,False,12,32,saransh12387,MortimerMorphy,1908,1854,1-0
r2qkb1r/2pbpppp/p2p1n2/np6/3PP3/1BN2N2/PPP2PPP/R1BQK2R w KQkq - 2 8,8,30,38,0,0,0,Opening,8,8,2,2,2,2,2,2,1,1,1,1,2,0,0,0,0,0,0,1,1,1.19,O-O,e1g1,e5,e4e5,1.02,0.66,36.0,False,12,32,saransh12387,MortimerMorphy,1908,1854,1-0
r2qkb1r/2pbpppp/p2p1n2/np6/3PP3/1BN2N2/PPP2PPP/R1BQ1RK1 b kq - 3 8,8,30,31,0,1,0,Opening,8,8,2,2,2,2,2,2,1,1,1,1,2,0,0,0,0,0,0,1,1,0.63,Nxb3,a5b3,b4,b5b4,0.52,0.66,14.000000000000002,False,12,32,saransh12387,MortimerMorphy,1908,1854,1-0
r2qkb1r/2pbpppp/p2p1n2/1p6/3PP3/1nN2N2/PPP2PPP/R1BQ1RK1 w kq - 0 9,9,29,32,-3,1,0,Opening,8,8,2,2,1,2,2,2,1,1,0,1,2,0,0,0,0,0,0,1,1,0.69,axb3,a2b3,axb3,a2b3,0.7,0.66,3.9999999999999925,True,12,32,saransh12387,MortimerMorphy,1908,1854,1-0
r2qkb1r/2pbpppp/p2p1n2/1p6/3PP3/1PN2N2/1PP2PPP/R1BQ1RK1 b kq - 0 9,9,28,28,0,1,0,Opening,8,8,2,1,1,2,2,2,1,1,0,1,2,1,0,0,0,0,0,1,1,0.74,g6,g7g6,b4,b5b4,0.71,1.7,99.0,False,12,32,saransh12387,MortimerMorphy,1908,1854,1-0
r2qkb1r/2pbpp1p/p2p1np1/1p6/3PP3/1PN2N2/1PP2PPP/R1BQ1RK1 w kq - 0 10,10,28,35,0,1,0,Opening,8,8,2,1,1,2,2,2,1,1,0,1,2,1,0,0,0,0,0,1,1,1.62,e5,e4e5,e5,e4e5,1.45,1.49,4.0000000000000036,True,12,32,saransh12387,MortimerMorphy,1908,1854,1-0
r2qkb1r/2pbpp1p/p2p1np1/1p2P3/3P4/1PN2N2/1PP2PPP/R1BQ1RK1 b kq - 0 10,10,28,29,0,1,0,Opening,8,8,2,1,1,2,2,2,1,1,0,1,2,1,0,0,0,0,0,1,1,1.54,Ng8,f6g8,Nh5,f6h5,1.46,2.06,60.00000000000001,False,12,32,saransh12387,MortimerMorphy,1908,1854,1-0
r2qkbnr/2pbpp1p/p2p2p1/1p2P3/3P4/1PN2N2/1PP2PPP/R1BQ1RK1 w kq - 1 11,11,28,36,0,1,0,Opening,8,8,2,1,1,2,2,2,1,1,0,1,2,1,0,0,0,0,0,1,1,1.95,Re1,f1e1,Re1,f1e1,1.92,1.99,7.000000000000006,True,12,32,saransh12387,MortimerMorphy,1908,1854,1-0
r2qkbnr/2pbpp1p/p2p2p1/1p2P3/3P4/1PN2N2/1PP2PPP/R1BQR1K1 b kq - 2 11,11,28,27,0,1,0,Opening,8,8,2,1,1,2,2,2,1,1,0,1,2,1,0,0,0,0,0,1,1,2.12,e6,e7e6,Bg7,f8g7,2.12,2.96,83.99999999999999,False,12,32,saransh12387,MortimerMorphy,1908,1854,1-0
r2qkbnr/2pb1p1p/p2pp1p1/1p2P3/3P4/1PN2N2/1PP2PPP/R1BQR1K1 w kq - 0 12,12,28,37,0,1,0,Opening,8,8,2,1,1,2,2,2,1,1,0,1,2,1,0,0,0,0,0,1,1,2.66,Bg5,c1g5,d5,d4d5,2.77,1.78,99.0,False,12,32,saransh12387,MortimerMorphy,1908,1854,1-0
r2qkbnr/2pb1p1p/p2pp1p1/1p2P1B1/3P4/1PN2N2/1PP2PPP/R2QR1K1 b kq - 1 12,12,28,26,0,1,0,Opening,8,8,2,1,1,2,2,2,1,1,0,1,2,1,0,0,0,0,0,1,1,2.0,Be7,f8e7,Be7,f8e7,1.99,1.84,14.999999999999991,True,12,32,saransh12387,MortimerMorphy,1908,1854,1-0
r2qk1nr/2pbbp1p/p2pp1p1/1p2P1B1/3P4/1PN2N2/1PP2PPP/R2QR1K1 w kq - 2 13,13,28,42,0,1,0,Opening,8,8,2,1,1,2,2,2,1,1,0,1,2,1,0,0,0,0,0,1,1,1.83,Bxe7,g5e7,Bd2,g5d2,1.56,1.54,2.0000000000000018,False,12,32,saransh12387,MortimerMorphy,1908,1854,1-0
r2qk1nr/2pbBp1p/p2pp1p1/1p2P3/3P4/1PN2N2/1PP2PPP/R2QR1K1 b kq - 0 13,13,27,23,3,1,0,Opening,8,8,2,1,1,1,2,2,1,1,0,0,2,1,0,0,0,0,0,1,1,1.51,Nxe7,g8e7,Nxe7,g8e7,1.56,1.56,0.0,True,12,32,saransh12387,MortimerMorphy,1908,1854,1-0
r2qk2r/2pbnp1p/p2pp1p1/1p2P3/3P4/1PN2N2/1PP2PPP/R2QR1K1 w kq - 0 14,14,26,35,0,1,0,Opening,8,8,2,1,0,1,2,2,1,1,0,0,2,1,0,0,0,0,0,1,1,1.56,d5,d4d5,exd6,e5d6,1.46,1.26,19.999999999999996,False,12,32,saransh12387,MortimerMorphy,1908,1854,1-0
r2qk2r/2pbnp1p/p2pp1p1/1p1PP3/8/1PN2N2/1PP2PPP/R2QR1K1 b kq - 0 14,14,26,27,0,1,0,Opening,8,8,2,1,0,1,2,2,1,1,0,0,2,1,0,0,0,0,0,1,1,1.33,O-O,e8g8,O-O,e8g8,1.22,1.07,14.999999999999991,True,12,32,saransh12387,MortimerMorphy,1908,1854,1-0
r2q1rk1/2pbnp1p/p2pp1p1/1p1PP3/8/1PN2N2/1PP2PPP/R2QR1K1 w - - 1 15,15,26,36,0,1,1,Opening,8,8,2,1,0,1,2,2,1,1,0,0,2,1,0,0,0,0,0,1,1,1.01,exd6,e5d6,dxe6,d5e6,1.11,1.04,7.000000000000006,False,12,32,saransh12387,MortimerMorphy,1908,1854,1-0
r2q1rk1/2pbnp1p/p2Pp1p1/1p1P4/8/1PN2N2/1PP2PPP/R2QR1K1 b - - 0 15,15,25,28,1,1,1,Opening,8,7,2,1,0,1,2,2,1,1,0,0,2,2,0,0,0,0,0,2,2,1.3,cxd6,c7d6,Nxd5,e7d5,1.2,1.74,54.0,False,12,32,saransh12387,MortimerMorphy,1908,1854,1-0
r2q1rk1/3bnp1p/p2pp1p1/1p1P4/8/1PN2N2/1PP2PPP/R2QR1K1 w - - 0 16,16,24,38,0,1,1,Middlegame,7,7,2,1,0,1,2,2,1,1,0,0,2,1,0,0,0,0,0,2,2,1.69,dxe6,d5e6,dxe6,d5e6,1.61,1.33,28.000000000000004,True,12,32,saransh12387,MortimerMorphy,1908,1854,1-0
r2q1rk1/3bnp1p/p2pP1p1/1p6/8/1PN2N2/1PP2PPP/R2QR1K1 b - - 0 16,16,23,29,1,1,1,Middlegame,7,6,2,1,0,1,2,2,1,1,0,0,2,1,0,0,1,0,0,2,3,1.24,Bxe6,d7e6,Bxe6,d7e6,1.32,1.26,6.000000000000005,True,12,32,saransh12387,MortimerMorphy,1908,1854,1-0
r2q1rk1/4np1p/p2pb1p1/1p6/8/1PN2N2/1PP2PPP/R2QR1K1 w - - 0 17,17,22,40,0,1,1,Middlegame,6,6,2,1,0,1,2,2,1,1,0,0,2,1,0,0,1,0,0,2,3,1.45,Ne4,c3e4,Qd2,d1d2,1.44,1.0,43.99999999999999,False,12,32,saransh12387,MortimerMorphy,1908,1854,1-0
r2q1rk1/4np1p/p2pb1p1/1p6/4N3/1P3N2/1PP2PPP/R2QR1K1 b - - 1 17,17,22,33,0,1,1,Middlegame,6,6,2,1,0,1,2,2,1,1,0,0,2,1,0,0,1,0,0,2,3,0.95,Nf5,e7f5,d5,d6d5,1.01,1.45,43.99999999999999,False,12,32,saransh12387,MortimerMorphy,1908,1854,1-0
r2q1rk1/5p1p/p2pb1p1/1p3n2/4N3/1P3N2/1PP2PPP/R2QR1K1 w - - 2 18,18,22,39,0,1,1,Middlegame,6,6,2,1,0,1,2,2,1,1,0,0,2,1,0,0,1,0,0,2,3,1.4,Nfg5,f3g5,Nd4,f3d4,1.42,0.66,75.99999999999999,False,12,32,saransh12387,MortimerMorphy,1908,1854,1-0
r2q1rk1/5p1p/p2pb1p1/1p3nN1/4N3/1P6/1PP2PPP/R2QR1K1 b - - 3 18,18,22,34,0,1,1,Middlegame,6,6,2,1,0,1,2,2,1,1,0,0,2,1,0,0,1,0,0,2,3,0.53,d5,d6d5,Bc8,e6c8,0.56,1.82,126.0,False,12,32,saransh12387,MortimerMorphy,1908,1854,1-0
r2q1rk1/5p1p/p3b1p1/1p1p1nN1/4N3/1P6/1PP2PPP/R2QR1K1 w - - 0 19,19,22,42,0,1,1,Middlegame,6,6,2,1,0,1,2,2,1,1,0,0,2,1,0,0,1,0,0,2,3,1.97,Nxe6,g5e6,Nxe6,g5e6,1.87,1.71,16.000000000000014,True,12,32,saransh12387,MortimerMorphy,1908,1854,1-0
r2q1rk1/5p1p/p3N1p1/1p1p1n2/4N3/1P6/1PP2PPP/R2QR1K1 b - - 0 19,19,21,34,3,1,1,Middlegame,6,6,2,1,0,0,2,2,1,1,0,0,2,1,0,0,1,0,0,2,3,1.7,fxe6,f7e6,fxe6,f7e6,1.93,1.83,9.999999999999986,True,12,32,saransh12387,MortimerMorphy,1908,1854,1-0
r2q1rk1/7p/p3p1p1/1p1p1n2/4N3/1P6/1PP2PPP/R2QR1K1 w - - 0 20,20,20,38,0,1,1,Middlegame,6,6,1,1,0,0,2,2,1,1,0,0,2,1,0,0,0,0,0,2,3,1.95,Nc5,e4c5,Nc5,e4c5,1.9,1.91,1.0000000000000009,True,12,32,saransh12387,MortimerMorphy,1908,1854,1-0
r2q1rk1/7p/p3p1p1/1pNp1n2/8/1P6/1PP2PPP/R2QR1K1 b - - 1 20,20,20,36,0,1,1,Middlegame,6,6,1,1,0,0,2,2,1,1,0,0,2,1,0,0,0,0,0,2,3,1.91,Qb6,d8b6,Qd6,d8d6,2.05,3.07,102.0,False,12,32,saransh12387,MortimerMorphy,1908,1854,1-0
r4rk1/7p/pq2p1p1/1pNp1n2/8/1P6/1PP2PPP/R2QR1K1 w - - 2 21,21,20,41,0,1,1,Middlegame,6,6,1,1,0,0,2,2,1,1,0,0,2,1,0,0,0,0,0,2,3,3.31,Nxe6,c5e6,Nxe6,c5e6,3.29,2.78,51.00000000000002,True,12,32,saransh12387,MortimerMorphy,1908,1854,1-0
r4rk1/7p/pq2N1p1/1p1p1n2/8/1P6/1PP2PPP/R2QR1K1 b - - 0 21,21,19,40,1,1,1,Middlegame,6,5,1,1,0,0,2,2,1,1,0,0,2,1,0,0,1,0,0,2,3,2.76,Rf6,f8f6,Rfc8,f8c8,3.13,3.67,54.0,False,12,32,saransh12387,MortimerMorphy,1908,1854,1-0
r5k1/7p/pq2Nrp1/1p1p1n2/8/1P6/1PP2PPP/R2QR1K1 w - - 1 22,22,19,39,1,1,1,Middlegame,6,5,1,1,0,0,2,2,1,1,0,0,2,1,0,0,1,0,0,2,3,3.73,Qxd5,d1d5,Qxd5,d1d5,4.8,4.84,4.0000000000000036,True,12,32,saransh12387,MortimerMorphy,1908,1854,1-0
r5k1/7p/pq2Nrp1/1p1Q1n2/8/1P6/1PP2PPP/R3R1K1 b - - 0 22,22,18,37,2,1,1,Middlegame,6,4,1,1,0,0,2,2,1,1,0,0,2,1,0,0,0,0,0,2,2,4.74,Ra7,a8a7,Ra7,a8a7,4.96,4.95,0.9999999999999787,True,12,32,saransh12387,MortimerMorphy,1908,1854,1-0
6k1/r6p/pq2Nrp1/1p1Q1n2/8/1P6/1PP2PPP/R3R1K1 w - - 1 23,23,18,50,2,1,1,Middlegame,6,4,1,1,0,0,2,2,1,1,0,0,2,1,0,0,0,0,0,2,2,5.01,Ng5+,e6g5,Nc5+,e6c5,4.96,4.91,4.999999999999982,False,12,32,saransh12387,MortimerMorphy,1908,1854,1-0
6k1/r6p/pq3rp1/1p1Q1nN1/8/1P6/1PP2PPP/R3R1K1 b - - 2 23,23,18,7,2,1,1,Middlegame,6,4,1,1,0,0,2,2,1,1,0,0,2,1,0,0,0,0,0,2,2,4.94,Kg7,g8g7,Kg7,g8g7,4.95,4.91,4.0000000000000036,True,12,32,saransh12387,MortimerMorphy,1908,1854,1-0
8/r5kp/pq3rp1/1p1Q1nN1/8/1P6/1PP2PPP/R3R1K1 w - - 3 24,24,18,54,2,1,0,Middlegame,6,4,1,1,0,0,2,2,1,1,0,0,2,1,0,0,0,0,0,2,2,4.95,Ne4,g5e4,Ne6+,g5e6,5.0,3.74,125.99999999999997,False,12,32,saransh12387,MortimerMorphy,1908,1854,1-0
8/r5kp/pq3rp1/1p1Q1n2/4N3/1P6/1PP2PPP/R3R1K1 b - - 4 24,24,18,38,2,1,0,Middlegame,6,4,1,1,0,0,2,2,1,1,0,0,2,1,0,0,0,0,0,2,2,3.91,Rff7,f6f7,Rf8,f6f8,3.66,3.75,8.999999999999986,False,12,32,saransh12387,MortimerMorphy,1908,1854,1-0
8/r4rkp/pq4p1/1p1Q1n2/4N3/1P6/1PP2PPP/R3R1K1 w - - 5 25,25,18,47,2,1,0,Middlegame,6,4,1,1,0,0,2,2,1,1,0,0,2,1,0,0,0,0,0,2,2,3.88,Rad1,a1d1,Nc5,e4c5,3.9,3.39,50.99999999999998,False,12,32,saransh12387,MortimerMorphy,1908,1854,1-0
8/r4rkp/pq4p1/1p1Q1n2/4N3/1P6/1PP2PPP/3RR1K1 b - - 6 25,25,18,40,2,1,0,Middlegame,6,4,1,1,0,0,2,2,1,1,0,0,2,1,0,0,0,0,0,2,2,3.57,Rad7,a7d7,Rfe7,f7e7,3.83,4.61,78.00000000000003,False,12,32,saransh12387,MortimerMorphy,1908,1854,1-0
8/3r1rkp/pq4p1/1p1Q1n2/4N3/1P6/1PP2PPP/3RR1K1 w - - 7 26,26,18,40,2,1,0,Middlegame,6,4,1,1,0,0,2,2,1,1,0,0,2,1,0,0,0,0,0,2,2,4.53,Qe5+,d5e5,Qe5+,d5e5,4.6,4.78,18.00000000000006,True,12,32,saransh12387,MortimerMorphy,1908,1854,1-0
8/3r1rkp/pq4p1/1p2Qn2/4N3/1P6/1PP2PPP/3RR1K1 b - - 8 26,26,18,5,2,1,0,Middlegame,6,4,1,1,0,0,2,2,1,1,0,0,2,1,0,0,0,0,0,2,2,4.68,Kh6,g7h6,Kh6,g7h6,4.87,4.77,10.000000000000053,True,12,32,saransh12387,MortimerMorphy,1908,1854,1-0
8/3r1r1p/pq4pk/1p2Qn2/4N3/1P6/1PP2PPP/3RR1K1 w - - 9 27,27,18,45,2,1,0,Middlegame,6,4,1,1,0,0,2,2,1,1,0,0,2,1,0,0,0,0,0,2,2,4.85,Qf4+,e5f4,Rxd7,d1d7,4.81,4.49,31.99999999999994,False,12,32,saransh12387,MortimerMorphy,1908,1854,1-0
8/3r1r1p/pq4pk/1p3n2/4NQ2/1P6/1PP2PPP/3RR1K1 b - - 10 27,27,18,3,2,1,0,Middlegame,6,4,1,1,0,0,2,2,1,1,0,0,2,1,0,0,0,0,0,2,2,4.8,Kg7,h6g7,Kg7,h6g7,5.03,4.92,11.000000000000032,True,12,32,saransh12387,MortimerMorphy,1908,1854,1-0
8/3r1rkp/pq4p1/1p3n2/4NQ2/1P6/1PP2PPP/3RR1K1 w - - 11 28,28,18,42,2,1,0,Middlegame,6,4,1,1,0,0,2,2,1,1,0,0,2,1,0,0,0,0,0,2,2,4.9,Rxd7,d1d7,Rxd7,d1d7,4.74,4.84,9.999999999999964,True,12,32,saransh12387,MortimerMorphy,1908,1854,1-0
8/3R1rkp/pq4p1/1p3n2/4NQ2/1P6/1PP2PPP/4R1K1 b - - 0 28,28,17,31,7,1,0,Middlegame,6,4,1,1,0,0,2,1,1,1,0,0,2,1,0,0,0,0,0,2,2,4.84,Rxd7,f7d7,Rxd7,f7d7,4.86,4.86,0.0,True,12,32,saransh12387,MortimerMorphy,1908,1854,1-0
8/3r2kp/pq4p1/1p3n2/4NQ2/1P6/1PP2PPP/4R1K1 w - - 0 29,29,16,37,2,1,0,Middlegame,6,4,1,1,0,0,1,1,1,1,0,0,2,1,0,0,0,0,0,2,2,4.93,Qe5+,f4e5,Qe5+,f4e5,5.09,4.98,10.999999999999943,True,12,32,saransh12387,MortimerMorphy,1908,1854,1-0
8/3r2kp/pq4p1/1p2Qn2/4N3/1P6/1PP2PPP/4R1K1 b - - 1 29,29,16,5,2,1,0,Middlegame,6,4,1,1,0,0,1,1,1,1,0,0,2,1,0,0,0,0,0,2,2,5.01,Kh6,g7h6,Kh6,g7h6,5.01,5.01,0.0,True,12,32,saransh12387,MortimerMorphy,1908,1854,1-0
8/3r3p/pq4pk/1p2Qn2/4N3/1P6/1PP2PPP/4R1K1 w - - 2 30,30,16,40,2,1,0,Middlegame,6,4,1,1,0,0,1,1,1,1,0,0,2,1,0,0,0,0,0,2,2,4.95,Nf6,e4f6,g4,g2g4,4.94,4.62,32.00000000000003,False,12,32,saransh12387,MortimerMorphy,1908,1854,1-0
8/3r3p/pq3Npk/1p2Qn2/8/1P6/1PP2PPP/4R1K1 b - - 3 30,30,16,39,2,1,0,Middlegame,6,4,1,1,0,0,1,1,1,1,0,0,2,1,0,0,0,0,0,2,2,4.82,Rd2,d7d2,Rd8,d7d8,5.24,6.16,92.0,False,12,32,saransh12387,MortimerMorphy,1908,1854,1-0
8/7p/pq3Npk/1p2Qn2/8/1P6/1PPr1PPP/4R1K1 w - - 4 31,31,16,42,2,1,0,Middlegame,6,4,1,1,0,0,1,1,1,1,0,0,2,1,0,0,0,0,0,2,2,6.5,Qf4+,e5f4,Qf4+,e5f4,6.81,6.57,23.999999999999932,True,12,32,saransh12387,MortimerMorphy,1908,1854,1-0
rnbqkbnr/pppppppp/8/8/8/8/PPPPPPPP/RNBQKBNR w KQkq - 0 1,1,30,20,0,0,0,Opening,8,8,2,2,2,2,2,2,1,1,1,1,2,0,0,0,0,0,0,1,1,0.38,e4,e2e4,e4,e2e4,0.37,0.33,3.9999999999999982,True,12,33,saransh12387,Shaleen_m,1900,1901,1-0
rnbqkbnr/pppppppp/8/8/4P3/8/PPPP1PPP/RNBQKBNR b KQkq - 0 1,1,30,20,0,0,0,Opening,8,8,2,2,2,2,2,2,1,1,1,1,2,0,0,0,0,0,0,1,1,0.36,c5,c7c5,e5,e7e5,0.38,0.39,1.0000000000000009,False,12,33,saransh12387,Shaleen_m,1900,1901,1-0
rnbqkbnr/pp1ppppp/8/2p5/4P3/8/PPPP1PPP/RNBQKBNR w KQkq - 0 2,2,30,30,0,0,0,Opening,8,8,2,2,2,2,2,2,1,1,1,1,2,0,0,0,0,0,0,1,1,0.38,Nc3,b1c3,Nf3,g1f3,0.44,0.36,8.000000000000002,False,12,33,saransh12387,Shaleen_m,1900,1901,1-0
rnbqkbnr/pp1ppppp/8/2p5/4P3/2N5/PPPP1PPP/R1BQKBNR b KQkq - 1 2,2,30,22,0,0,0,Opening,8,8,2,2,2,2,2,2,1,1,1,1,2,0,0,0,0,0,0,1,1,0.34,e6,e7e6,Nc6,b8c6,0.38,0.43,4.999999999999999,False,12,33,saransh12387,Shaleen_m,1900,1901,1-0
rnbqkbnr/pp1p1ppp/4p3/2p5/4P3/2N5/PPPP1PPP/R1BQKBNR w KQkq - 0 3,3,30,32,0,0,0,Opening,8,8,2,2,2,2,2,2,1,1,1,1,2,0,0,0,0,0,0,1,1,0.38,Nge2,g1e2,Nf3,g1f3,0.39,0.39,0.0,False,12,33,saransh12387,Shaleen_m,1900,1901,1-0
rnbqkbnr/pp1p1ppp/4p3/2p5/4P3/2N5/PPPPNPPP/R1BQKB1R b KQkq - 1 3,3,30,29,0,0,0,Opening,8,8,2,2,2,2,2,2,1,1,1,1,2,0,0,0,0,0,0,1,1,0.39,Nc6,b8c6,a6,a7a6,0.39,0.52,13.0,False,12,33,saransh12387,Shaleen_m,1900,1901,1-0
r1bqkbnr/pp1p1ppp/2n1p3/2p5/4P3/2N5/PPPPNPPP/R1BQKB1R w KQkq - 2 4,4,30,23,0,0,0,Opening,8,8,2,2,2,2,2,2,1,1,1,1,2,0,0,0,0,0,0,1,1,0.52,g3,g2g3,d4,d2d4,0.63,-0.09,72.0,False,12,33,saransh12387,Shaleen_m,1900,1901,1-0
r1bqkbnr/pp1p1ppp/2n1p3/2p5/4P3/2N3P1/PPPPNP1P/R1BQKB1R b KQkq - 0 4,4,30,34,0,0,0,Opening,8,8,2,2,2,2,2,2,1,1,1,1,2,0,0,0,0,0,0,1,1,-0.03,Nf6,g8f6,d5,d7d5,-0.02,0.3,32.0,False,12,33,saransh12387,Shaleen_m,1900,1901,1-0
r1bqkb1r/pp1p1ppp/2n1pn2/2p5/4P3/2N3P1/PPPPNP1P/R1BQKB1R w KQkq - 1 5,5,30,23,0,0,0,Opening,8,8,2,2,2,2,2,2,1,1,1,1,2,0,0,0,0,0,0,1,1,0.1,Bg2,f1g2,d4,d2d4,0.16,0.06,10.0,False,12,33,saransh12387,Shaleen_m,1900,1901,1-0
r1bqkb1r/pp1p1ppp/2n1pn2/2p5/4P3/2N3P1/PPPPNPBP/R1BQK2R b KQkq - 2 5,5,30,32,0,0,0,Opening,8,8,2,2,2,2,2,2,1,1,1,1,2,0,0,0,0,0,0,1,1,0.05,Be7,f8e7,d5,d7d5,0.09,0.19,10.0,False,12,33,saransh12387,Shaleen_m,1900,1901,1-0
r1bqk2r/pp1pbppp/2n1pn2/2p5/4P3/2N3P1/PPPPNPBP/R1BQK2R w KQkq - 3 6,6,30,27,0,0,0,Opening,8,8,2,2,2,2,2,2,1,1,1,1,2,0,0,0,0,0,0,1,1,0.21,O-O,e1g1,d4,d2d4,0.25,0.25,0.0,False,12,33,saransh12387,Shaleen_m,1900,1901,1-0
r1bqk2r/pp1pbppp/2n1pn2/2p5/4P3/2N3P1/PPPPNPBP/R1BQ1RK1 b kq - 4 6,6,30,32,0,1,0,Opening,8,8,2,2,2,2,2,2,1,1,1,1,2,0,0,0,0,0,0,1,1,0.26,O-O,e8g8,O-O,e8g8,0.25,0.26,1.0000000000000009,True,12,33,saransh12387,Shaleen_m,1900,1901,1-0
r1bq1rk1/pp1pbppp/2n1pn2/2p5/4P3/2N3P1/PPPPNPBP/R1BQ1RK1 w - - 5 7,7,30,25,0,1,1,Opening,8,8,2,2,2,2,2,2,1,1,1,1,2,0,0,0,0,0,0,1,1,0.27,d4,d2d4,d4,d2d4,0.25,0.23,1.9999999999999991,True,12,33,saransh12387,Shaleen_m,1900,1901,1-0
r1bq1rk1/pp1pbppp/2n1pn2/2p5/3PP3/2N3P1/PPP1NPBP/R1BQ1RK1 b - - 0 7,7,30,31,0,1,1,Opening,8,8,2,2,2,2,2,2,1,1,1,1,2,0,0,0,0,0,0,1,1,0.18,cxd4,c5d4,cxd4,c5d4,0.16,0.28,12.000000000000002,True,12,33,saransh12387,Shaleen_m,1900,1901,1-0
r1bq1rk1/pp1pbppp/2n1pn2/8/3pP3/2N3P1/PPP1NPBP/R1BQ1RK1 w - - 0 8,8,29,31,-1,1,1,Opening,7,8,2,2,2,2,2,2,1,1,1,1,2,0,1,0,0,0,0,2,2,0.26,Nxd4,e2d4,Nxd4,e2d4,0.25,0.34,9.000000000000002,True,12,33,saransh12387,Shaleen_m,1900,1901,1-0
r1bq1rk1/pp1pbppp/2n1pn2/8/3NP3/2N3P1/PPP2PBP/R1BQ1RK1 b - - 0 8,8,28,32,0,1,1,Opening,7,7,2,2,2,2,2,2,1,1,1,1,2,0,0,0,0,0,0,2,2,0.31,a6,a7a6,d6,d7d6,0.27,0.62,35.0,False,12,33,saransh12387,Shaleen_m,1900,1901,1-0
r1bq1rk1/1p1pbppp/p1n1pn2/8/3NP3/2N3P1/PPP2PBP/R1BQ1RK1 w - - 0 9,9,28,40,0,1,1,Opening,7,7,2,2,2,2,2,2,1,1,1,1,2,0,0,0,0,0,0,2,2,0.64,Nxc6,d4c6,Nxc6,d4c6,0.55,0.59,3.9999999999999925,True,12,33,saransh12387,Shaleen_m,1900,1901,1-0
r1bq1rk1/1p1pbppp/p1N1pn2/8/4P3/2N3P1/PPP2PBP/R1BQ1RK1 b - - 0 9,9,27,29,3,1,1,Opening,7,7,2,1,2,2,2,2,1,1,1,1,2,0,0,0,0,0,0,2,2,0.53,bxc6,b7c6,dxc6,d7c6,0.62,0.95,32.99999999999999,False,12,33,saransh12387,Shaleen_m,1900,1901,1-0
r1bq1rk1/3pbppp/p1p1pn2/8/4P3/2N3P1/PPP2PBP/R1BQ1RK1 w - - 0 10,10,26,37,0,1,1,Opening,7,7,1,1,2,2,2,2,1,1,1,1,2,0,0,0,1,0,0,2,2,1.08,f4,f2f4,e5,e4e5,0.87,-0.51,138.0,False,12,33,saransh12387,Shaleen_m,1900,1901,1-0
r1bq1rk1/3pbppp/p1p1pn2/8/4PP2/2N3P1/PPP3BP/R1BQ1RK1 b - - 0 10,10,26,27,0,1,1,Opening,7,7,1,1,2,2,2,2,1,1,1,1,2,0,0,0,1,0,0,2,2,-0.51,d5,d7d5,d5,d7d5,-0.41,-0.51,10.000000000000004,True,12,33,saransh12387,Shaleen_m,1900,1901,1-0
r1bq1rk1/4bppp/p1p1pn2/3p4/4PP2/2N3P1/PPP3BP/R1BQ1RK1 w - - 0 11,11,26,35,0,1,1,Opening,7,7,1,1,2,2,2,2,1,1,1,1,2,0,0,0,1,0,0,2,2,-0.49,e5,e4e5,Be3,c1e3,-0.45,-0.59,13.999999999999996,False,12,33,saransh12387,Shaleen_m,1900,1901,1-0
r1bq1rk1/4bppp/p1p1pn2/3pP3/5P2/2N3P1/PPP3BP/R1BQ1RK1 b - - 0 11,11,26,28,0,1,1,Opening,7,7,1,1,2,2,2,2,1,1,1,1,2,0,0,0,1,0,0,2,2,-0.57,Nd7,f6d7,Nd7,f6d7,-0.47,-0.45,1.9999999999999962,True,12,33,saransh12387,Shaleen_m,1900,1901,1-0
r1bq1rk1/3nbppp/p1p1p3/3pP3/5P2/2N3P1/PPP3BP/R1BQ1RK1 w - - 1 12,12,26,36,0,1,1,Opening,7,7,1,1,2,2,2,2,1,1,1,1,2,0,0,0,1,0,0,2,2,-0.36,h3,h2h3,Be3,c1e3,-0.39,-0.66,27.0,False,12,33,saransh12387,Shaleen_m,1900,1901,1-0
r1bq1rk1/3nbppp/p1p1p3/3pP3/5P2/2N3PP/PPP3B1/R1BQ1RK1 b - - 0 12,12,26,30,0,1,1,Opening,7,7,1,1,2,2,2,2,1,1,1,1,2,0,0,0,1,0,0,2,2,-0.67,Qc7,d8c7,a5,a6a5,-0.53,-0.47,6.000000000000005,False,12,33,saransh12387,Shaleen_m,1900,1901,1-0
r1b2rk1/2qnbppp/p1p1p3/3pP3/5P2/2N3PP/PPP3B1/R1BQ1RK1 w - - 1 13,13,26,35,0,1,1,Opening,7,7,1,1,2,2,2,2,1,1,1,1,2,0,0,0,1,0,0,2,2,-0.59,g4,g3g4,Kh2,g1h2,-0.65,-1.38,72.99999999999999,False,12,33,saransh12387,Shaleen_m,1900,1901,1-0
r1b2rk1/2qnbppp/p1p1p3/3pP3/5PP1/2N4P/PPP3B1/R1BQ1RK1 b - - 0 13,13,26,36,0,1,1,Opening,7,7,1,1,2,2,2,2,1,1,1,1,2,0,0,0,1,0,0,2,2,-1.4,c5,c6c5,a5,a6a5,-1.26,-0.8,46.0,False,12,33,saransh12387,Shaleen_m,1900,1901,1-0
r1b2rk1/2qnbppp/p3p3/2ppP3/5PP1/2N4P/PPP3B1/R1BQ1RK1 w - - 0 14,14,26,33,0,1,1,Opening,7,7,1,1,2,2,2,2,1,1,1,1,2,0,0,0,1,0,0,2,2,-0.83,Qe1,d1e1,Qe1,d1e1,-0.79,-0.83,3.9999999999999925,True,12,33,saransh12387,Shaleen_m,1900,1901,1-0
r1b2rk1/2qnbppp/p3p3/2ppP3/5PP1/2N4P/PPP3B1/R1B1QRK1 b - - 1 14,14,26,33,0,1,1,Opening,7,7,1,1,2,2,2,2,1,1,1,1,2,0,0,0,1,0,0,2,2,-0.92,Bb7,c8b7,Rb8,a8b8,-0.92,-0.66,26.0,False,12,33,saransh12387,Shaleen_m,1900,1901,1-0
r4rk1/1bqnbppp/p3p3/2ppP3/5PP1/2N4P/PPP3B1/R1B1QRK1 w - - 2 15,15,26,34,0,1,1,Opening,7,7,1,1,2,2,2,2,1,1,1,1,2,0,0,0,1,0,0,2,2,-0.69,f5,f4f5,Bd2,c1d2,-0.58,-0.92,34.00000000000001,False,12,33,saransh12387,Shaleen_m,1900,1901,1-0
r4rk1/1bqnbppp/p3p3/2ppPP2/6P1/2N4P/PPP3B1/R1B1QRK1 b - - 0 15,15,26,38,0,1,1,Opening,7,7,1,1,2,2,2,2,1,1,1,1,2,0,0,0,1,0,0,2,2,-1.0,Nxe5,d7e5,d4,d5d4,-0.99,-0.61,38.0,False,12,33,saransh12387,Shaleen_m,1900,1901,1-0
r4rk1/1bq1bppp/p3p3/2ppnP2/6P1/2N4P/PPP3B1/R1B1QRK1 w - - 0 16,16,25,40,-1,1,1,Opening,6,7,1,1,2,2,2,2,1,1,1,1,2,0,0,0,1,0,0,2,2,-0.64,Bf4,c1f4,Bf4,c1f4,-0.59,-0.77,18.000000000000004,True,12,33,saransh12387,Shaleen_m,1900,1901,1-0
r4rk1/1bq1bppp/p3p3/2ppnP2/5BP1/2N4P/PPP3B1/R3QRK1 b - - 1 16,16,25,41,-1,1,1,Opening,6,7,1,1,2,2,2,2,1,1,1,1,2,0,0,0,1,0,0,2,2,-0.62,Bd6,e7d6,Bd6,e7d6,-0.64,-0.68,4.0000000000000036,True,12,33,saransh12387,Shaleen_m,1900,1901,1-0
r4rk1/1bq2ppp/p2bp3/2ppnP2/5BP1/2N4P/PPP3B1/R3QRK1 w - - 2 17,17,25,46,-1,1,1,Opening,6,7,1,1,2,2,2,2,1,1,1,1,2,0,0,0,1,0,0,2,2,-0.71,f6,f5f6,Qg3,e1g3,-0.67,-2.21,154.0,False,12,33,saransh12387,Shaleen_m,1900,1901,1-0
r4rk1/1bq2ppp/p2bpP2/2ppn3/5BP1/2N4P/PPP3B1/R3QRK1 b - - 0 17,17,25,36,-1,1,1,Opening,6,7,1,1,2,2,2,2,1,1,1,1,2,0,0,0,1,0,1,2,2,-2.27,Rfe8,f8e8,Nf3+,e5f3,-1.78,-1.14,64.00000000000001,False,12,33,saransh12387,Shaleen_m,1900,1901,1-0
r3r1k1/1bq2ppp/p2bpP2/2ppn3/5BP1/2N4P/PPP3B1/R3QRK1 w - - 1 18,18,25,45,-1,1,1,Opening,6,7,1,1,2,2,2,2,1,1,1,1,2,0,0,0,1,0,1,2,2,-1.26,fxg7,f6g7,Ne2,c3e2,-1.33,-1.54,20.999999999999996,False,12,33,saransh12387,Shaleen_m,1900,1901,1-0
r3r1k1/1bq2pPp/p2bp3/2ppn3/5BP1/2N4P/PPP3B1/R3QRK1 b - - 0 18,18,24,36,0,1,1,Middlegame,6,6,1,1,2,2,2,2,1,1,1,1,2,1,0,0,2,1,1,2,3,-1.47,Ng6,e5g6,Nf3+,e5f3,-1.32,0.06,138.0,False,12,33,saransh12387,Shaleen_m,1900,1901,1-0
r3r1k1/1bq2pPp/p2bp1n1/2pp4/5BP1/2N4P/PPP3B1/R3QRK1 w - - 1 19,19,24,46,0,1,1,Middlegame,6,6,1,1,2,2,2,2,1,1,1,1,2,1,0,0,2,1,1,2,3,0.03,Bxd6,f4d6,Bxd6,f4d6,0.06,0.07,1.0000000000000009,True,12,33,saransh12387,Shaleen_m,1900,1901,1-0
r3r1k1/1bq2pPp/p2Bp1n1/2pp4/6P1/2N4P/PPP3B1/R3QRK1 b - - 0 19,19,23,35,3,1,1,Middlegame,6,6,1,1,2,1,2,2,1,1,1,0,2,1,0,0,2,1,1,2,3,0.07,Qxd6,c7d6,Qxd6,c7d6,0.03,0.01,1.9999999999999998,True,12,33,saransh12387,Shaleen_m,1900,1901,1-0
r3r1k1/1b3pPp/p2qp1n1/2pp4/6P1/2N4P/PPP3B1/R3QRK1 w - - 0 20,20,22,40,0,1,1,Middlegame,6,6,1,1,1,1,2,2,1,1,0,0,2,1,0,0,2,1,1,2,3,0.03,Rd1,a1d1,Ne2,c3e2,0.04,-0.38,42.0,False,12,33,saransh12387,Shaleen_m,1900,1901,1-0
r3r1k1/1b3pPp/p2qp1n1/2pp4/6P1/2N4P/PPP3B1/3RQRK1 b - - 1 20,20,22,38,0,1,1,Middlegame,6,6,1,1,1,1,2,2,1,1,0,0,2,1,0,0,2,1,1,2,3,-0.67,Qe5,d6e5,Qe7,d6e7,-0.44,-0.01,43.0,False,12,33,saransh12387,Shaleen_m,1900,1901,1-0
r3r1k1/1b3pPp/p3p1n1/2ppq3/6P1/2N4P/PPP3B1/3RQRK1 w - - 2 21,21,22,39,0,1,1,Middlegame,6,6,1,1,1,1,2,2,1,1,0,0,2,1,0,0,2,1,1,2,3,0.06,Qf2,e1f2,Qf2,e1f2,-0.01,-0.14,13.0,True,12,33,saransh12387,Shaleen_m,1900,1901,1-0
r3r1k1/1b3pPp/p3p1n1/2ppq3/6P1/2N4P/PPP2QB1/3R1RK1 b - - 3 21,21,22,41,0,1,1,Middlegame,6,6,1,1,1,1,2,2,1,1,0,0,2,1,0,0,2,1,1,2,3,-0.3,Qxg7,e5g7,Re7,e8e7,-0.2,0.03,23.0,False,12,33,saransh12387,Shaleen_m,1900,1901,1-0
r3r1k1/1b3pqp/p3p1n1/2pp4/6P1/2N4P/PPP2QB1/3R1RK1 w - - 0 22,22,21,40,-1,1,1,Middlegame,5,6,1,1,1,1,2,2,1,1,0,0,2,0,0,0,2,0,1,2,3,0.02,h4,h3h4,Ne2,c3e2,-0.06,-1.04,98.0,False,12,33,saransh12387,Shaleen_m,1900,1901,1-0
r3r1k1/1b3pqp/p3p1n1/2pp4/6PP/2N5/PPP2QB1/3R1RK1 b - - 0 22,22,21,34,-1,1,1,Middlegame,5,6,1,1,1,1,2,2,1,1,0,0,2,0,0,0,2,0,1,2,3,-0.98,Ne5,g6e5,h6,h7h6,-0.92,-0.69,23.00000000000001,False,12,33,saransh12387,Shaleen_m,1900,1901,1-0
r3r1k1/1b3pqp/p3p3/2ppn3/6PP/2N5/PPP2QB1/3R1RK1 w - - 1 23,23,21,40,-1,1,1,Middlegame,5,6,1,1,1,1,2,2,1,1,0,0,2,0,0,0,2,0,1,2,3,-0.64,g5,g4g5,g5,g4g5,-0.62,-0.42,20.0,True,12,33,saransh12387,Shaleen_m,1900,1901,1-0
r3r1k1/1b3pqp/p3p3/2ppn1P1/7P/2N5/PPP2QB1/3R1RK1 b - - 0 23,23,21,33,-1,1,1,Middlegame,5,6,1,1,1,1,2,2,1,1,0,0,2,0,0,0,2,0,1,2,3,-0.53,Rac8,a8c8,a5,a6a5,-0.48,0.45,93.0,False,12,33,saransh12387,Shaleen_m,1900,1901,1-0
2r1r1k1/1b3pqp/p3p3/2ppn1P1/7P/2N5/PPP2QB1/3R1RK1 w - - 1 24,24,21,40,-1,1,1,Middlegame,5,6,1,1,1,1,2,2,1,1,0,0,2,0,0,0,2,0,1,2,3,0.65,Ne2,c3e2,Ne2,c3e2,0.64,0.49,15.000000000000002,True,12,33,saransh12387,Shaleen_m,1900,1901,1-0
2r1r1k1/1b3pqp/p3p3/2ppn1P1/7P/8/PPP1NQB1/3R1RK1 b - - 2 24,24,21,32,-1,1,1,Middlegame,5,6,1,1,1,1,2,2,1,1,0,0,2,0,0,0,2,0,1,2,3,0.33,Ba8,b7a8,Bc6,b7c6,0.32,1.07,75.0,False,12,33,saransh12387,Shaleen_m,1900,1901,1-0
b1r1r1k1/5pqp/p3p3/2ppn1P1/7P/8/PPP1NQB1/3R1RK1 w - - 3 25,25,21,39,-1,1,1,Middlegame,5,6,1,1,1,1,2,2,1,1,0,0,2,0,0,0,2,0,1,2,3,1.07,Nf4,e2f4,Nf4,e2f4,1.02,1.06,4.0000000000000036,True,12,33,saransh12387,Shaleen_m,1900,1901,1-0
b1r1r1k1/5pqp/p3p3/2ppn1P1/5N1P/8/PPP2QB1/3R1RK1 b - - 4 25,25,21,31,-1,1,1,Middlegame,5,6,1,1,1,1,2,2,1,1,0,0,2,0,0,0,2,0,1,2,3,0.96,Rf8,e8f8,Nd7,e5d7,0.98,2.37,139.0,False,12,33,saransh12387,Shaleen_m,1900,1901,1-0
b1r2rk1/5pqp/p3p3/2ppn1P1/5N1P/8/PPP2QB1/3R1RK1 w - - 5 26,26,21,39,-1,1,1,Middlegame,5,6,1,1,1,1,2,2,1,1,0,0,2,0,0,0,2,0,1,2,3,2.23,Nh5,f4h5,Nh5,f4h5,2.42,2.32,10.000000000000009,True,12,33,saransh12387,Shaleen_m,1900,1901,1-0
b1r2rk1/5pqp/p3p3/2ppn1PN/7P/8/PPP2QB1/3R1RK1 b - - 6 26,26,21,28,-1,1,1,Middlegame,5,6,1,1,1,1,2,2,1,1,0,0,2,0,0,0,2,0,1,2,3,2.32,Qg6,g7g6,Qg6,g7g6,2.23,2.24,1.000000000000023,True,12,33,saransh12387,Shaleen_m,1900,1901,1-0
b1r2rk1/5p1p/p3p1q1/2ppn1PN/7P/8/PPP2QB1/3R1RK1 w - - 7 27,27,21,38,-1,1,1,Middlegame,5,6,1,1,1,1,2,2,1,1,0,0,2,0,0,0,2,0,1,2,3,2.28,Nf6+,h5f6,Nf6+,h5f6,2.31,2.11,20.000000000000018,True,12,33,saransh12387,Shaleen_m,1900,1901,1-0
b1r2rk1/5p1p/p3pNq1/2ppn1P1/7P/8/PPP2QB1/3R1RK1 b - - 8 27,27,21,3,-1,1,1,Middlegame,5,6,1,1,1,1,2,2,1,1,0,0,2,0,0,0,2,0,1,2,3,2.32,Kg7,g8g7,Kh8,g8h8,2.31,3.24,93.00000000000001,False,12,33,saransh12387,Shaleen_m,1900,1901,1-0
b1r2r2/5pkp/p3pNq1/2ppn1P1/7P/8/PPP2QB1/3R1RK1 w - - 9 28,28,21,41,-1,1,0,Middlegame,5,6,1,1,1,1,2,2,1,1,0,0,2,0,0,0,2,0,1,2,3,2.78,Qg3,f2g3,Qg3,f2g3,2.83,3.3,46.99999999999997,True,12,33,saransh12387,Shaleen_m,1900,1901,1-0
b1r2r2/5pkp/p3pNq1/2ppn1P1/7P/6Q1/PPP3B1/3R1RK1 b - - 10 28,28,21,31,-1,1,0,Middlegame,5,6,1,1,1,1,2,2,1,1,0,0,2,0,0,0,2,0,1,2,3,3.2,Nc4,e5c4,Nc6,e5c6,4.47,4.76,29.000000000000004,False,12,33,saransh12387,Shaleen_m,1900,1901,1-0
b1r2r2/5pkp/p3pNq1/2pp2P1/2n4P/6Q1/PPP3B1/3R1RK1 w - - 11 29,29,21,51,-1,1,0,Middlegame,5,6,1,1,1,1,2,2,1,1,0,0,2,0,0,0,2,0,1,2,3,4.75,Rc1,d1c1,b3,b2b3,4.86,2.86,200.00000000000006,False,12,33,saransh12387,Shaleen_m,1900,1901,1-0
b1r2r2/5pkp/p3pNq1/2pp2P1/2n4P/6Q1/PPP3B1/2R2RK1 b - - 12 29,29,21,33,-1,1,0,Middlegame,5,6,1,1,1,1,2,2,1,1,0,0,2,0,0,0,2,0,1,2,3,2.4,Rh8,f8h8,h6,h7h6,2.79,5.71,292.0,False,12,33,saransh12387,Shaleen_m,1900,1901,1-0
b1r4r/5pkp/p3pNq1/2pp2P1/2n4P/6Q1/PPP3B1/2R2RK1 w - - 13 30,30,21,48,-1,1,0,Middlegame,5,6,1,1,1,1,2,2,1,1,0,0,2,0,0,0,2,0,1,2,3,5.74,h5,h4h5,h5,h4h5,5.76,6.19,43.00000000000006,True,12,33,saransh12387,Shaleen_m,1900,1901,1-0
b1r4r/5pkp/p3pNq1/2pp2PP/2n5/6Q1/PPP3B1/2R2RK1 b - - 0 30,30,21,34,-1,1,0,Middlegame,5,6,1,1,1,1,2,2,1,1,0,0,2,0,0,0,2,0,1,2,3,5.78,Ne3,c4e3,d4,d5d4,6.09,8.99,290.00000000000006,False,12,33,saransh12387,Shaleen_m,1900,1901,1-0
b1r4r/5pkp/p3pNq1/2pp2PP/8/4n1Q1/PPP3B1/2R2RK1 w - - 1 31,31,21,46,-1,1,0,Middlegame,5,6,1,1,1,1,2,2,1,1,0,0,2,0,0,0,2,0,1,2,3,11.68,Qxe3,g3e3,h6+,h5h6,11.77,7.87,389.99999999999994,False,12,33,saransh12387,Shaleen_m,1900,1901,1-0
rnbqkbnr/pppppppp/8/8/8/8/PPPPPPPP/RNBQKBNR w KQkq - 0 1,1,30,20,0,0,0,Opening,8,8,2,2,2,2,2,2,1,1,1,1,2,0,0,0,0,0,0,1,1,0.46,e4,e2e4,e4,e2e4,0.39,0.37,2.0000000000000018,True,12,34,saransh12387,Kingsam9815,1897,1885,1-0
rnbqkbnr/pppppppp/8/8/4P3/8/PPPP1PPP/RNBQKBNR b KQkq - 0 1,1,30,20,0,0,0,Opening,8,8,2,2,2,2,2,2,1,1,1,1,2,0,0,0,0,0,0,1,1,0.41,e5,e7e5,e5,e7e5,0.42,0.42,0.0,True,12,34,saransh12387,Kingsam9815,1897,1885,1-0
rnbqkbnr/pppp1ppp/8/4p3/4P3/8/PPPP1PPP/RNBQKBNR w KQkq - 0 2,2,30,29,0,0,0,Opening,8,8,2,2,2,2,2,2,1,1,1,1,2,0,0,0,0,0,0,1,1,0.42,Nf3,g1f3,Nf3,g1f3,0.42,0.42,0.0,True,12,34,saransh12387,Kingsam9815,1897,1885,1-0
rnbqkbnr/pppp1ppp/8/4p3/4P3/5N2/PPPP1PPP/RNBQKB1R b KQkq - 1 2,2,30,29,0,0,0,Opening,8,8,2,2,2,2,2,2,1,1,1,1,2,0,0,0,0,0,0,1,1,0.4,Nc6,b8c6,Nc6,b8c6,0.36,0.41,4.999999999999999,True,12,34,saransh12387,Kingsam9815,1897,1885,1-0
r1bqkbnr/pppp1ppp/2n5/4p3/4P3/5N2/PPPP1PPP/RNBQKB1R w KQkq - 2 3,3,30,27,0,0,0,Opening,8,8,2,2,2,2,2,2,1,1,1,1,2,0,0,0,0,0,0,1,1,0.41,d4,d2d4,Bb5,f1b5,0.35,0.39,4.0000000000000036,False,12,34,saransh12387,Kingsam9815,1897,1885,1-0
r1bqkbnr/pppp1ppp/2n5/4p3/3PP3/5N2/PPP2PPP/RNBQKB1R b KQkq - 0 3,3,30,32,0,0,0,Opening,8,8,2,2,2,2,2,2,1,1,1,1,2,0,0,0,0,0,0,1,1,0.37,exd4,e5d4,exd4,e5d4,0.41,0.3,10.999999999999998,True,12,34,saransh12387,Kingsam9815,1897,1885,1-0
r1bqkbnr/pppp1ppp/2n5/8/3pP3/5N2/PPP2PPP/RNBQKB1R w KQkq - 0 4,4,29,37,-1,0,0,Opening,7,8,2,2,2,2,2,2,1,1,1,1,2,0,1,0,0,0,0,2,2,0.22,Nxd4,f3d4,Nxd4,f3d4,0.17,0.14,3.0,True,12,34,saransh12387,Kingsam9815,1897,1885,1-0
r1bqkbnr/pppp1ppp/2n5/8/3NP3/8/PPP2PPP/RNBQKB1R b KQkq - 0 4,4,28,32,0,0,0,Opening,7,7,2,2,2,2,2,2,1,1,1,1,2,0,0,0,0,0,0,2,2,0.08,Nxd4,c6d4,Nf6,g8f6,0.08,1.05,97.00000000000001,False,12,34,saransh12387,Kingsam9815,1897,1885,1-0
r1bqkbnr/pppp1ppp/8/8/3nP3/8/PPP2PPP/RNBQKB1R w KQkq - 0 5,5,27,35,-3,0,0,Opening,7,7,1,2,2,2,2,2,1,1,1,1,2,0,0,0,0,0,0,2,2,1.08,Qxd4,d1d4,Qxd4,d1d4,0.69,0.66,2.9999999999999916,True,12,34,saransh12387,Kingsam9815,1897,1885,1-0
r1bqkbnr/pppp1ppp/8/8/3QP3/8/PPP2PPP/RNB1KB1R b KQkq - 0 5,5,26,28,0,0,0,Opening,7,7,1,1,2,2,2,2,1,1,1,1,2,0,0,0,0,0,0,2,2,0.9,Qf6,d8f6,Qf6,d8f6,0.67,0.78,10.999999999999998,True,12,34,saransh12387,Kingsam9815,1897,1885,1-0
r1b1kbnr/pppp1ppp/5q2/8/3QP3/8/PPP2PPP/RNB1KB1R w KQkq - 1 6,6,26,46,0,0,0,Opening,7,7,1,1,2,2,2,2,1,1,1,1,2,0,0,0,0,0,0,2,2,0.78,Be3,c1e3,Qc4,d4c4,0.68,0.44,24.000000000000004,False,12,34,saransh12387,Kingsam9815,1897,1885,1-0
r1b1kbnr/pppp1ppp/5q2/8/3QP3/4B3/PPP2PPP/RN2KB1R b KQkq - 2 6,6,26,39,0,0,0,Opening,7,7,1,1,2,2,2,2,1,1,1,1,2,0,0,0,0,0,0,2,2,0.42,Qg6,f6g6,Qxd4,f6d4,0.51,2.38,187.0,False,12,34,saransh12387,Kingsam9815,1897,1885,1-0
r1b1kbnr/pppp1ppp/6q1/8/3QP3/4B3/PPP2PPP/RN2KB1R w KQkq - 3 7,7,26,46,0,0,0,Opening,7,7,1,1,2,2,2,2,1,1,1,1,2,0,0,0,0,0,0,2,2,2.21,Nc3,b1c3,Nc3,b1c3,2.27,2.47,20.000000000000018,True,12,34,saransh12387,Kingsam9815,1897,1885,1-0
r1b1kbnr/pppp1ppp/6q1/8/3QP3/2N1B3/PPP2PPP/R3KB1R b KQkq - 4 7,7,26,37,0,0,0,Opening,7,7,1,1,2,2,2,2,1,1,1,1,2,0,0,0,0,0,0,2,2,2.14,Ne7,g8e7,Qf6,g6f6,2.33,2.42,8.999999999999986,False,12,34,saransh12387,Kingsam9815,1897,1885,1-0
r1b1kb1r/ppppnppp/6q1/8/3QP3/2N1B3/PPP2PPP/R3KB1R w KQkq - 5 8,8,26,50,0,0,0,Opening,7,7,1,1,2,2,2,2,1,1,1,1,2,0,0,0,0,0,0,2,2,2.47,g3,g2g3,O-O-O,e1c1,2.31,1.26,105.0,False,12,34,saransh12387,Kingsam9815,1897,1885,1-0
r1b1kb1r/ppppnppp/6q1/8/3QP3/2N1B1P1/PPP2P1P/R3KB1R b KQkq - 0 8,8,26,32,0,0,0,Opening,7,7,1,1,2,2,2,2,1,1,1,1,2,0,0,0,0,0,0,2,2,1.26,Nc6,e7c6,Nc6,e7c6,1.4,1.46,6.000000000000005,True,12,34,saransh12387,Kingsam9815,1897,1885,1-0
r1b1kb1r/pppp1ppp/2n3q1/8/3QP3/2N1B1P1/PPP2P1P/R3KB1R w KQkq - 1 9,9,26,51,0,0,0,Opening,7,7,1,1,2,2,2,2,1,1,1,1,2,0,0,0,0,0,0,2,2,1.45,Qa4,d4a4,Qc4,d4c4,1.49,0.61,88.0,False,12,34,saransh12387,Kingsam9815,1897,1885,1-0
r1b1kb1r/pppp1ppp/2n3q1/8/Q3P3/2N1B1P1/PPP2P1P/R3KB1R b KQkq - 2 9,9,26,36,0,0,0,Opening,7,7,1,1,2,2,2,2,1,1,1,1,2,0,0,0,0,0,0,2,2,0.82,Bb4,f8b4,Bb4,f8b4,0.83,0.79,3.9999999999999925,True,12,34,saransh12387,Kingsam9815,1897,1885,1-0
r1b1k2r/pppp1ppp/2n3q1/8/Qb2P3/2N1B1P1/PPP2P1P/R3KB1R w KQkq - 3 10,10,26,40,0,0,0,Opening,7,7,1,1,2,2,2,2,1,1,1,1,2,0,0,0,0,0,0,2,2,0.86,Bd2,e3d2,Bd2,e3d2,0.74,0.86,12.0,True,12,34,saransh12387,Kingsam9815,1897,1885,1-0
r1b1k2r/pppp1ppp/2n3q1/8/Qb2P3/2N3P1/PPPB1P1P/R3KB1R b KQkq - 4 10,10,26,40,0,0,0,Opening,7,7,1,1,2,2,2,2,1,1,1,1,2,0,0,0,0,0,0,2,2,0.76,Bxc3,b4c3,d6,d7d6,0.92,0.8,12.0,False,12,34,saransh12387,Kingsam9815,1897,1885,1-0
r1b1k2r/pppp1ppp/2n3q1/8/Q3P3/2b3P1/PPPB1P1P/R3KB1R w KQkq - 0 11,11,25,35,-3,0,0,Opening,7,7,0,1,2,2,2,2,1,1,1,1,2,0,0,0,0,0,0,2,2,0.74,Bxc3,d2c3,Bxc3,d2c3,0.66,0.63,3.0000000000000027,True,12,34,saransh12387,Kingsam9815,1897,1885,1-0
r1b1k2r/pppp1ppp/2n3q1/8/Q3P3/2B3P1/PPP2P1P/R3KB1R b KQkq - 0 11,11,24,34,0,0,0,Middlegame,7,7,0,1,2,1,2,2,1,1,1,0,2,0,0,0,0,0,0,2,2,0.8,O-O,e8g8,d6,d7d6,0.69,1.11,42.000000000000014,False,12,34,saransh12387,Kingsam9815,1897,1885,1-0
r1b2rk1/pppp1ppp/2n3q1/8/Q3P3/2B3P1/PPP2P1P/R3KB1R w KQ - 1 12,12,24,41,0,0,1,Middlegame,7,7,0,1,2,1,2,2,1,1,1,0,2,0,0,0,0,0,0,2,2,0.89,Bg2,f1g2,O-O-O,e1c1,0.89,0.82,7.000000000000006,False,12,34,saransh12387,Kingsam9815,1897,1885,1-0
r1b2rk1/pppp1ppp/2n3q1/8/Q3P3/2B3P1/PPP2PBP/R3K2R b KQ - 2 12,12,24,31,0,0,1,Middlegame,7,7,0,1,2,1,2,2,1,1,1,0,2,0,0,0,0,0,0,2,2,0.59,d6,d7d6,Qh5,g6h5,0.58,0.94,36.0,False,12,34,saransh12387,Kingsam9815,1897,1885,1-0
r1b2rk1/ppp2ppp/2np2q1/8/Q3P3/2B3P1/PPP2PBP/R3K2R w KQ - 0 13,13,24,40,0,0,1,Middlegame,7,7,0,1,2,1,2,2,1,1,1,0,2,0,0,0,0,0,0,2,2,0.9,O-O,e1g1,O-O-O,e1c1,0.84,0.53,30.999999999999993,False,12,34,saransh12387,Kingsam9815,1897,1885,1-0
r1b2rk1/ppp2ppp/2np2q1/8/Q3P3/2B3P1/PPP2PBP/R4RK1 b - - 1 13,13,24,34,0,1,1,Middlegame,7,7,0,1,2,1,2,2,1,1,1,0,2,0,0,0,0,0,0,2,2,0.46,h6,h7h6,Qh5,g6h5,0.56,0.8,24.0,False,12,34,saransh12387,Kingsam9815,1897,1885,1-0
r1b2rk1/ppp2pp1/2np2qp/8/Q3P3/2B3P1/PPP2PBP/R4RK1 w - - 0 14,14,24,39,0,1,1,Middlegame,7,7,0,1,2,1,2,2,1,1,1,0,2,0,0,0,0,0,0,2,2,0.67,Rfe1,f1e1,Rad1,a1d1,0.55,0.37,18.000000000000004,False,12,34,saransh12387,Kingsam9815,1897,1885,1-0
r1b2rk1/ppp2pp1/2np2qp/8/Q3P3/2B3P1/PPP2PBP/R3R1K1 b - - 1 14,14,24,34,0,1,1,Middlegame,7,7,0,1,2,1,2,2,1,1,1,0,2,0,0,0,0,0,0,2,2,0.61,f5,f7f5,Qh5,g6h5,0.47,1.86,139.0,False,12,34,saransh12387,Kingsam9815,1897,1885,1-0
r1b2rk1/ppp3p1/2np2qp/5p2/Q3P3/2B3P1/PPP2PBP/R3R1K1 w - - 0 15,15,24,42,0,1,1,Middlegame,7,7,0,1,2,1,2,2,1,1,1,0,2,0,0,0,0,0,0,2,2,1.62,exf5,e4f5,Qb3+,a4b3,1.93,1.8,12.99999999999999,False,12,34,saransh12387,Kingsam9815,1897,1885,1-0
r1b2rk1/ppp3p1/2np2qp/5P2/Q7/2B3P1/PPP2PBP/R3R1K1 b - - 0 15,15,23,35,1,1,1,Middlegame,7,6,0,1,2,1,2,2,1,1,1,0,2,1,0,0,0,0,0,2,2,1.92,Qxf5,g6f5,Qxf5,g6f5,1.87,1.95,7.999999999999985,True,12,34,saransh12387,Kingsam9815,1897,1885,1-0
r1b2rk1/ppp3p1/2np3p/5q2/Q7/2B3P1/PPP2PBP/R3R1K1 w - - 0 16,16,22,52,0,1,1,Middlegame,6,6,0,1,2,1,2,2,1,1,1,0,2,0,0,0,0,0,0,2,2,1.93,Rf1,e1f1,Qb3+,a4b3,2.14,0.46,168.00000000000003,False,12,34,saransh12387,Kingsam9815,1897,1885,1-0
r1b2rk1/ppp3p1/2np3p/5q2/Q7/2B3P1/PPP2PBP/R4RK1 b - - 1 16,16,22,46,0,1,1,Middlegame,6,6,0,1,2,1,2,2,1,1,1,0,2,0,0,0,0,0,0,2,2,0.39,Bd7,c8d7,Be6,c8e6,0.37,2.47,210.0,False,12,34,saransh12387,Kingsam9815,1897,1885,1-0
r4rk1/pppb2p1/2np3p/5q2/Q7/2B3P1/PPP2PBP/R4RK1 w - - 2 17,17,22,45,0,1,1,Middlegame,6,6,0,1,2,1,2,2,1,1,1,0,2,0,0,0,0,0,0,2,2,2.78,Qc4+,a4c4,Qb3+,a4b3,2.86,0.44,242.0,False,12,34,saransh12387,Kingsam9815,1897,1885,1-0
r4rk1/pppb2p1/2np3p/5q2/2Q5/2B3P1/PPP2PBP/R4RK1 b - - 3 17,17,22,8,0,1,1,Middlegame,6,6,0,1,2,1,2,2,1,1,1,0,2,0,0,0,0,0,0,2,2,0.43,Kh8,g8h8,Be6,d7e6,0.4,1.05,65.0,False,12,34,saransh12387,Kingsam9815,1897,1885,1-0
r4r1k/pppb2p1/2np3p/5q2/2Q5/2B3P1/PPP2PBP/R4RK1 w - - 4 18,18,22,50,0,1,0,Middlegame,6,6,0,1,2,1,2,2,1,1,1,0,2,0,0,0,0,0,0,2,2,0.9,Rae1,a1e1,Qb3,c4b3,1.01,0.77,24.0,False,12,34,saransh12387,Kingsam9815,1897,1885,1-0
r4r1k/pppb2p1/2np3p/5q2/2Q5/2B3P1/PPP2PBP/4RRK1 b - - 5 18,18,22,48,0,1,0,Middlegame,6,6,0,1,2,1,2,2,1,1,1,0,2,0,0,0,0,0,0,2,2,0.74,Rab8,a8b8,Rae8,a8e8,0.7,1.25,55.00000000000001,False,12,34,saransh12387,Kingsam9815,1897,1885,1-0
1r3r1k/pppb2p1/2np3p/5q2/2Q5/2B3P1/PPP2PBP/4RRK1 w - - 6 19,19,22,52,0,1,0,Middlegame,6,6,0,1,2,1,2,2,1,1,1,0,2,0,0,0,0,0,0,2,2,1.73,Qh4,c4h4,Bxc6,g2c6,1.82,1.62,19.999999999999996,False,12,34,saransh12387,Kingsam9815,1897,1885,1-0
1r3r1k/pppb2p1/2np3p/5q2/7Q/2B3P1/PPP2PBP/4RRK1 b - - 7 19,19,22,47,0,1,0,Middlegame,6,6,0,1,2,1,2,2,1,1,1,0,2,0,0,0,0,0,0,2,2,1.71,Qg6,f5g6,Qg6,f5g6,1.94,1.95,1.0000000000000009,True,12,34,saransh12387,Kingsam9815,1897,1885,1-0
1r3r1k/pppb2p1/2np2qp/8/7Q/2B3P1/PPP2PBP/4RRK1 w - - 8 20,20,22,47,0,1,0,Middlegame,6,6,0,1,2,1,2,2,1,1,1,0,2,0,0,0,0,0,0,2,2,1.96,Bxc6,g2c6,Be4,g2e4,2.02,0.9,112.00000000000001,False,12,34,saransh12387,Kingsam9815,1897,1885,1-0
1r3r1k/pppb2p1/2Bp2qp/8/7Q/2B3P1/PPP2P1P/4RRK1 b - - 0 20,20,21,43,3,1,0,Middlegame,6,6,0,0,2,1,2,2,1,1,1,0,2,0,0,0,0,0,0,2,2,1.03,Bxc6,d7c6,Bxc6,d7c6,1.05,1.05,0.0,True,12,34,saransh12387,Kingsam9815,1897,1885,1-0
1r3r1k/ppp3p1/2bp2qp/8/7Q/2B3P1/PPP2P1P/4RRK1 w - - 0 21,21,20,40,0,1,0,Middlegame,6,6,0,0,1,1,2,2,1,1,0,0,2,0,0,0,0,0,0,2,2,1.09,Re7,e1e7,Re7,e1e7,1.0,1.0,0.0,True,12,34,saransh12387,Kingsam9815,1897,1885,1-0
1r3r1k/ppp1R1p1/2bp2qp/8/7Q/2B3P1/PPP2P1P/5RK1 b - - 1 21,21,20,44,0,1,0,Middlegame,6,6,0,0,1,1,2,2,1,1,0,0,2,0,0,0,0,0,0,2,2,1.0,Rf7,f8f7,Rf7,f8f7,1.01,1.01,0.0,True,12,34,saransh12387,Kingsam9815,1897,1885,1-0
1r5k/ppp1Rrp1/2bp2qp/8/7Q/2B3P1/PPP2P1P/5RK1 w - - 2 22,22,20,43,0,1,0,Middlegame,6,6,0,0,1,1,2,2,1,1,0,0,2,0,0,0,0,0,0,2,2,1.01,Rfe1,f1e1,Rfe1,f1e1,0.93,0.93,0.0,True,12,34,saransh12387,Kingsam9815,1897,1885,1-0
1r5k/ppp1Rrp1/2bp2qp/8/7Q/2B3P1/PPP2P1P/4R1K1 b - - 3 22,22,20,41,0,1,0,Middlegame,6,6,0,0,1,1,2,2,1,1,0,0,2,0,0,0,0,0,0,2,2,0.93,Rc8,b8c8,Bd5,c6d5,0.93,4.82,389.0,False,12,34,saransh12387,Kingsam9815,1897,1885,1-0
2r4k/ppp1Rrp1/2bp2qp/8/7Q/2B3P1/PPP2P1P/4R1K1 w - - 4 23,23,20,47,0,1,0,Middlegame,6,6,0,0,1,1,2,2,1,1,0,0,2,0,0,0,0,0,0,2,2,6.08,Rxf7,e7f7,R1e6,e1e6,6.01,5.42,58.999999999999986,False,12,34,saransh12387,Kingsam9815,1897,1885,1-0
2r4k/ppp2Rp1/2bp2qp/8/7Q/2B3P1/PPP2P1P/4R1K1 b - - 0 23,23,19,35,5,1,0,Middlegame,6,6,0,0,1,1,2,1,1,1,0,0,2,0,0,0,0,0,0,2,2,5.65,Qxf7,g6f7,Rg8,c8g8,6.39,6.36,2.999999999999936,False,12,34,saransh12387,Kingsam9815,1897,1885,1-0
2r4k/ppp2qp1/2bp3p/8/7Q/2B3P1/PPP2P1P/4R1K1 w - - 0 24,24,18,42,0,1,0,Middlegame,6,6,0,0,1,1,1,1,1,1,0,0,2,0,0,0,0,0,0,2,2,5.8,Re7,e1e7,Re7,e1e7,6.02,6.26,24.00000000000002,True,12,34,saransh12387,Kingsam9815,1897,1885,1-0
2r4k/ppp1Rqp1/2bp3p/8/7Q/2B3P1/PPP2P1P/6K1 b - - 1 24,24,18,39,0,1,0,Middlegame,6,6,0,0,1,1,1,1,1,1,0,0,2,0,0,0,0,0,0,2,2,6.41,Kg8,h8g8,Kg8,h8g8,6.19,6.66,46.99999999999997,True,12,34,saransh12387,Kingsam9815,1897,1885,1-0
2r3k1/ppp1Rqp1/2bp3p/8/7Q/2B3P1/PPP2P1P/6K1 w - - 2 25,25,18,39,0,1,1,Middlegame,6,6,0,0,1,1,1,1,1,1,0,0,2,0,0,0,0,0,0,2,2,6.59,Rxf7,e7f7,Rxf7,e7f7,6.7,6.64,6.00000000000005,True,12,34,saransh12387,Kingsam9815,1897,1885,1-0
2r3k1/ppp2Rp1/2bp3p/8/7Q/2B3P1/PPP2P1P/6K1 b - - 0 25,25,17,25,9,1,1,Middlegame,6,6,0,0,1,1,1,1,1,0,0,0,1,0,0,0,0,0,0,2,2,6.64,Kxf7,g8f7,Kxf7,g8f7,6.49,6.67,17.99999999999997,True,12,34,saransh12387,Kingsam9815,1897,1885,1-0
2r5/ppp2kp1/2bp3p/8/7Q/2B3P1/PPP2P1P/6K1 w - - 0 26,26,16,31,4,1,0,Middlegame,6,6,0,0,1,1,0,1,1,0,0,0,1,0,0,0,0,0,0,2,2,6.66,Qf4+,h4f4,Qg4,h4g4,6.69,6.15,54.0,False,12,34,saransh12387,Kingsam9815,1897,1885,1-0
2r5/ppp2kp1/2bp3p/8/5Q2/2B3P1/PPP2P1P/6K1 b - - 1 26,26,16,5,4,1,0,Middlegame,6,6,0,0,1,1,0,1,1,0,0,0,1,0,0,0,0,0,0,2,2,6.33,Kg8,f7g8,Ke7,f7e7,6.49,8.17,167.99999999999997,False,12,34,saransh12387,Kingsam9815,1897,1885,1-0
2r3k1/ppp3p1/2bp3p/8/5Q2/2B3P1/PPP2P1P/6K1 w - - 2 27,27,16,36,4,1,1,Middlegame,6,6,0,0,1,1,0,1,1,0,0,0,1,0,0,0,0,0,0,2,2,8.5,Qg4,f4g4,Qg4,f4g4,8.59,8.74,15.000000000000036,True,12,34,saransh12387,Kingsam9815,1897,1885,1-0
rnbqkbnr/pppppppp/8/8/8/8/PPPPPPPP/RNBQKBNR w KQkq - 0 1,1,30,20,0,0,0,Opening,8,8,2,2,2,2,2,2,1,1,1,1,2,0,0,0,0,0,0,1,1,0.45,e4,e2e4,e4,e2e4,0.48,0.37,10.999999999999998,True,12,35,saransh12387,guizmo66,1896,1953,0-1
rnbqkbnr/pppppppp/8/8/4P3/8/PPPP1PPP/RNBQKBNR b KQkq - 0 1,1,30,20,0,0,0,Opening,8,8,2,2,2,2,2,2,1,1,1,1,2,0,0,0,0,0,0,1,1,0.39,c5,c7c5,e5,e7e5,0.36,0.49,13.0,False,12,35,saransh12387,guizmo66,1896,1953,0-1
rnbqkbnr/pp1ppppp/8/2p5/4P3/8/PPPP1PPP/RNBQKBNR w KQkq - 0 2,2,30,30,0,0,0,Opening,8,8,2,2,2,2,2,2,1,1,1,1,2,0,0,0,0,0,0,1,1,0.52,Nc3,b1c3,Nf3,g1f3,0.46,0.36,10.000000000000004,False,12,35,saransh12387,guizmo66,1896,1953,0-1
rnbqkbnr/pp1ppppp/8/2p5/4P3/2N5/PPPP1PPP/R1BQKBNR b KQkq - 1 2,2,30,22,0,0,0,Opening,8,8,2,2,2,2,2,2,1,1,1,1,2,0,0,0,0,0,0,1,1,0.35,d6,d7d6,Nc6,b8c6,0.4,0.46,6.0,False,12,35,saransh12387,guizmo66,1896,1953,0-1
rnbqkbnr/pp2pppp/3p4/2p5/4P3/2N5/PPPP1PPP/R1BQKBNR w KQkq - 0 3,3,30,32,0,0,0,Opening,8,8,2,2,2,2,2,2,1,1,1,1,2,0,0,0,0,0,0,1,1,0.45,g3,g2g3,Nge2,g1e2,0.32,0.1,22.0,False,12,35,saransh12387,guizmo66,1896,1953,0-1
rnbqkbnr/pp2pppp/3p4/2p5/4P3/2N3P1/PPPP1P1P/R1BQKBNR b KQkq - 0 3,3,30,29,0,0,0,Opening,8,8,2,2,2,2,2,2,1,1,1,1,2,0,0,0,0,0,0,1,1,0.12,Nf6,g8f6,Nc6,b8c6,0.12,0.11,0.9999999999999996,False,12,35,saransh12387,guizmo66,1896,1953,0-1
rnbqkb1r/pp2pppp/3p1n2/2p5/4P3/2N3P1/PPPP1P1P/R1BQKBNR w KQkq - 1 4,4,30,33,0,0,0,Opening,8,8,2,2,2,2,2,2,1,1,1,1,2,0,0,0,0,0,0,1,1,0.16,Bg2,f1g2,Nge2,g1e2,0.15,0.16,1.0000000000000009,False,12,35,saransh12387,guizmo66,1896,1953,0-1
rnbqkb1r/pp2pppp/3p1n2/2p5/4P3/2N3P1/PPPP1PBP/R1BQK1NR b KQkq - 2 4,4,30,32,0,0,0,Opening,8,8,2,2,2,2,2,2,1,1,1,1,2,0,0,0,0,0,0,1,1,0.13,a6,a7a6,g6,g7g6,0.08,0.48,40.0,False,12,35,saransh12387,guizmo66,1896,1953,0-1
rnbqkb1r/1p2pppp/p2p1n2/2p5/4P3/2N3P1/PPPP1PBP/R1BQK1NR w KQkq - 0 5,5,30,30,0,0,0,Opening,8,8,2,2,2,2,2,2,1,1,1,1,2,0,0,0,0,0,0,1,1,0.45,Nge2,g1e2,Nd5,c3d5,0.56,0.24,32.00000000000001,False,12,35,saransh12387,guizmo66,1896,1953,0-1
rnbqkb1r/1p2pppp/p2p1n2/2p5/4P3/2N3P1/PPPPNPBP/R1BQK2R b KQkq - 1 5,5,30,31,0,0,0,Opening,8,8,2,2,2,2,2,2,1,1,1,1,2,0,0,0,0,0,0,1,1,0.28,Nc6,b8c6,e5,e7e5,0.3,0.51,21.000000000000004,False,12,35,saransh12387,guizmo66,1896,1953,0-1
r1bqkb1r/1p2pppp/p1np1n2/2p5/4P3/2N3P1/PPPPNPBP/R1BQK2R w KQkq - 2 6,6,30,27,0,0,0,Opening,8,8,2,2,2,2,2,2,1,1,1,1,2,0,0,0,0,0,0,1,1,0.56,d4,d2d4,Nd5,c3d5,0.53,0.51,2.0000000000000018,False,12,35,saransh12387,guizmo66,1896,1953,0-1
r1bqkb1r/1p2pppp/p1np1n2/2p5/3PP3/2N3P1/PPP1NPBP/R1BQK2R b KQkq - 0 6,6,30,37,0,0,0,Opening,8,8,2,2,2,2,2,2,1,1,1,1,2,0,0,0,0,0,0,1,1,0.42,cxd4,c5d4,cxd4,c5d4,0.42,0.37,4.999999999999999,True,12,35,saransh12387,guizmo66,1896,1953,0-1
r1bqkb1r/1p2pppp/p1np1n2/8/3pP3/2N3P1/PPP1NPBP/R1BQK2R w KQkq - 0 7,7,29,34,-1,0,0,Opening,7,8,2,2,2,2,2,2,1,1,1,1,2,0,1,0,0,0,0,2,2,0.41,Nxd4,e2d4,Nxd4,e2d4,0.37,0.35,2.0000000000000018,True,12,35,saransh12387,guizmo66,1896,1953,0-1
r1bqkb1r/1p2pppp/p1np1n2/8/3NP3/2N3P1/PPP2PBP/R1BQK2R b KQkq - 0 7,7,28,35,0,0,0,Opening,7,7,2,2,2,2,2,2,1,1,1,1,2,0,0,0,0,0,0,2,2,0.37,Qc7,d8c7,Bd7,c8d7,0.5,1.17,67.0,False,12,35,saransh12387,guizmo66,1896,1953,0-1
r1b1kb1r/1pq1pppp/p1np1n2/8/3NP3/2N3P1/PPP2PBP/R1BQK2R w KQkq - 1 8,8,28,43,0,0,0,Opening,7,7,2,2,2,2,2,2,1,1,1,1,2,0,0,0,0,0,0,2,2,1.25,O-O,e1g1,Nd5,c3d5,1.19,0.46,73.0,False,12,35,saransh12387,guizmo66,1896,1953,0-1
r1b1kb1r/1pq1pppp/p1np1n2/8/3NP3/2N3P1/PPP2PBP/R1BQ1RK1 b kq - 2 8,8,28,38,0,1,0,Opening,7,7,2,2,2,2,2,2,1,1,1,1,2,0,0,0,0,0,0,2,2,0.43,e6,e7e6,e6,e7e6,0.51,0.53,2.0000000000000018,True,12,35,saransh12387,guizmo66,1896,1953,0-1
r1b1kb1r/1pq2ppp/p1nppn2/8/3NP3/2N3P1/PPP2PBP/R1BQ1RK1 w kq - 0 9,9,28,40,0,1,0,Opening,7,7,2,2,2,2,2,2,1,1,1,1,2,0,0,0,0,0,0,2,2,0.49,Be3,c1e3,Nxc6,d4c6,0.46,0.28,18.0,False,12,35,saransh12387,guizmo66,1896,1953,0-1
r1b1kb1r/1pq2ppp/p1nppn2/8/3NP3/2N1B1P1/PPP2PBP/R2Q1RK1 b kq - 1 9,9,28,37,0,1,0,Opening,7,7,2,2,2,2,2,2,1,1,1,1,2,0,0,0,0,0,0,2,2,0.34,Be7,f8e7,Ne5,c6e5,0.38,0.39,1.0000000000000009,False,12,35,saransh12387,guizmo66,1896,1953,0-1
r1b1k2r/1pq1bppp/p1nppn2/8/3NP3/2N1B1P1/PPP2PBP/R2Q1RK1 w kq - 2 10,10,28,43,0,1,0,Opening,7,7,2,2,2,2,2,2,1,1,1,1,2,0,0,0,0,0,0,2,2,0.37,f4,f2f4,Nxc6,d4c6,0.47,0.29,18.0,False,12,35,saransh12387,guizmo66,1896,1953,0-1
r1b1k2r/1pq1bppp/p1nppn2/8/3NPP2/2N1B1P1/PPP3BP/R2Q1RK1 b kq - 0 10,10,28,38,0,1,0,Opening,7,7,2,2,2,2,2,2,1,1,1,1,2,0,0,0,0,0,0,2,2,0.22,Rb8,a8b8,Bd7,c8d7,0.21,0.31,10.0,False,12,35,saransh12387,guizmo66,1896,1953,0-1
1rb1k2r/1pq1bppp/p1nppn2/8/3NPP2/2N1B1P1/PPP3BP/R2Q1RK1 w k - 1 11,11,28,43,0,1,0,Opening,7,7,2,2,2,2,2,2,1,1,1,1,2,0,0,0,0,0,0,2,2,0.31,Nxc6,d4c6,a4,a2a4,0.28,0.04,24.000000000000004,False,12,35,saransh12387,guizmo66,1896,1953,0-1
1rb1k2r/1pq1bppp/p1Nppn2/8/4PP2/2N1B1P1/PPP3BP/R2Q1RK1 b k - 0 11,11,27,30,3,1,0,Opening,7,7,2,1,2,2,2,2,1,1,1,1,2,0,0,0,0,0,0,2,2,0.11,bxc6,b7c6,bxc6,b7c6,0.18,0.2,2.0000000000000018,True,12,35,saransh12387,guizmo66,1896,1953,0-1
1rb1k2r/2q1bppp/p1pppn2/8/4PP2/2N1B1P1/PPP3BP/R2Q1RK1 w k - 0 12,12,26,43,0,1,0,Opening,7,7,1,1,2,2,2,2,1,1,1,1,2,0,0,0,1,0,0,2,2,0.22,e5,e4e5,b3,b2b3,0.18,-0.67,85.00000000000001,False,12,35,saransh12387,guizmo66,1896,1953,0-1
1rb1k2r/2q1bppp/p1pppn2/4P3/5P2/2N1B1P1/PPP3BP/R2Q1RK1 b k - 0 12,12,26,37,0,1,0,Opening,7,7,1,1,2,2,2,2,1,1,1,1,2,0,0,0,1,0,0,2,2,-0.63,dxe5,d6e5,dxe5,d6e5,-0.76,-0.74,2.0000000000000018,True,12,35,saransh12387,guizmo66,1896,1953,0-1
1rb1k2r/2q1bppp/p1p1pn2/4p3/5P2/2N1B1P1/PPP3BP/R2Q1RK1 w k - 0 13,13,25,49,-1,1,0,Opening,6,7,1,1,2,2,2,2,1,1,1,1,2,0,1,0,2,0,0,2,3,-0.71,fxe5,f4e5,fxe5,f4e5,-0.69,-0.52,16.999999999999993,True,12,35,saransh12387,guizmo66,1896,1953,0-1
1rb1k2r/2q1bppp/p1p1pn2/4P3/8/2N1B1P1/PPP3BP/R2Q1RK1 b k - 0 13,13,24,39,0,1,0,Middlegame,6,6,1,1,2,2,2,2,1,1,1,1,2,0,0,1,2,0,0,3,3,-0.46,Qxe5,c7e5,Qxe5,c7e5,-0.47,-0.42,4.999999999999999,True,12,35,saransh12387,guizmo66,1896,1953,0-1
1rb1k2r/4bppp/p1p1pn2/4q3/8/2N1B1P1/PPP3BP/R2Q1RK1 w k - 0 14,14,23,53,-1,1,0,Middlegame,5,6,1,1,2,2,2,2,1,1,1,1,2,0,0,0,2,0,1,2,3,-0.42,Bxc6+,g2c6,Bf4,e3f4,-0.42,-0.74,32.0,False,12,35,saransh12387,guizmo66,1896,1953,0-1
1rb1k2r/4bppp/p1B1pn2/4q3/8/2N1B1P1/PPP4P/R2Q1RK1 b k - 0 14,14,22,3,0,1,0,Middlegame,5,5,1,1,2,2,2,2,1,1,1,1,2,0,0,0,1,1,1,2,2,-1.18,Bd7,c8d7,Nd7,f6d7,-0.98,-0.87,10.999999999999998,False,12,35,saransh12387,guizmo66,1896,1953,0-1
1r2k2r/3bbppp/p1B1pn2/4q3/8/2N1B1P1/PPP4P/R2Q1RK1 w k - 1 15,15,22,57,0,1,0,Middlegame,5,5,1,1,2,2,2,2,1,1,1,1,2,0,0,0,1,1,1,2,2,-0.92,Bxd7+,c6d7,Bxd7+,c6d7,-0.81,-0.65,16.000000000000004,True,12,35,saransh12387,guizmo66,1896,1953,0-1
1r2k2r/3Bbppp/p3pn2/4q3/8/2N1B1P1/PPP4P/R2Q1RK1 b k - 0 15,15,21,3,3,1,0,Middlegame,5,5,1,1,2,1,2,2,1,1,1,0,2,0,0,0,1,1,1,2,2,-0.76,Nxd7,f6d7,Nxd7,f6d7,-0.71,-0.73,2.0000000000000018,True,12,35,saransh12387,guizmo66,1896,1953,0-1
1r2k2r/3nbppp/p3p3/4q3/8/2N1B1P1/PPP4P/R2Q1RK1 w k - 0 16,16,20,48,0,1,0,Middlegame,5,5,1,1,1,1,2,2,1,1,0,0,2,0,0,0,1,1,1,2,2,-0.73,Bf4,e3f4,Qf3,d1f3,-0.84,-1.17,32.99999999999999,False,12,35,saransh12387,guizmo66,1896,1953,0-1
1r2k2r/3nbppp/p3p3/4q3/5B2/2N3P1/PPP4P/R2Q1RK1 b k - 1 16,16,20,51,0,1,0,Middlegame,5,5,1,1,1,1,2,2,1,1,0,0,2,0,0,0,1,1,1,2,2,-1.0,Qc5+,e5c5,Qc5+,e5c5,-1.02,-1.02,0.0,True,12,35,saransh12387,guizmo66,1896,1953,0-1
1r2k2r/3nbppp/p3p3/2q5/5B2/2N3P1/PPP4P/R2Q1RK1 w k - 2 17,17,20,5,0,1,0,Middlegame,5,5,1,1,1,1,2,2,1,1,0,0,2,0,0,0,1,1,1,2,2,-1.0,Kh1,g1h1,Rf2,f1f2,-1.04,-1.93,88.99999999999999,False,12,35,saransh12387,guizmo66,1896,1953,0-1
1r2k2r/3nbppp/p3p3/2q5/5B2/2N3P1/PPP4P/R2Q1R1K b k - 3 17,17,20,53,0,0,0,Middlegame,5,5,1,1,1,1,2,2,1,1,0,0,2,0,0,0,1,1,1,2,2,-1.9,Rxb2,b8b2,Qc6+,c5c6,-2.11,-1.89,21.999999999999996,False,12,35,saransh12387,guizmo66,1896,1953,0-1
4k2r/3nbppp/p3p3/2q5/5B2/2N3P1/PrP4P/R2Q1R1K w k - 0 18,18,19,40,-1,0,0,Middlegame,4,5,1,1,1,1,2,2,1,1,0,0,2,0,0,2,1,1,1,3,2,-1.96,Qf3,d1f3,Ne4,c3e4,-1.9,-2.35,45.000000000000014,False,12,35,saransh12387,guizmo66,1896,1953,0-1
4k2r/3nbppp/p3p3/2q5/5B2/2N2QP1/PrP4P/R4R1K b k - 1 18,18,19,54,-1,0,0,Middlegame,4,5,1,1,1,1,2,2,1,1,0,0,2,0,0,2,1,1,1,3,2,-2.16,Rxc2,b2c2,Qc8,c5c8,-2.02,-1.34,68.0,False,12,35,saransh12387,guizmo66,1896,1953,0-1
4k2r/3nbppp/p3p3/2q5/5B2/2N2QP1/P1r4P/R4R1K w k - 0 19,19,18,44,-2,0,0,Middlegame,3,5,1,1,1,1,2,2,1,1,0,0,2,0,0,1,1,0,1,2,2,-1.41,Na4,c3a4,Qa8+,f3a8,-1.19,-3.28,209.0,False,12,35,saransh12387,guizmo66,1896,1953,0-1
4k2r/3nbppp/p3p3/2q5/N4B2/5QP1/P1r4P/R4R1K b k - 1 19,19,18,55,-2,0,0,Middlegame,3,5,1,1,1,1,2,2,1,1,0,0,2,0,0,1,1,0,1,2,2,-3.68,Qc6,c5c6,Qc4,c5c4,-3.13,-2.31,81.99999999999999,False,12,35,saransh12387,guizmo66,1896,1953,0-1
4k2r/3nbppp/p1q1p3/8/N4B2/5QP1/P1r4P/R4R1K w k - 2 20,20,18,32,-2,0,0,Middlegame,3,5,1,1,1,1,2,2,1,1,0,0,2,0,0,1,1,0,1,2,2,-2.29,Qxc6,f3c6,Qxc6,f3c6,-2.35,-2.18,16.999999999999993,True,12,35,saransh12387,guizmo66,1896,1953,0-1
4k2r/3nbppp/p1Q1p3/8/N4B2/6P1/P1r4P/R4R1K b k - 0 20,20,17,34,7,0,0,Middlegame,3,5,1,1,1,1,2,2,1,0,0,0,1,0,0,1,1,0,1,2,2,-2.21,Rxc6,c2c6,Rxc6,c2c6,-2.24,-2.29,4.999999999999982,True,12,35,saransh12387,guizmo66,1896,1953,0-1
4k2r/3nbppp/p1r1p3/8/N4B2/6P1/P6P/R4R1K w k - 0 21,21,16,30,-2,0,0,Middlegame,3,5,1,1,1,1,2,2,0,0,0,0,0,0,0,1,1,0,1,2,2,-2.34,Rab1,a1b1,Rac1,a1c1,-2.46,-2.31,14.999999999999991,False,12,35,saransh12387,guizmo66,1896,1953,0-1
4k2r/3nbppp/p1r1p3/8/N4B2/6P1/P6P/1R3R1K b k - 1 21,21,16,37,-2,0,0,Middlegame,3,5,1,1,1,1,2,2,0,0,0,0,0,0,0,1,1,0,1,2,2,-2.5,O-O,e8g8,Bd6,e7d6,-2.71,-2.14,56.999999999999986,False,12,35,saransh12387,guizmo66,1896,1953,0-1
5rk1/3nbppp/p1r1p3/8/N4B2/6P1/P6P/1R3R1K w - - 2 22,22,16,36,-2,0,1,Middlegame,3,5,1,1,1,1,2,2,0,0,0,0,0,0,0,1,1,0,1,2,2,-2.14,Rb7,b1b7,Rb7,b1b7,-2.2,-1.84,36.00000000000001,True,12,35,saransh12387,guizmo66,1896,1953,0-1
5rk1/1R1nbppp/p1r1p3/8/N4B2/6P1/P6P/5R1K b - - 3 22,22,16,36,-2,0,1,Middlegame,3,5,1,1,1,1,2,2,0,0,0,0,0,0,0,1,1,0,1,2,2,-1.84,Rd8,f8d8,Nc5,d7c5,-2.1,-2.66,56.00000000000001,False,12,35,saransh12387,guizmo66,1896,1953,0-1
3r2k1/1R1nbppp/p1r1p3/8/N4B2/6P1/P6P/5R1K w - - 4 23,23,16,37,-2,0,1,Middlegame,3,5,1,1,1,1,2,2,0,0,0,0,0,0,0,1,1,0,1,2,2,-2.53,Rd1,f1d1,Rd1,f1d1,-2.38,-2.31,6.999999999999984,True,12,35,saransh12387,guizmo66,1896,1953,0-1
3r2k1/1R1nbppp/p1r1p3/8/N4B2/6P1/P6P/3R3K b - - 5 23,23,16,38,-2,0,1,Middlegame,3,5,1,1,1,1,2,2,0,0,0,0,0,0,0,1,1,0,1,2,2,-2.56,Nf8,d7f8,Nf8,d7f8,-2.37,-2.62,25.0,True,12,35,saransh12387,guizmo66,1896,1953,0-1
3r1nk1/1R2bppp/p1r1p3/8/N4B2/6P1/P6P/3R3K w - - 6 24,24,16,43,-2,0,1,Middlegame,3,5,1,1,1,1,2,2,0,0,0,0,0,0,0,1,1,0,1,2,2,-2.57,Rxd8,d1d8,Rxd8,d1d8,-2.41,-2.44,2.9999999999999805,True,12,35,saransh12387,guizmo66,1896,1953,0-1
3R1nk1/1R2bppp/p1r1p3/8/N4B2/6P1/P6P/7K b - - 0 24,24,15,26,3,0,1,Middlegame,3,5,1,1,1,1,2,1,0,0,0,0,0,0,0,1,1,0,1,2,2,-2.64,Bxd8,e7d8,Bxd8,e7d8,-2.63,-2.76,12.99999999999999,True,12,35,saransh12387,guizmo66,1896,1953,0-1
3b1nk1/1R3ppp/p1r1p3/8/N4B2/6P1/P6P/7K w - - 0 25,25,14,31,-2,0,1,Middlegame,3,5,1,1,1,1,1,1,0,0,0,0,0,0,0,1,1,0,1,2,2,-2.75,Kg2,h1g2,Ra7,b7a7,-2.61,-3.07,46.0,False,12,35,saransh12387,guizmo66,1896,1953,0-1
3b1nk1/1R3ppp/p1r1p3/8/N4B2/6P1/P5KP/8 b - - 1 25,25,14,27,-2,0,1,Middlegame,3,5,1,1,1,1,1,1,0,0,0,0,0,0,0,1,1,0,1,2,2,-2.98,h6,h7h6,h5,h7h5,-3.15,-2.9,25.0,False,12,35,saransh12387,guizmo66,1896,1953,0-1
3b1nk1/1R3pp1/p1r1p2p/8/N4B2/6P1/P5KP/8 w - - 0 26,26,14,35,-2,0,1,Middlegame,3,5,1,1,1,1,1,1,0,0,0,0,0,0,0,1,1,0,1,2,2,-2.9,Kf3,g2f3,Kf1,g2f1,-2.82,-3.1,28.000000000000025,False,12,35,saransh12387,guizmo66,1896,1953,0-1
3b1nk1/1R3pp1/p1r1p2p/8/N4B2/5KP1/P6P/8 b - - 1 26,26,14,28,-2,0,1,Middlegame,3,5,1,1,1,1,1,1,0,0,0,0,0,0,0,1,1,0,1,2,2,-3.12,f6,f7f6,Bg5,d8g5,-2.52,-2.66,14.000000000000012,False,12,35,saransh12387,guizmo66,1896,1953,0-1
3b1nk1/1R4p1/p1r1pp1p/8/N4B2/5KP1/P6P/8 w - - 0 27,27,14,36,-2,0,1,Middlegame,3,5,1,1,1,1,1,1,0,0,0,0,0,0,0,1,1,0,1,2,2,-2.59,Nb2,a4b2,Ra7,b7a7,-2.6,-3.38,77.99999999999999,False,12,35,saransh12387,guizmo66,1896,1953,0-1
3b1nk1/1R4p1/p1r1pp1p/8/5B2/5KP1/PN5P/8 b - - 1 27,27,14,24,-2,0,1,Middlegame,3,5,1,1,1,1,1,1,0,0,0,0,0,0,0,1,1,0,1,2,2,-3.13,Rb6,c6b6,Rb6,c6b6,-3.17,-3.08,8.999999999999986,True,12,35,saransh12387,guizmo66,1896,1953,0-1
3b1nk1/1R4p1/pr2pp1p/8/5B2/5KP1/PN5P/8 w - - 2 28,28,14,32,-2,0,1,Middlegame,3,5,1,1,1,1,1,1,0,0,0,0,0,0,0,1,1,0,1,2,2,-2.92,Rxb6,b7b6,Rxb6,b7b6,-2.93,-2.92,1.000000000000023,True,12,35,saransh12387,guizmo66,1896,1953,0-1
3b1nk1/6p1/pR2pp1p/8/5B2/5KP1/PN5P/8 b - - 0 28,28,13,15,3,0,1,Middlegame,3,5,1,1,1,1,1,0,0,0,0,0,0,0,0,1,1,0,1,2,2,-3.02,Bxb6,d8b6,Bxb6,d8b6,-2.91,-2.97,6.000000000000005,True,12,35,saransh12387,guizmo66,1896,1953,0-1
5nk1/6p1/pb2pp1p/8/5B2/5KP1/PN5P/8 w - - 0 29,29,12,22,-2,0,1,Middlegame,3,5,1,1,1,1,0,0,0,0,0,0,0,0,0,1,1,0,1,2,2,-3.0,Nc4,b2c4,Nd3,b2d3,-3.07,-3.08,1.000000000000023,False,12,35,saransh12387,guizmo66,1896,1953,0-1
5nk1/6p1/pb2pp1p/8/2N2B2/5KP1/P6P/8 b - - 1 29,29,12,21,-2,0,1,Middlegame,3,5,1,1,1,1,0,0,0,0,0,0,0,0,0,1,1,0,1,2,2,-2.93,Bc5,b6c5,Bc5,b6c5,-2.96,-3.03,6.999999999999984,True,12,35,saransh12387,guizmo66,1896,1953,0-1
5nk1/6p1/p3pp1p/2b5/2N2B2/5KP1/P6P/8 w - - 2 30,30,12,26,-2,0,1,Middlegame,3,5,1,1,1,1,0,0,0,0,0,0,0,0,0,1,1,0,1,2,2,-2.99,Nd2,c4d2,g4,g3g4,-2.92,-3.37,45.000000000000014,False,12,35,saransh12387,guizmo66,1896,1953,0-1
5nk1/6p1/p3pp1p/2b5/5B2/5KP1/P2N3P/8 b - - 3 30,30,12,22,-2,0,1,Middlegame,3,5,1,1,1,1,0,0,0,0,0,0,0,0,0,1,1,0,1,2,2,-3.43,Nd7,f8d7,Kf7,g8f7,-3.44,-3.51,6.999999999999984,False,12,35,saransh12387,guizmo66,1896,1953,0-1
6k1/3n2p1/p3pp1p/2b5/5B2/5KP1/P2N3P/8 w - - 4 31,31,12,21,-2,0,1,Middlegame,3,5,1,1,1,1,0,0,0,0,0,0,0,0,0,1,1,0,1,2,2,-3.44,Nb3,d2b3,Nb3,d2b3,-3.5,-3.51,0.9999999999999787,True,12,35,saransh12387,guizmo66,1896,1953,0-1
6k1/3n2p1/p3pp1p/2b5/5B2/1N3KP1/P6P/8 b - - 5 31,31,12,25,-2,0,1,Middlegame,3,5,1,1,1,1,0,0,0,0,0,0,0,0,0,1,1,0,1,2,2,-3.43,Bb6,c5b6,Kf7,g8f7,-2.92,-3.31,39.000000000000014,False,12,35,saransh12387,guizmo66,1896,1953,0-1
6k1/3n2p1/pb2pp1p/8/5B2/1N3KP1/P6P/8 w - - 6 32,32,12,24,-2,0,1,Middlegame,3,5,1,1,1,1,0,0,0,0,0,0,0,0,0,1,1,0,1,2,2,-3.54,h4,h2h4,a4,a2a4,-3.26,-3.7,44.00000000000004,False,12,35,saransh12387,guizmo66,1896,1953,0-1
6k1/3n2p1/pb2pp1p/8/5B1P/1N3KP1/P7/8 b - - 0 32,32,12,23,-2,0,1,Middlegame,3,5,1,1,1,1,0,0,0,0,0,0,0,0,0,1,1,0,1,2,2,-4.26,Kf7,g8f7,h5,h6h5,-3.96,-3.67,29.000000000000004,False,12,35,saransh12387,guizmo66,1896,1953,0-1
8/3n1kp1/pb2pp1p/8/5B1P/1N3KP1/P7/8 w - - 1 33,33,12,23,-2,0,0,Middlegame,3,5,1,1,1,1,0,0,0,0,0,0,0,0,0,1,1,0,1,2,2,-3.6,Nd2,b3d2,g4,g3g4,-3.49,-4.08,58.999999999999986,False,12,35,saransh12387,guizmo66,1896,1953,0-1
8/3n1kp1/pb2pp1p/8/5B1P/5KP1/P2N4/8 b - - 2 33,33,12,24,-2,0,0,Middlegame,3,5,1,1,1,1,0,0,0,0,0,0,0,0,0,1,1,0,1,2,2,-4.17,e5,e6e5,e5,e6e5,-3.92,-4.15,23.000000000000043,True,12,35,saransh12387,guizmo66,1896,1953,0-1
8/3n1kp1/pb3p1p/4p3/5B1P/5KP1/P2N4/8 w - - 0 34,34,12,17,-2,0,0,Middlegame,3,5,1,1,1,1,0,0,0,0,0,0,0,0,0,1,1,0,1,2,2,-3.95,Be3,f4e3,Be3,f4e3,-3.93,-3.8,13.000000000000034,True,12,35,saransh12387,guizmo66,1896,1953,0-1
8/3n1kp1/pb3p1p/4p3/7P/4BKP1/P2N4/8 b - - 1 34,34,12,22,-2,0,0,Middlegame,3,5,1,1,1,1,0,0,0,0,0,0,0,0,0,1,1,0,1,2,2,-3.89,Bxe3,b6e3,Ke6,f7e6,-3.77,-3.88,10.999999999999988,False,12,35,saransh12387,guizmo66,1896,1953,0-1
8/3n1kp1/p4p1p/4p3/7P/4bKP1/P2N4/8 w - - 0 35,35,11,14,-5,0,0,Middlegame,3,5,1,1,0,1,0,0,0,0,0,0,0,0,0,1,1,0,1,2,2,-3.98,Kxe3,f3e3,Kxe3,f3e3,-3.95,-3.91,4.0000000000000036,True,12,35,saransh12387,guizmo66,1896,1953,0-1
8/3n1kp1/p4p1p/4p3/7P/4K1P1/P2N4/8 b - - 0 35,35,10,16,-2,0,0,Endgame,3,5,1,1,0,0,0,0,0,0,0,0,0,0,0,1,1,0,1,2,2,-3.89,Ke6,f7e6,Ke6,f7e6,-3.99,-3.96,3.000000000000025,True,12,35,saransh12387,guizmo66,1896,1953,0-1
8/3n2p1/p3kp1p/4p3/7P/4K1P1/P2N4/8 w - - 1 36,36,10,15,-2,0,0,Endgame,3,5,1,1,0,0,0,0,0,0,0,0,0,0,0,1,1,0,1,2,2,-3.85,Nc4,d2c4,Kd3,e3d3,-4.0,-4.27,26.999999999999957,False,12,35,saransh12387,guizmo66,1896,1953,0-1
8/3n2p1/p3kp1p/4p3/2N4P/4K1P1/P7/8 b - - 2 36,36,10,14,-2,0,0,Endgame,3,5,1,1,0,0,0,0,0,0,0,0,0,0,0,1,1,0,1,2,2,-4.18,Kd5,e6d5,Kd5,e6d5,-4.18,-4.19,1.0000000000000675,True,12,35,saransh12387,guizmo66,1896,1953,0-1
8/3n2p1/p4p1p/3kp3/2N4P/4K1P1/P7/8 w - - 3 37,37,10,16,-2,0,0,Endgame,3,5,1,1,0,0,0,0,0,0,0,0,0,0,0,1,1,0,1,2,2,-4.32,Na5,c4a5,Kd3,e3d3,-4.47,-4.75,28.000000000000025,False,12,35,saransh12387,guizmo66,1896,1953,0-1
8/3n2p1/p4p1p/N2kp3/7P/4K1P1/P7/8 b - - 4 37,37,10,12,-2,0,0,Endgame,3,5,1,1,0,0,0,0,0,0,0,0,0,0,0,1,1,0,1,2,2,-4.6,f5,f6f5,Nc5,d7c5,-4.42,-4.21,20.999999999999996,False,12,35,saransh12387,guizmo66,1896,1953,0-1
8/3n2p1/p6p/N2kpp2/7P/4K1P1/P7/8 w - - 0 38,38,10,13,-2,0,0,Endgame,3,5,1,1,0,0,0,0,0,0,0,0,0,0,0,1,1,0,1,2,2,-4.27,Nb7,a5b7,Nb7,a5b7,-4.57,-4.46,11.000000000000032,True,12,35,saransh12387,guizmo66,1896,1953,0-1
8/1N1n2p1/p6p/3kpp2/7P/4K1P1/P7/8 b - - 1 38,38,10,14,-2,0,0,Endgame,3,5,1,1,0,0,0,0,0,0,0,0,0,0,0,1,1,0,1,2,2,-4.26,g5,g7g5,Nc5,d7c5,-4.28,-4.35,6.99999999999994,False,12,35,saransh12387,guizmo66,1896,1953,0-1
8/1N1n4/p6p/3kppp1/7P/4K1P1/P7/8 w - - 0 39,39,10,14,-2,0,0,Endgame,3,5,1,1,0,0,0,0,0,0,0,0,0,0,0,1,1,0,1,2,2,-4.61,hxg5,h4g5,Nd8,b7d8,-5.05,-4.82,22.999999999999954,False,12,35,saransh12387,guizmo66,1896,1953,0-1
8/1N1n4/p6p/3kppP1/8/4K1P1/P7/8 b - - 0 39,39,9,13,-1,0,0,Endgame,3,4,1,1,0,0,0,0,0,0,0,0,0,1,0,3,2,0,1,2,3,-4.61,hxg5,h6g5,hxg5,h6g5,-4.67,-4.53,13.999999999999968,True,12,35,saransh12387,guizmo66,1896,1953,0-1
8/1N1n4/p7/3kppp1/8/4K1P1/P7/8 w - - 0 40,40,8,12,-2,0,0,Endgame,2,4,1,1,0,0,0,0,0,0,0,0,0,0,0,2,1,0,1,2,2,-4.59,Nd8,b7d8,Nd8,b7d8,-4.36,-4.23,12.99999999999999,True,12,35,saransh12387,guizmo66,1896,1953,0-1
3N4/3n4/p7/3kppp1/8/4K1P1/P7/8 b - - 1 40,40,8,12,-2,0,0,Endgame,2,4,1,1,0,0,0,0,0,0,0,0,0,0,0,2,1,0,1,2,2,-4.29,f4+,f5f4,g4,g5g4,-4.78,-4.29,49.00000000000002,False,12,35,saransh12387,guizmo66,1896,1953,0-1
3N4/3n4/p7/3kp1p1/5p2/4K1P1/P7/8 w - - 0 41,41,8,6,-2,0,0,Endgame,2,4,1,1,0,0,0,0,0,0,0,0,0,0,0,2,1,0,1,2,2,-4.2,gxf4,g3f4,gxf4,g3f4,-4.09,-4.16,7.000000000000028,True,12,35,saransh12387,guizmo66,1896,1953,0-1
3N4/3n4/p7/3kp1p1/5P2/4K3/P7/8 b - - 0 41,41,7,13,-1,0,0,Endgame,2,3,1,1,0,0,0,0,0,0,0,0,0,0,0,2,3,0,0,2,3,-4.26,gxf4+,g5f4,exf4+,e5f4,-4.27,-3.79,47.99999999999996,False,12,35,saransh12387,guizmo66,1896,1953,0-1
3N4/3n4/p7/3kp3/5p2/4K3/P7/8 w - - 0 42,42,6,5,-2,0,0,Endgame,1,3,1,1,0,0,0,0,0,0,0,0,0,0,0,1,1,0,2,1,2,-3.85,Kf3,e3f3,Kf3,e3f3,-4.04,-4.29,25.0,True,12,35,saransh12387,guizmo66,1896,1953,0-1
3N4/3n4/p7/3kp3/5p2/5K2/P7/8 b - - 1 42,42,6,11,-2,0,0,Endgame,1,3,1,1,0,0,0,0,0,0,0,0,0,0,0,1,1,0,2,1,2,-4.39,Nf6,d7f6,Nf8,d7f8,-4.43,-3.97,45.99999999999995,False,12,35,saransh12387,guizmo66,1896,1953,0-1
3N4/8/p4n2/3kp3/5p2/5K2/P7/8 w - - 2 43,43,6,9,-2,0,0,Endgame,1,3,1,1,0,0,0,0,0,0,0,0,0,0,0,1,1,0,2,1,2,-4.05,Nf7,d8f7,Nf7,d8f7,-4.18,-4.18,0.0,True,12,35,saransh12387,guizmo66,1896,1953,0-1
8/5N2/p4n2/3kp3/5p2/5K2/P7/8 b - - 3 43,43,6,14,-2,0,0,Endgame,1,3,1,1,0,0,0,0,0,0,0,0,0,0,0,1,1,0,2,1,2,-4.41,Ne4,f6e4,Ke6,d5e6,-4.03,-4.16,12.99999999999999,False,12,35,saransh12387,guizmo66,1896,1953,0-1
8/5N2/p7/3kp3/4np2/5K2/P7/8 w - - 4 44,44,6,11,-2,0,0,Endgame,1,3,1,1,0,0,0,0,0,0,0,0,0,0,0,1,1,0,2,1,2,-4.17,Nh6,f7h6,Kg4,f3g4,-4.27,-4.27,0.0,False,12,35,saransh12387,guizmo66,1896,1953,0-1
8/8/p6N/3kp3/4np2/5K2/P7/8 b - - 5 44,44,6,15,-2,0,0,Endgame,1,3,1,1,0,0,0,0,0,0,0,0,0,0,0,1,1,0,2,1,2,-4.3,Nd2+,e4d2,Nc3,e4c3,-4.21,-3.85,35.999999999999986,False,12,35,saransh12387,guizmo66,1896,1953,0-1
8/8/p6N/3kp3/5p2/5K2/P2n4/8 w - - 6 45,45,6,4,-2,0,0,Endgame,1,3,1,1,0,0,0,0,0,0,0,0,0,0,0,1,1,0,2,1,2,-4.13,Ke2,f3e2,Ke2,f3e2,-4.14,-4.19,5.000000000000071,True,12,35,saransh12387,guizmo66,1896,1953,0-1
8/8/p6N/3kp3/5p2/8/P2nK3/8 b - - 7 45,45,6,16,-2,0,0,Endgame,1,3,1,1,0,0,0,0,0,0,0,0,0,0,0,1,1,0,2,1,2,-4.07,Nc4,d2c4,Ne4,d2e4,-4.22,-4.01,20.999999999999996,False,12,35,saransh12387,guizmo66,1896,1953,0-1
8/8/p6N/3kp3/2n2p2/8/P3K3/8 w - - 8 46,46,6,12,-2,0,0,Endgame,1,3,1,1,0,0,0,0,0,0,0,0,0,0,0,1,1,0,2,1,2,-3.95,Ng4,h6g4,Nf5,h6f5,-4.38,-4.64,25.99999999999998,False,12,35,saransh12387,guizmo66,1896,1953,0-1
8/8/p7/3kp3/2n2pN1/8/P3K3/8 b - - 9 46,46,6,16,-2,0,0,Endgame,1,3,1,1,0,0,0,0,0,0,0,0,0,0,0,1,1,0,2,1,2,-4.83,e4,e5e4,e4,e5e4,-5.06,-5.02,4.0000000000000036,True,12,35,saransh12387,guizmo66,1896,1953,0-1
8/8/p7/3k4/2n1ppN1/8/P3K3/8 w - - 0 47,47,6,12,-2,0,0,Endgame,1,3,1,1,0,0,0,0,0,0,0,0,0,0,0,1,1,0,2,1,2,-5.07,Nf6+,g4f6,Nh2,g4h2,-5.5,-5.27,23.000000000000043,False,12,35,saransh12387,guizmo66,1896,1953,0-1
8/8/p4N2/3k4/2n1pp2/8/P3K3/8 b - - 1 47,47,6,6,-2,0,0,Endgame,1,3,1,1,0,0,0,0,0,0,0,0,0,0,0,1,1,0,2,1,2,-5.29,Ke5,d5e5,Kd4,d5d4,-5.54,-4.9,63.99999999999997,False,12,35,saransh12387,guizmo66,1896,1953,0-1
8/8/p4N2/4k3/2n1pp2/8/P3K3/8 w - - 2 48,48,6,14,-2,0,0,Endgame,1,3,1,1,0,0,0,0,0,0,0,0,0,0,0,1,1,0,2,1,2,-4.94,Nd7+,f6d7,Nh5,f6h5,-4.79,-5.08,29.000000000000004,False,12,35,saransh12387,guizmo66,1896,1953,0-1
8/3N4/p7/4k3/2n1pp2/8/P3K3/8 b - - 3 48,48,6,5,-2,0,0,Endgame,1,3,1,1,0,0,0,0,0,0,0,0,0,0,0,1,1,0,2,1,2,-5.04,Kf5,e5f5,Kd5,e5d5,-5.42,-4.91,50.99999999999998,False,12,35,saransh12387,guizmo66,1896,1953,0-1
8/3N4/p7/5k2/2n1pp2/8/P3K3/8 w - - 4 49,49,6,12,-2,0,0,Endgame,1,3,1,1,0,0,0,0,0,0,0,0,0,0,0,1,1,0,2,1,2,-4.92,Nc5,d7c5,Kd1,e2d1,-5.58,-5.84,25.99999999999998,False,12,35,saransh12387,guizmo66,1896,1953,0-1
8/8/p7/2N2k2/2n1pp2/8/P3K3/8 b - - 5 49,49,6,16,-2,0,0,Endgame,1,3,1,1,0,0,0,0,0,0,0,0,0,0,0,1,1,0,2,1,2,-5.36,f3+,f4f3,f3+,f4f3,-6.29,-6.15,13.999999999999968,True,12,35,saransh12387,guizmo66,1896,1953,0-1
8/8/p7/2N2k2/2n1p3/5p2/P3K3/8 w - - 0 50,50,6,4,-2,0,0,Endgame,1,3,1,1,0,0,0,0,0,0,0,0,0,0,0,1,1,0,2,1,2,-6.47,Kf2,e2f2,Kf1,e2f1,-6.4,-6.8,39.99999999999994,False,12,35,saransh12387,guizmo66,1896,1953,0-1
8/8/p7/2N2k2/2n1p3/5p2/P4K2/8 b - - 1 50,50,6,16,-2,0,0,Endgame,1,3,1,1,0,0,0,0,0,0,0,0,0,0,0,1,1,0,2,1,2,-6.84,a5,a6a5,Kf4,f5f4,-6.83,-4.78,204.99999999999997,False,12,35,saransh12387,guizmo66,1896,1953,0-1
8/8/8/p1N2k2/2n1p3/5p2/P4K2/8 w - - 0 51,51,6,14,-2,0,0,Endgame,1,3,1,1,0,0,0,0,0,0,0,0,0,0,0,1,1,0,2,1,2,-4.46,Nb3,c5b3,Kg3,f2g3,-5.34,-5.79,45.000000000000014,False,12,35,saransh12387,guizmo66,1896,1953,0-1
8/8/8/p4k2/2n1p3/1N3p2/P4K2/8 b - - 1 51,51,6,16,-2,0,0,Endgame,1,3,1,1,0,0,0,0,0,0,0,0,0,0,0,1,1,0,2,1,2,-5.96,Kf4,f5f4,Kg4,f5g4,-6.55,-6.23,31.99999999999994,False,12,35,saransh12387,guizmo66,1896,1953,0-1
8/8/8/p7/2n1pk2/1N3p2/P4K2/8 w - - 2 52,52,6,11,-2,0,0,Endgame,1,3,1,1,0,0,0,0,0,0,0,0,0,0,0,1,1,0,2,1,2,-6.36,Nc5,b3c5,Nd4,b3d4,-7.79,-7.63,16.000000000000014,False,12,35,saransh12387,guizmo66,1896,1953,0-1
8/8/8/p1N5/2n1pk2/5p2/P4K2/8 b - - 3 52,52,6,13,-2,0,0,Endgame,1,3,1,1,0,0,0,0,0,0,0,0,0,0,0,1,1,0,2,1,2,-7.78,e3+,e4e3,e3+,e4e3,-8.1,-8.01,8.999999999999986,True,12,35,saransh12387,guizmo66,1896,1953,0-1
8/8/8/p1N5/2n2k2/4pp2/P4K2/8 w - - 0 53,53,6,3,-2,0,0,Endgame,1,3,1,1,0,0,0,0,0,0,0,0,0,0,0,1,1,0,2,1,2,-8.36,Kf1,f2f1,Ke1,f2e1,-9.69,-10000.0,999031.0,False,12,35,saransh12387,guizmo66,1896,1953,0-1
8/8/8/p1N5/2n2k2/4pp2/P7/5K2 b - - 1 53,53,6,14,-2,0,0,Endgame,1,3,1,1,0,0,0,0,0,0,0,0,0,0,0,1,1,0,2,1,2,-10000.0,Nd2+,c4d2,Nd2+,c4d2,-10000.0,-10000.0,0.0,True,12,35,saransh12387,guizmo66,1896,1953,0-1
8/8/8/p1N5/5k2/4pp2/P2n4/5K2 w - - 2 54,54,6,2,-2,0,0,Endgame,1,3,1,1,0,0,0,0,0,0,0,0,0,0,0,1,1,0,2,1,2,-10000.0,Ke1,f1e1,Kg1,f1g1,-10000.0,-10000.0,0.0,False,12,35,saransh12387,guizmo66,1896,1953,0-1
8/8/8/p1N5/5k2/4pp2/P2n4/4K3 b - - 3 54,54,6,13,-2,0,0,Endgame,1,3,1,1,0,0,0,0,0,0,0,0,0,0,0,1,1,0,2,1,2,-10000.0,f2+,f3f2,f2+,f3f2,-10000.0,-10000.0,0.0,True,12,35,saransh12387,guizmo66,1896,1953,0-1
rnbqkbnr/pppppppp/8/8/8/8/PPPPPPPP/RNBQKBNR w KQkq - 0 1,1,30,20,0,0,0,Opening,8,8,2,2,2,2,2,2,1,1,1,1,2,0,0,0,0,0,0,1,1,0.34,e4,e2e4,e4,e2e4,0.29,0.3,1.0000000000000009,True,12,36,saransh12387,Josecheco2026,1891,1814,0-1
rnbqkbnr/pppppppp/8/8/4P3/8/PPPP1PPP/RNBQKBNR b KQkq - 0 1,1,30,20,0,0,0,Opening,8,8,2,2,2,2,2,2,1,1,1,1,2,0,0,0,0,0,0,1,1,0.32,c5,c7c5,e5,e7e5,0.29,0.38,9.000000000000002,False,12,36,saransh12387,Josecheco2026,1891,1814,0-1
rnbqkbnr/pp1ppppp/8/2p5/4P3/8/PPPP1PPP/RNBQKBNR w KQkq - 0 2,2,30,30,0,0,0,Opening,8,8,2,2,2,2,2,2,1,1,1,1,2,0,0,0,0,0,0,1,1,0.44,Nc3,b1c3,Nf3,g1f3,0.46,0.35,11.000000000000004,False,12,36,saransh12387,Josecheco2026,1891,1814,0-1
rnbqkbnr/pp1ppppp/8/2p5/4P3/2N5/PPPP1PPP/R1BQKBNR b KQkq - 1 2,2,30,22,0,0,0,Opening,8,8,2,2,2,2,2,2,1,1,1,1,2,0,0,0,0,0,0,1,1,0.41,e5,e7e5,Nc6,b8c6,0.33,0.63,30.0,False,12,36,saransh12387,Josecheco2026,1891,1814,0-1
rnbqkbnr/pp1p1ppp/8/2p1p3/4P3/2N5/PPPP1PPP/R1BQKBNR w KQkq - 0 3,3,30,31,0,0,0,Opening,8,8,2,2,2,2,2,2,1,1,1,1,2,0,0,0,0,0,0,1,1,0.65,f4,f2f4,Bc4,f1c4,0.79,0.29,50.0,False,12,36,saransh12387,Josecheco2026,1891,1814,0-1
rnbqkbnr/pp1p1ppp/8/2p1p3/4PP2/2N5/PPPP2PP/R1BQKBNR b KQkq - 0 3,3,30,29,0,0,0,Opening,8,8,2,2,2,2,2,2,1,1,1,1,2,0,0,0,0,0,0,1,1,0.26,d6,d7d6,exf4,e5f4,0.34,1.13,78.99999999999999,False,12,36,saransh12387,Josecheco2026,1891,1814,0-1
rnbqkbnr/pp3ppp/3p4/2p1p3/4PP2/2N5/PPPP2PP/R1BQKBNR w KQkq - 0 4,4,30,32,0,0,0,Opening,8,8,2,2,2,2,2,2,1,1,1,1,2,0,0,0,0,0,0,1,1,1.06,Nf3,g1f3,Nf3,g1f3,0.9,0.83,7.000000000000006,True,12,36,saransh12387,Josecheco2026,1891,1814,0-1
rnbqkbnr/pp3ppp/3p4/2p1p3/4PP2/2N2N2/PPPP2PP/R1BQKB1R b KQkq - 1 4,4,30,35,0,0,0,Opening,8,8,2,2,2,2,2,2,1,1,1,1,2,0,0,0,0,0,0,1,1,0.99,Bg4,c8g4,Nc6,b8c6,1.0,1.12,12.00000000000001,False,12,36,saransh12387,Josecheco2026,1891,1814,0-1
rn1qkbnr/pp3ppp/3p4/2p1p3/4PPb1/2N2N2/PPPP2PP/R1BQKB1R w KQkq - 2 5,5,30,31,0,0,0,Opening,8,8,2,2,2,2,2,2,1,1,1,1,2,0,0,0,0,0,0,1,1,1.12,Bb5+,f1b5,fxe5,f4e5,1.16,1.19,3.0000000000000027,False,12,36,saransh12387,Josecheco2026,1891,1814,0-1
rn1qkbnr/pp3ppp/3p4/1Bp1p3/4PPb1/2N2N2/PPPP2PP/R1BQK2R b KQkq - 3 5,5,30,5,0,0,0,Opening,8,8,2,2,2,2,2,2,1,1,1,1,2,0,0,0,0,0,0,1,1,1.14,Nc6,b8c6,Nc6,b8c6,1.09,1.07,2.0000000000000018,True,12,36,saransh12387,Josecheco2026,1891,1814,0-1
r2qkbnr/pp3ppp/2np4/1Bp1p3/4PPb1/2N2N2/PPPP2PP/R1BQK2R w KQkq - 4 6,6,30,35,0,0,0,Opening,8,8,2,2,2,2,2,2,1,1,1,1,2,0,0,0,0,0,0,1,1,1.15,O-O,e1g1,O-O,e1g1,1.08,1.07,1.0000000000000009,True,12,36,saransh12387,Josecheco2026,1891,1814,0-1
r2qkbnr/pp3ppp/2np4/1Bp1p3/4PPb1/2N2N2/PPPP2PP/R1BQ1RK1 b kq - 5 6,6,30,37,0,1,0,Opening,8,8,2,2,2,2,2,2,1,1,1,1,2,0,0,0,0,0,0,1,1,1.12,exf4,e5f4,Nf6,g8f6,1.17,1.43,26.0,False,12,36,saransh12387,Josecheco2026,1891,1814,0-1
r2qkbnr/pp3ppp/2np4/1Bp5/4Ppb1/2N2N2/PPPP2PP/R1BQ1RK1 w kq - 0 7,7,29,32,-1,1,0,Opening,7,8,2,2,2,2,2,2,1,1,1,1,2,0,1,0,0,0,0,2,2,1.45,h3,h2h3,d4,d2d4,1.35,0.82,53.000000000000014,False,12,36,saransh12387,Josecheco2026,1891,1814,0-1
r2qkbnr/pp3ppp/2np4/1Bp5/4Ppb1/2N2N1P/PPPP2P1/R1BQ1RK1 b kq - 0 7,7,29,36,-1,1,0,Opening,7,8,2,2,2,2,2,2,1,1,1,1,2,0,1,0,0,0,0,2,2,0.82,Be6,g4e6,Bxf3,g4f3,0.56,1.98,142.0,False,12,36,saransh12387,Josecheco2026,1891,1814,0-1
r2qkbnr/pp3ppp/2npb3/1Bp5/4Pp2/2N2N1P/PPPP2P1/R1BQ1RK1 w kq - 1 8,8,29,34,-1,1,0,Opening,7,8,2,2,2,2,2,2,1,1,1,1,2,0,1,0,0,0,0,2,2,1.96,d4,d2d4,d4,d2d4,1.82,1.95,12.99999999999999,True,12,36,saransh12387,Josecheco2026,1891,1814,0-1
r2qkbnr/pp3ppp/2npb3/1Bp5/3PPp2/2N2N1P/PPP3P1/R1BQ1RK1 b kq - 0 8,8,29,39,-1,1,0,Opening,7,8,2,2,2,2,2,2,1,1,1,1,2,0,1,0,0,0,0,2,2,1.92,cxd4,c5d4,cxd4,c5d4,1.92,1.92,0.0,True,12,36,saransh12387,Josecheco2026,1891,1814,0-1
r2qkbnr/pp3ppp/2npb3/1B6/3pPp2/2N2N1P/PPP3P1/R1BQ1RK1 w kq - 0 9,9,28,39,-2,1,0,Opening,6,8,2,2,2,2,2,2,1,1,1,1,2,0,2,1,2,0,0,3,3,1.89,Nxd4,f3d4,Nxd4,f3d4,1.89,1.91,2.0000000000000018,True,12,36,saransh12387,Josecheco2026,1891,1814,0-1
r2qkbnr/pp3ppp/2npb3/1B6/3NPp2/2N4P/PPP3P1/R1BQ1RK1 b kq - 0 9,9,27,38,-1,1,0,Opening,6,7,2,2,2,2,2,2,1,1,1,1,2,0,1,1,1,0,0,3,3,2.03,Bd7,e6d7,Bd7,e6d7,2.14,2.02,12.00000000000001,True,12,36,saransh12387,Josecheco2026,1891,1814,0-1
r2qkbnr/pp1b1ppp/2np4/1B6/3NPp2/2N4P/PPP3P1/R1BQ1RK1 w kq - 1 10,10,27,42,-1,1,0,Opening,6,7,2,2,2,2,2,2,1,1,1,1,2,0,1,1,1,0,0,3,3,2.09,Bxf4,c1f4,Bxf4,c1f4,2.21,2.2,0.9999999999999787,True,12,36,saransh12387,Josecheco2026,1891,1814,0-1
r2qkbnr/pp1b1ppp/2np4/1B6/3NPB2/2N4P/PPP3P1/R2Q1RK1 b kq - 0 10,10,26,37,0,1,0,Opening,6,6,2,2,2,2,2,2,1,1,1,1,2,0,0,1,1,0,0,3,3,2.08,a6,a7a6,Nf6,g8f6,2.08,2.41,33.00000000000001,False,12,36,saransh12387,Josecheco2026,1891,1814,0-1
r2qkbnr/1p1b1ppp/p1np4/1B6/3NPB2/2N4P/PPP3P1/R2Q1RK1 w kq - 0 11,11,26,50,0,1,0,Opening,6,6,2,2,2,2,2,2,1,1,1,1,2,0,0,1,1,0,0,3,3,2.37,Bxc6,b5c6,Bc4,b5c4,2.52,2.44,8.000000000000007,False,12,36,saransh12387,Josecheco2026,1891,1814,0-1
r2qkbnr/1p1b1ppp/p1Bp4/8/3NPB2/2N4P/PPP3P1/R2Q1RK1 b kq - 0 11,11,25,29,3,1,0,Opening,6,6,2,1,2,2,2,2,1,1,1,1,2,0,0,1,1,0,0,3,3,2.83,bxc6,b7c6,bxc6,b7c6,2.73,2.81,8.000000000000007,True,12,36,saransh12387,Josecheco2026,1891,1814,0-1
r2qkbnr/3b1ppp/p1pp4/8/3NPB2/2N4P/PPP3P1/R2Q1RK1 w kq - 0 12,12,24,46,0,1,0,Middlegame,6,6,2,1,1,2,2,2,1,1,0,1,2,0,0,1,1,0,0,3,3,3.01,Kh1,g1h1,e5,e4e5,3.01,2.32,69.0,False,12,36,saransh12387,Josecheco2026,1891,1814,0-1
r2qkbnr/3b1ppp/p1pp4/8/3NPB2/2N4P/PPP3P1/R2Q1R1K b kq - 1 12,12,24,31,0,0,0,Middlegame,6,6,2,1,1,2,2,2,1,1,0,1,2,0,0,1,1,0,0,3,3,2.58,Be7,f8e7,Nf6,g8f6,2.51,2.64,13.000000000000034,False,12,36,saransh12387,Josecheco2026,1891,1814,0-1
r2qk1nr/3bbppp/p1pp4/8/3NPB2/2N4P/PPP3P1/R2Q1R1K w kq - 2 13,13,24,46,0,0,0,Middlegame,6,6,2,1,1,2,2,2,1,1,0,1,2,0,0,1,1,0,0,3,3,2.64,e5,e4e5,Qf3,d1f3,2.41,1.62,79.0,False,12,36,saransh12387,Josecheco2026,1891,1814,0-1
r2qk1nr/3bbppp/p1pp4/4P3/3N1B2/2N4P/PPP3P1/R2Q1R1K b kq - 0 13,13,24,30,0,0,0,Middlegame,6,6,2,1,1,2,2,2,1,1,0,1,2,0,0,1,1,0,0,3,3,1.67,d5,d6d5,dxe5,d6e5,1.61,3.85,224.00000000000003,False,12,36,saransh12387,Josecheco2026,1891,1814,0-1
r2qk1nr/3bbppp/p1p5/3pP3/3N1B2/2N4P/PPP3P1/R2Q1R1K w kq - 0 14,14,24,45,0,0,0,Middlegame,6,6,2,1,1,2,2,2,1,1,0,1,2,0,0,1,1,0,0,3,3,3.08,e6,e5e6,Qf3,d1f3,3.5,2.24,125.99999999999997,False,12,36,saransh12387,Josecheco2026,1891,1814,0-1
r2qk1nr/3bbppp/p1p1P3/3p4/3N1B2/2N4P/PPP3P1/R2Q1R1K b kq - 0 14,14,24,30,0,0,0,Middlegame,6,6,2,1,1,2,2,2,1,1,0,1,2,0,0,1,1,0,0,3,3,2.36,Bxe6,d7e6,fxe6,f7e6,2.32,2.92,60.00000000000001,False,12,36,saransh12387,Josecheco2026,1891,1814,0-1
r2qk1nr/4bppp/p1p1b3/3p4/3N1B2/2N4P/PPP3P1/R2Q1R1K w kq - 0 15,15,23,48,-1,0,0,Middlegame,5,6,2,1,1,2,2,2,1,1,0,1,2,0,0,0,1,0,0,2,3,3.22,Nxe6,d4e6,Nxe6,d4e6,3.31,3.52,20.999999999999996,True,12,36,saransh12387,Josecheco2026,1891,1814,0-1
r2qk1nr/4bppp/p1p1N3/3p4/5B2/2N4P/PPP3P1/R2Q1R1K b kq - 0 15,15,22,31,2,0,0,Middlegame,5,6,2,1,1,1,2,2,1,1,0,0,2,0,0,0,1,0,0,2,3,3.17,fxe6,f7e6,fxe6,f7e6,3.54,3.55,0.9999999999999787,True,12,36,saransh12387,Josecheco2026,1891,1814,0-1
r2qk1nr/4b1pp/p1p1p3/3p4/5B2/2N4P/PPP3P1/R2Q1R1K w kq - 0 16,16,21,43,-1,0,0,Middlegame,5,6,1,1,1,1,2,2,1,1,0,0,2,0,0,0,1,0,1,2,3,3.58,Qg4,d1g4,Qh5+,d1h5,3.68,1.02,266.0,False,12,36,saransh12387,Josecheco2026,1891,1814,0-1
r2qk1nr/4b1pp/p1p1p3/3p4/5BQ1/2N4P/PPP3P1/R4R1K b kq - 1 16,16,21,31,-1,0,0,Middlegame,5,6,1,1,1,1,2,2,1,1,0,0,2,0,0,0,1,0,1,2,3,0.9,Nf6,g8f6,Nf6,g8f6,0.9,0.97,6.999999999999995,True,12,36,saransh12387,Josecheco2026,1891,1814,0-1
r2qk2r/4b1pp/p1p1pn2/3p4/5BQ1/2N4P/PPP3P1/R4R1K w kq - 2 17,17,21,48,-1,0,0,Middlegame,5,6,1,1,1,1,2,2,1,1,0,0,2,0,0,0,1,0,1,2,3,0.95,Qxe6,g4e6,Qxg7,g4g7,0.97,-0.08,105.0,False,12,36,saransh12387,Josecheco2026,1891,1814,0-1
r2qk2r/4b1pp/p1p1Qn2/3p4/5B2/2N4P/PPP3P1/R4R1K b kq - 0 17,17,20,25,0,0,0,Middlegame,5,5,1,1,1,1,2,2,1,1,0,0,2,0,0,0,1,0,0,2,3,-0.14,Qd7,d8d7,Qd7,d8d7,-0.15,-0.12,3.0,True,12,36,saransh12387,Josecheco2026,1891,1814,0-1
r3k2r/3qb1pp/p1p1Qn2/3p4/5B2/2N4P/PPP3P1/R4R1K w kq - 1 18,18,20,53,0,0,0,Middlegame,5,5,1,1,1,1,2,2,1,1,0,0,2,0,0,0,1,0,0,2,3,-0.11,Rae1,a1e1,Qxd7+,e6d7,-0.11,-0.41,30.0,False,12,36,saransh12387,Josecheco2026,1891,1814,0-1
r3k2r/3qb1pp/p1p1Qn2/3p4/5B2/2N4P/PPP3P1/4RR1K b kq - 2 18,18,20,27,0,0,0,Middlegame,5,5,1,1,1,1,2,2,1,1,0,0,2,0,0,0,1,0,0,2,3,-0.43,Qxe6,d7e6,Qxe6,d7e6,-0.4,-0.44,3.9999999999999982,True,12,36,saransh12387,Josecheco2026,1891,1814,0-1
r3k2r/4b1pp/p1p1qn2/3p4/5B2/2N4P/PPP3P1/4RR1K w kq - 0 19,19,19,39,-9,0,0,Middlegame,5,5,1,1,1,1,2,2,0,1,0,0,1,0,0,0,1,0,0,2,3,-0.4,Rxe6,e1e6,Rxe6,e1e6,-0.4,-0.53,13.0,True,12,36,saransh12387,Josecheco2026,1891,1814,0-1
r3k2r/4b1pp/p1p1Rn2/3p4/5B2/2N4P/PPP3P1/5R1K b kq - 0 19,19,18,24,0,0,0,Middlegame,5,5,1,1,1,1,2,2,0,0,0,0,0,0,0,0,1,0,0,2,3,-0.51,Kd7,e8d7,Kd7,e8d7,-0.47,-0.46,0.9999999999999953,True,12,36,saransh12387,Josecheco2026,1891,1814,0-1
r6r/3kb1pp/p1p1Rn2/3p4/5B2/2N4P/PPP3P1/5R1K w - - 1 20,20,18,44,0,0,0,Middlegame,5,5,1,1,1,1,2,2,0,0,0,0,0,0,0,0,1,0,0,2,3,-0.48,Rfe1,f1e1,Re3,e6e3,-0.48,-1.0,52.0,False,12,36,saransh12387,Josecheco2026,1891,1814,0-1
r6r/3kb1pp/p1p1Rn2/3p4/5B2/2N4P/PPP3P1/4R2K b - - 2 20,20,18,34,0,0,0,Middlegame,5,5,1,1,1,1,2,2,0,0,0,0,0,0,0,0,1,0,0,2,3,-1.03,Bb4,e7b4,Ne4,f6e4,-1.26,2.69,395.0,False,12,36,saransh12387,Josecheco2026,1891,1814,0-1
r6r/3k2pp/p1p1Rn2/3p4/1b3B2/2N4P/PPP3P1/4R2K w - - 3 21,21,18,45,0,0,0,Middlegame,5,5,1,1,1,1,2,2,0,0,0,0,0,0,0,0,1,0,0,2,3,2.39,a3,a2a3,a3,a2a3,1.71,2.49,78.00000000000003,True,12,36,saransh12387,Josecheco2026,1891,1814,0-1
r6r/3k2pp/p1p1Rn2/3p4/1b3B2/P1N4P/1PP3P1/4R2K b - - 0 21,21,18,34,0,0,0,Middlegame,5,5,1,1,1,1,2,2,0,0,0,0,0,0,0,0,1,0,0,2,3,2.43,Bxc3,b4c3,Bf8,b4f8,2.28,3.43,115.00000000000003,False,12,36,saransh12387,Josecheco2026,1891,1814,0-1
r6r/3k2pp/p1p1Rn2/3p4/5B2/P1b4P/1PP3P1/4R2K w - - 0 22,22,17,39,-3,0,0,Middlegame,5,5,0,1,1,1,2,2,0,0,0,0,0,0,0,0,1,0,0,2,3,3.23,Re7+,e6e7,Re7+,e6e7,3.11,3.23,12.00000000000001,True,12,36,saransh12387,Josecheco2026,1891,1814,0-1
r6r/3kR1pp/p1p2n2/3p4/5B2/P1b4P/1PP3P1/4R2K b - - 1 22,22,17,2,-3,0,0,Middlegame,5,5,0,1,1,1,2,2,0,0,0,0,0,0,0,0,1,0,0,2,3,3.3,Kd8,d7d8,Kd8,d7d8,3.26,3.54,28.000000000000025,True,12,36,saransh12387,Josecheco2026,1891,1814,0-1
r2k3r/4R1pp/p1p2n2/3p4/5B2/P1b4P/1PP3P1/4R2K w - - 2 23,23,17,43,-3,0,0,Middlegame,5,5,0,1,1,1,2,2,0,0,0,0,0,0,0,0,1,0,0,2,3,3.47,bxc3,b2c3,bxc3,b2c3,3.32,3.45,13.000000000000034,True,12,36,saransh12387,Josecheco2026,1891,1814,0-1
r2k3r/4R1pp/p1p2n2/3p4/5B2/P1P4P/2P3P1/4R2K b - - 0 23,23,16,20,0,0,0,Middlegame,5,5,0,1,1,0,2,2,0,0,0,0,0,1,0,3,1,0,0,3,3,3.3,Ne4,f6e4,Rf8,h8f8,3.76,3.83,7.000000000000028,False,12,36,saransh12387,Josecheco2026,1891,1814,0-1
r2k3r/4R1pp/p1p5/3p4/4nB2/P1P4P/2P3P1/4R2K w - - 1 24,24,16,37,0,0,0,Middlegame,5,5,0,1,1,0,2,2,0,0,0,0,0,1,0,3,1,0,0,3,3,3.7,Rxg7,e7g7,Rxg7,e7g7,3.59,3.74,15.000000000000036,True,12,36,saransh12387,Josecheco2026,1891,1814,0-1
r2k3r/6Rp/p1p5/3p4/4nB2/P1P4P/2P3P1/4R2K b - - 0 24,24,15,21,1,0,0,Middlegame,5,4,0,1,1,0,2,2,0,0,0,0,0,1,0,3,2,0,0,3,3,3.67,h5,h7h5,Rf8,h8f8,3.89,3.72,16.999999999999993,False,12,36,saransh12387,Josecheco2026,1891,1814,0-1
r2k3r/6R1/p1p5/3p3p/4nB2/P1P4P/2P3P1/4R2K w - - 0 25,25,15,39,1,0,0,Middlegame,5,4,0,1,1,0,2,2,0,0,0,0,0,1,0,3,2,0,0,3,3,4.01,Be5,f4e5,Rb1,e1b1,3.73,2.42,131.0,False,12,36,saransh12387,Josecheco2026,1891,1814,0-1
r2k3r/6R1/p1p5/3pB2p/4n3/P1P4P/2P3P1/4R2K b - - 1 25,25,15,22,1,0,0,Middlegame,5,4,0,1,1,0,2,2,0,0,0,0,0,1,0,3,2,0,0,3,3,2.28,Re8,h8e8,Re8,h8e8,2.23,2.91,68.00000000000001,True,12,36,saransh12387,Josecheco2026,1891,1814,0-1
r2kr3/6R1/p1p5/3pB2p/4n3/P1P4P/2P3P1/4R2K w - - 2 26,26,15,36,1,0,0,Middlegame,5,4,0,1,1,0,2,2,0,0,0,0,0,1,0,3,2,0,0,3,3,2.95,Bh2,e5h2,Bc7+,e5c7,2.95,-0.7,365.00000000000006,False,12,36,saransh12387,Josecheco2026,1891,1814,0-1
r2kr3/6R1/p1p5/3p3p/4n3/P1P4P/2P3PB/4R2K b - - 3 26,26,15,22,1,0,0,Middlegame,5,4,0,1,1,0,2,2,0,0,0,0,0,1,0,3,2,0,0,3,3,-0.77,Nf2+,e4f2,Nf2+,e4f2,-0.78,-0.66,12.0,True,12,36,saransh12387,Josecheco2026,1891,1814,0-1
r2kr3/6R1/p1p5/3p3p/8/P1P4P/2P2nPB/4R2K w - - 4 27,27,15,1,1,0,0,Middlegame,5,4,0,1,1,0,2,2,0,0,0,0,0,1,0,3,2,0,0,3,3,-0.83,Kg1,h1g1,Kg1,h1g1,-0.78,-0.85,6.999999999999995,True,12,36,saransh12387,Josecheco2026,1891,1814,0-1
r2kr3/6R1/p1p5/3p3p/8/P1P4P/2P2nPB/4R1K1 b - - 5 27,27,15,24,1,1,0,Middlegame,5,4,0,1,1,0,2,2,0,0,0,0,0,1,0,3,2,0,0,3,3,-0.78,Rxe1+,e8e1,Rxe1+,e8e1,-0.77,-0.65,12.0,True,12,36,saransh12387,Josecheco2026,1891,1814,0-1
r2k4/6R1/p1p5/3p3p/8/P1P4P/2P2nPB/4r1K1 w - - 0 28,28,14,1,-4,1,0,Middlegame,5,4,0,1,1,0,1,2,0,0,0,0,0,1,0,3,2,0,0,3,3,-0.79,Kxf2,g1f2,Kxf2,g1f2,-0.8,-0.7,10.000000000000009,True,12,36,saransh12387,Josecheco2026,1891,1814,0-1
r2k4/6R1/p1p5/3p3p/8/P1P4P/2P2KPB/4r3 b - - 0 28,28,13,23,-1,0,0,Middlegame,5,4,0,0,1,0,1,2,0,0,0,0,0,1,0,3,2,0,0,3,3,-0.71,Re8,e1e8,Re7,e1e7,-0.64,0.0,64.0,False,12,36,saransh12387,Josecheco2026,1891,1814,0-1
r2kr3/6R1/p1p5/3p3p/8/P1P4P/2P2KPB/8 w - - 1 29,29,13,28,-1,0,0,Middlegame,5,4,0,0,1,0,1,2,0,0,0,0,0,1,0,3,2,0,0,3,3,0.21,Rh7,g7h7,Bf4,h2f4,0.15,-0.39,54.0,False,12,36,saransh12387,Josecheco2026,1891,1814,0-1
r2kr3/7R/p1p5/3p3p/8/P1P4P/2P2KPB/8 b - - 2 29,29,13,18,-1,0,0,Middlegame,5,4,0,0,1,0,1,2,0,0,0,0,0,1,0,3,2,0,0,3,3,-0.41,Rf8+,e8f8,Re7,e8e7,-0.47,0.05,52.0,False,12,36,saransh12387,Josecheco2026,1891,1814,0-1
r2k1r2/7R/p1p5/3p3p/8/P1P4P/2P2KPB/8 w - - 3 30,30,13,7,-1,0,0,Middlegame,5,4,0,0,1,0,1,2,0,0,0,0,0,1,0,3,2,0,0,3,3,0.08,Ke3,f2e3,Ke3,f2e3,0.11,0.12,0.9999999999999996,True,12,36,saransh12387,Josecheco2026,1891,1814,0-1
r2k1r2/7R/p1p5/3p3p/8/P1P1K2P/2P3PB/8 b - - 4 30,30,13,19,-1,0,0,Middlegame,5,4,0,0,1,0,1,2,0,0,0,0,0,1,0,3,2,0,0,3,3,0.11,a5,a6a5,Re8+,f8e8,0.13,0.27,14.000000000000002,False,12,36,saransh12387,Josecheco2026,1891,1814,0-1
r2k1r2/7R/2p5/p2p3p/8/P1P1K2P/2P3PB/8 w - - 0 31,31,13,26,-1,0,0,Middlegame,5,4,0,0,1,0,1,2,0,0,0,0,0,1,0,3,2,0,0,3,3,0.14,Rxh5,h7h5,Bf4,h2f4,0.17,-0.1,27.0,False,12,36,saransh12387,Josecheco2026,1891,1814,0-1
r2k1r2/8/2p5/p2p3R/8/P1P1K2P/2P3PB/8 b - - 0 31,31,12,21,0,0,0,Middlegame,5,3,0,0,1,0,1,2,0,0,0,0,0,1,0,3,1,2,0,3,2,0.0,Kd7,d8d7,Kd7,d8d7,0.0,0.0,0.0,True,12,36,saransh12387,Josecheco2026,1891,1814,0-1
r4r2/3k4/2p5/p2p3R/8/P1P1K2P/2P3PB/8 w - - 1 32,32,12,24,0,0,0,Middlegame,5,3,0,0,1,0,1,2,0,0,0,0,0,1,0,3,1,2,0,3,2,0.0,Rh7+,h5h7,Rh7+,h5h7,-0.02,-0.03,0.9999999999999999,True,12,36,saransh12387,Josecheco2026,1891,1814,0-1
r4r2/3k3R/2p5/p2p4/8/P1P1K2P/2P3PB/8 b - - 2 32,32,12,5,0,0,0,Middlegame,5,3,0,0,1,0,1,2,0,0,0,0,0,1,0,3,1,2,0,3,2,-0.03,Ke6,d7e6,Ke6,d7e6,-0.03,-0.03,0.0,True,12,36,saransh12387,Josecheco2026,1891,1814,0-1
r4r2/7R/2p1k3/p2p4/8/P1P1K2P/2P3PB/8 w - - 3 33,33,12,27,0,0,0,Middlegame,5,3,0,0,1,0,1,2,0,0,0,0,0,1,0,3,1,2,0,3,2,-0.03,g4,g2g4,Bf4,h2f4,0.0,-2.62,262.0,False,12,36,saransh12387,Josecheco2026,1891,1814,0-1
r4r2/7R/2p1k3/p2p4/6P1/P1P1K2P/2P4B/8 b - - 0 33,33,12,23,0,0,0,Middlegame,5,3,0,0,1,0,1,2,0,0,0,0,0,1,0,3,1,2,0,3,2,-2.4,Rf7,f8f7,Rh8,f8h8,-2.49,-0.3,219.00000000000003,False,12,36,saransh12387,Josecheco2026,1891,1814,0-1
r7/5r1R/2p1k3/p2p4/6P1/P1P1K2P/2P4B/8 w - - 1 34,34,12,21,0,0,0,Middlegame,5,3,0,0,1,0,1,2,0,0,0,0,0,1,0,3,1,2,0,3,2,-0.27,Rh6+,h7h6,Rh6+,h7h6,-0.25,-0.18,7.000000000000001,True,12,36,saransh12387,Josecheco2026,1891,1814,0-1
r7/5r2/2p1k2R/p2p4/6P1/P1P1K2P/2P4B/8 b - - 2 34,34,12,3,0,0,0,Middlegame,5,3,0,0,1,0,1,2,0,0,0,0,0,1,0,3,1,2,0,3,2,-0.17,Rf6,f7f6,Rf6,f7f6,-0.16,-0.17,1.0000000000000009,True,12,36,saransh12387,Josecheco2026,1891,1814,0-1
r7/8/2p1kr1R/p2p4/6P1/P1P1K2P/2P4B/8 w - - 3 35,35,12,21,0,0,0,Middlegame,5,3,0,0,1,0,1,2,0,0,0,0,0,1,0,3,1,2,0,3,2,-0.14,Rh5,h6h5,Rxf6+,h6f6,-0.21,-0.21,0.0,False,12,36,saransh12387,Josecheco2026,1891,1814,0-1
r7/8/2p1kr2/p2p3R/6P1/P1P1K2P/2P4B/8 b - - 4 35,35,12,24,0,0,0,Middlegame,5,3,0,0,1,0,1,2,0,0,0,0,0,1,0,3,1,2,0,3,2,-0.21,Raf8,a8f8,Rf1,f6f1,-0.21,0.07,28.000000000000004,False,12,36,saransh12387,Josecheco2026,1891,1814,0-1
5r2/8/2p1kr2/p2p3R/6P1/P1P1K2P/2P4B/8 w - - 5 36,36,12,23,0,0,0,Middlegame,5,3,0,0,1,0,1,2,0,0,0,0,0,1,0,3,1,2,0,3,2,0.07,Re5+,h5e5,Be5,h2e5,0.0,-2.23,223.0,False,12,36,saransh12387,Josecheco2026,1891,1814,0-1
5r2/8/2p1kr2/p2pR3/6P1/P1P1K2P/2P4B/8 b - - 6 36,36,12,3,0,0,0,Middlegame,5,3,0,0,1,0,1,2,0,0,0,0,0,1,0,3,1,2,0,3,2,-1.89,Kd7,e6d7,Kd7,e6d7,-1.43,-1.78,35.00000000000001,True,12,36,saransh12387,Josecheco2026,1891,1814,0-1
5r2/3k4/2p2r2/p2pR3/6P1/P1P1K2P/2P4B/8 w - - 7 37,37,12,19,0,0,0,Middlegame,5,3,0,0,1,0,1,2,0,0,0,0,0,1,0,3,1,2,0,3,2,-1.7,Kd4,e3d4,Rg5,e5g5,-1.7,-2.24,54.00000000000003,False,12,36,saransh12387,Josecheco2026,1891,1814,0-1
5r2/3k4/2p2r2/p2pR3/3K2P1/P1P4P/2P4B/8 b - - 8 37,37,12,24,0,0,0,Middlegame,5,3,0,0,1,0,1,2,0,0,0,0,0,1,0,3,1,2,0,3,2,-2.39,Rf2,f6f2,Rf2,f6f2,-2.3,-1.96,33.999999999999986,True,12,36,saransh12387,Josecheco2026,1891,1814,0-1
5r2/3k4/2p5/p2pR3/3K2P1/P1P4P/2P2r1B/8 w - - 9 38,38,12,21,0,0,0,Middlegame,5,3,0,0,1,0,1,2,0,0,0,0,0,1,0,3,1,2,0,3,2,-2.38,Bg3,h2g3,Bg1,h2g1,-2.58,-2.38,20.000000000000018,False,12,36,saransh12387,Josecheco2026,1891,1814,0-1
5r2/3k4/2p5/p2pR3/3K2P1/P1P3BP/2P2r2/8 b - - 10 38,38,12,29,0,0,0,Middlegame,5,3,0,0,1,0,1,2,0,0,0,0,0,1,0,3,1,2,0,3,2,-2.54,Rd2+,f2d2,Rd2+,f2d2,-2.82,-2.82,0.0,True,12,36,saransh12387,Josecheco2026,1891,1814,0-1
5r2/3k4/2p5/p2pR3/3K2P1/P1P3BP/2Pr4/8 w - - 11 39,39,12,2,0,0,0,Middlegame,5,3,0,0,1,0,1,2,0,0,0,0,0,1,0,3,1,2,0,3,2,-2.37,Ke3,d4e3,Ke3,d4e3,-3.17,-2.81,35.999999999999986,True,12,36,saransh12387,Josecheco2026,1891,1814,0-1
5r2/3k4/2p5/p2pR3/6P1/P1P1K1BP/2Pr4/8 b - - 12 39,39,12,29,0,0,0,Middlegame,5,3,0,0,1,0,1,2,0,0,0,0,0,1,0,3,1,2,0,3,2,-3.01,Rxc2,d2c2,Rxc2,d2c2,-3.08,-3.12,4.0000000000000036,True,12,36,saransh12387,Josecheco2026,1891,1814,0-1
5r2/3k4/2p5/p2pR3/6P1/P1P1K1BP/2r5/8 w - - 0 40,40,11,19,-1,0,0,Middlegame,4,3,0,0,1,0,1,2,0,0,0,0,0,0,0,2,1,2,0,3,2,-3.32,Kd3,e3d3,Kd3,e3d3,-3.18,-3.38,19.99999999999997,True,12,36,saransh12387,Josecheco2026,1891,1814,0-1
5r2/3k4/2p5/p2pR3/6P1/P1PK2BP/2r5/8 b - - 1 40,40,11,30,-1,0,0,Middlegame,4,3,0,0,1,0,1,2,0,0,0,0,0,0,0,2,1,2,0,3,2,-3.47,Ra2,c2a2,Ra2,c2a2,-3.54,-3.49,4.999999999999982,True,12,36,saransh12387,Josecheco2026,1891,1814,0-1
5r2/3k4/2p5/p2pR3/6P1/P1PK2BP/r7/8 w - - 2 41,41,11,22,-1,0,0,Middlegame,4,3,0,0,1,0,1,2,0,0,0,0,0,0,0,2,1,2,0,3,2,-3.37,h4,h3h4,g5,g4g5,-3.79,-3.64,14.999999999999991,False,12,36,saransh12387,Josecheco2026,1891,1814,0-1
5r2/3k4/2p5/p2pR3/6PP/P1PK2B1/r7/8 b - - 0 41,41,11,30,-1,0,0,Middlegame,4,3,0,0,1,0,1,2,0,0,0,0,0,0,0,2,1,2,0,3,2,-3.64,Rf3+,f8f3,Rxa3,a2a3,-3.85,-3.57,28.000000000000025,False,12,36,saransh12387,Josecheco2026,1891,1814,0-1
8/3k4/2p5/p2pR3/6PP/P1PK1rB1/r7/8 w - - 1 42,42,11,2,-1,0,0,Middlegame,4,3,0,0,1,0,1,2,0,0,0,0,0,0,0,2,1,2,0,3,2,-3.52,Re3,e5e3,Re3,e5e3,-3.22,-4.04,81.99999999999999,True,12,36,saransh12387,Josecheco2026,1891,1814,0-1
8/3k4/2p5/p2p4/6PP/P1PKRrB1/r7/8 b - - 2 42,42,11,23,-1,0,0,Middlegame,4,3,0,0,1,0,1,2,0,0,0,0,0,0,0,2,1,2,0,3,2,-3.46,Rxe3+,f3e3,Rxe3+,f3e3,-3.71,-4.05,33.999999999999986,True,12,36,saransh12387,Josecheco2026,1891,1814,0-1
8/3k4/2p5/p2p4/6PP/P1PKr1B1/r7/8 w - - 0 43,43,10,2,-6,0,0,Endgame,4,3,0,0,1,0,0,2,0,0,0,0,0,0,0,2,1,2,0,3,2,-3.95,Kxe3,d3e3,Kxe3,d3e3,-3.95,-3.53,42.000000000000036,True,12,36,saransh12387,Josecheco2026,1891,1814,0-1
8/3k4/2p5/p2p4/6PP/P1P1K1B1/r7/8 b - - 0 43,43,9,17,-1,0,0,Endgame,4,3,0,0,1,0,0,1,0,0,0,0,0,0,0,2,1,2,0,3,2,-3.84,Rxa3,a2a3,Rxa3,a2a3,-3.98,-4.06,7.999999999999963,True,12,36,saransh12387,Josecheco2026,1891,1814,0-1
8/3k4/2p5/p2p4/6PP/r1P1K1B1/8/8 w - - 0 44,44,8,17,-2,0,0,Endgame,3,3,0,0,1,0,0,1,0,0,0,0,0,0,0,1,1,2,1,2,2,-4.03,Kd4,e3d4,Be1,g3e1,-4.08,-4.54,46.0,False,12,36,saransh12387,Josecheco2026,1891,1814,0-1
8/3k4/2p5/p2p4/3K2PP/r1P3B1/8/8 b - - 1 44,44,8,12,-2,0,0,Endgame,3,3,0,0,1,0,0,1,0,0,0,0,0,0,0,1,1,2,1,2,2,-4.82,Rb3,a3b3,Ra4+,a3a4,-4.78,-3.47,131.0,False,12,36,saransh12387,Josecheco2026,1891,1814,0-1
8/3k4/2p5/p2p4/3K2PP/1rP3B1/8/8 w - - 2 45,45,8,15,-2,0,0,Endgame,3,3,0,0,1,0,0,1,0,0,0,0,0,0,0,1,1,2,1,2,2,-3.61,c4,c3c4,h5,h4h5,-3.82,-6.06,223.99999999999997,False,12,36,saransh12387,Josecheco2026,1891,1814,0-1
8/3k4/2p5/p2p4/2PK2PP/1r4B1/8/8 b - - 0 45,45,8,21,-2,0,0,Endgame,3,3,0,0,1,0,0,1,0,0,0,0,0,0,0,1,1,2,1,2,2,-5.97,Rxg3,b3g3,Rxg3,b3g3,-6.15,-6.34,18.99999999999995,True,12,36,saransh12387,Josecheco2026,1891,1814,0-1
rnbqkbnr/pppppppp/8/8/8/8/PPPPPPPP/RNBQKBNR w KQkq - 0 1,1,30,20,0,0,0,Opening,8,8,2,2,2,2,2,2,1,1,1,1,2,0,0,0,0,0,0,1,1,0.36,e4,e2e4,e4,e2e4,0.47,0.43,3.9999999999999982,True,12,37,saransh12387,dchesswizard,1887,1831,1-0
rnbqkbnr/pppppppp/8/8/4P3/8/PPPP1PPP/RNBQKBNR b KQkq - 0 1,1,30,20,0,0,0,Opening,8,8,2,2,2,2,2,2,1,1,1,1,2,0,0,0,0,0,0,1,1,0.39,c5,c7c5,e6,e7e6,0.36,0.39,3.0000000000000027,False,12,37,saransh12387,dchesswizard,1887,1831,1-0
rnbqkbnr/pp1ppppp/8/2p5/4P3/8/PPPP1PPP/RNBQKBNR w KQkq - 0 2,2,30,30,0,0,0,Opening,8,8,2,2,2,2,2,2,1,1,1,1,2,0,0,0,0,0,0,1,1,0.42,Nc3,b1c3,Nf3,g1f3,0.4,0.38,2.0000000000000018,False,12,37,saransh12387,dchesswizard,1887,1831,1-0
rnbqkbnr/pp1ppppp/8/2p5/4P3/2N5/PPPP1PPP/R1BQKBNR b KQkq - 1 2,2,30,22,0,0,0,Opening,8,8,2,2,2,2,2,2,1,1,1,1,2,0,0,0,0,0,0,1,1,0.33,e6,e7e6,a6,a7a6,0.38,0.38,0.0,False,12,37,saransh12387,dchesswizard,1887,1831,1-0
rnbqkbnr/pp1p1ppp/4p3/2p5/4P3/2N5/PPPP1PPP/R1BQKBNR w KQkq - 0 3,3,30,32,0,0,0,Opening,8,8,2,2,2,2,2,2,1,1,1,1,2,0,0,0,0,0,0,1,1,0.38,g3,g2g3,Nf3,g1f3,0.39,-0.11,50.0,False,12,37,saransh12387,dchesswizard,1887,1831,1-0
rnbqkbnr/pp1p1ppp/4p3/2p5/4P3/2N3P1/PPPP1P1P/R1BQKBNR b KQkq - 0 3,3,30,29,0,0,0,Opening,8,8,2,2,2,2,2,2,1,1,1,1,2,0,0,0,0,0,0,1,1,-0.06,a6,a7a6,d5,d7d5,0.02,0.36,34.0,False,12,37,saransh12387,dchesswizard,1887,1831,1-0
rnbqkbnr/1p1p1ppp/p3p3/2p5/4P3/2N3P1/PPPP1P1P/R1BQKBNR w KQkq - 0 4,4,30,33,0,0,0,Opening,8,8,2,2,2,2,2,2,1,1,1,1,2,0,0,0,0,0,0,1,1,0.3,Bg2,f1g2,Bg2,f1g2,0.27,0.32,4.999999999999999,True,12,37,saransh12387,dchesswizard,1887,1831,1-0
rnbqkbnr/1p1p1ppp/p3p3/2p5/4P3/2N3P1/PPPP1PBP/R1BQK1NR b KQkq - 1 4,4,30,28,0,0,0,Opening,8,8,2,2,2,2,2,2,1,1,1,1,2,0,0,0,0,0,0,1,1,0.33,Qc7,d8c7,Qc7,d8c7,0.33,0.27,6.0,True,12,37,saransh12387,dchesswizard,1887,1831,1-0
rnb1kbnr/1pqp1ppp/p3p3/2p5/4P3/2N3P1/PPPP1PBP/R1BQK1NR w KQkq - 2 5,5,30,30,0,0,0,Opening,8,8,2,2,2,2,2,2,1,1,1,1,2,0,0,0,0,0,0,1,1,0.33,Nge2,g1e2,Nf3,g1f3,0.35,0.37,2.0000000000000018,False,12,37,saransh12387,dchesswizard,1887,1831,1-0
rnb1kbnr/1pqp1ppp/p3p3/2p5/4P3/2N3P1/PPPPNPBP/R1BQK2R b KQkq - 3 5,5,30,30,0,0,0,Opening,8,8,2,2,2,2,2,2,1,1,1,1,2,0,0,0,0,0,0,1,1,0.31,Ne7,g8e7,d6,d7d6,0.34,0.59,24.999999999999993,False,12,37,saransh12387,dchesswizard,1887,1831,1-0
rnb1kb1r/1pqpnppp/p3p3/2p5/4P3/2N3P1/PPPPNPBP/R1BQK2R w KQkq - 4 6,6,30,27,0,0,0,Opening,8,8,2,2,2,2,2,2,1,1,1,1,2,0,0,0,0,0,0,1,1,0.59,d4,d2d4,d4,d2d4,0.49,0.49,0.0,True,12,37,saransh12387,dchesswizard,1887,1831,1-0
rnb1kb1r/1pqpnppp/p3p3/2p5/3PP3/2N3P1/PPP1NPBP/R1BQK2R b KQkq - 0 6,6,30,31,0,0,0,Opening,8,8,2,2,2,2,2,2,1,1,1,1,2,0,0,0,0,0,0,1,1,0.43,Ng6,e7g6,cxd4,c5d4,0.51,1.61,110.00000000000001,False,12,37,saransh12387,dchesswizard,1887,1831,1-0
rnb1kb1r/1pqp1ppp/p3p1n1/2p5/3PP3/2N3P1/PPP1NPBP/R1BQK2R w KQkq - 1 7,7,30,34,0,0,0,Opening,8,8,2,2,2,2,2,2,1,1,1,1,2,0,0,0,0,0,0,1,1,1.64,d5,d4d5,d5,d4d5,1.58,1.67,8.999999999999986,True,12,37,saransh12387,dchesswizard,1887,1831,1-0
rnb1kb1r/1pqp1ppp/p3p1n1/2pP4/4P3/2N3P1/PPP1NPBP/R1BQK2R b KQkq - 0 7,7,30,30,0,0,0,Opening,8,8,2,2,2,2,2,2,1,1,1,1,2,0,0,0,0,0,0,1,1,1.63,e5,e6e5,d6,d7d6,1.64,1.69,5.000000000000004,False,12,37,saransh12387,dchesswizard,1887,1831,1-0
rnb1kb1r/1pqp1ppp/p5n1/2pPp3/4P3/2N3P1/PPP1NPBP/R1BQK2R w KQkq - 0 8,8,30,33,0,0,0,Opening,8,8,2,2,2,2,2,2,1,1,1,1,2,0,0,0,0,0,0,1,1,1.75,f4,f2f4,Qd2,d1d2,1.64,1.21,42.99999999999999,False,12,37,saransh12387,dchesswizard,1887,1831,1-0
rnb1kb1r/1pqp1ppp/p5n1/2pPp3/4PP2/2N3P1/PPP1N1BP/R1BQK2R b KQkq - 0 8,8,30,25,0,0,0,Opening,8,8,2,2,2,2,2,2,1,1,1,1,2,0,0,0,0,0,0,1,1,1.24,Bd6,f8d6,exf4,e5f4,1.37,2.35,98.0,False,12,37,saransh12387,dchesswizard,1887,1831,1-0
rnb1k2r/1pqp1ppp/p2b2n1/2pPp3/4PP2/2N3P1/PPP1N1BP/R1BQK2R w KQkq - 1 9,9,30,29,0,0,0,Opening,8,8,2,2,2,2,2,2,1,1,1,1,2,0,0,0,0,0,0,1,1,2.69,O-O,e1g1,f5,f4f5,2.47,2.23,24.00000000000002,False,12,37,saransh12387,dchesswizard,1887,1831,1-0
rnb1k2r/1pqp1ppp/p2b2n1/2pPp3/4PP2/2N3P1/PPP1N1BP/R1BQ1RK1 b kq - 2 9,9,30,27,0,1,0,Opening,8,8,2,2,2,2,2,2,1,1,1,1,2,0,0,0,0,0,0,1,1,2.24,O-O,e8g8,b5,b7b5,2.2,3.7,150.0,False,12,37,saransh12387,dchesswizard,1887,1831,1-0
rnb2rk1/1pqp1ppp/p2b2n1/2pPp3/4PP2/2N3P1/PPP1N1BP/R1BQ1RK1 w - - 3 10,10,30,28,0,1,1,Opening,8,8,2,2,2,2,2,2,1,1,1,1,2,0,0,0,0,0,0,1,1,3.68,f5,f4f5,f5,f4f5,3.45,3.57,11.999999999999966,True,12,37,saransh12387,dchesswizard,1887,1831,1-0
rnb2rk1/1pqp1ppp/p2b2n1/2pPpP2/4P3/2N3P1/PPP1N1BP/R1BQ1RK1 b - - 0 10,10,30,21,0,1,1,Opening,8,8,2,2,2,2,2,2,1,1,1,1,2,0,0,0,0,0,0,1,1,3.71,Nh8,g6h8,Nh8,g6h8,3.69,3.86,16.999999999999993,True,12,37,saransh12387,dchesswizard,1887,1831,1-0
rnb2rkn/1pqp1ppp/p2b4/2pPpP2/4P3/2N3P1/PPP1N1BP/R1BQ1RK1 w - - 1 11,11,30,32,0,1,1,Opening,8,8,2,2,2,2,2,2,1,1,1,1,2,0,0,0,0,0,0,1,1,3.72,Qd2,d1d2,f6,f5f6,3.8,2.15,165.0,False,12,37,saransh12387,dchesswizard,1887,1831,1-0
rnb2rkn/1pqp1ppp/p2b4/2pPpP2/4P3/2N3P1/PPPQN1BP/R1B2RK1 b - - 2 11,11,30,19,0,1,1,Opening,8,8,2,2,2,2,2,2,1,1,1,1,2,0,0,0,0,0,0,1,1,2.0,f6,f7f6,f6,f7f6,2.11,2.02,8.999999999999986,True,12,37,saransh12387,dchesswizard,1887,1831,1-0
rnb2rkn/1pqp2pp/p2b1p2/2pPpP2/4P3/2N3P1/PPPQN1BP/R1B2RK1 w - - 0 12,12,30,32,0,1,1,Opening,8,8,2,2,2,2,2,2,1,1,1,1,2,0,0,0,0,0,0,1,1,2.01,g4,g3g4,g4,g3g4,1.93,1.95,2.0000000000000018,True,12,37,saransh12387,dchesswizard,1887,1831,1-0
rnb2rkn/1pqp2pp/p2b1p2/2pPpP2/4P1P1/2N5/PPPQN1BP/R1B2RK1 b - - 0 12,12,30,21,0,1,1,Opening,8,8,2,2,2,2,2,2,1,1,1,1,2,0,0,0,0,0,0,1,1,2.1,b5,b7b5,b5,b7b5,2.12,2.09,3.000000000000025,True,12,37,saransh12387,dchesswizard,1887,1831,1-0
rnb2rkn/2qp2pp/p2b1p2/1ppPpP2/4P1P1/2N5/PPPQN1BP/R1B2RK1 w - - 0 13,13,30,33,0,1,1,Opening,8,8,2,2,2,2,2,2,1,1,1,1,2,0,0,0,0,0,0,1,1,2.11,g5,g4g5,Ng3,e2g3,2.18,2.03,15.000000000000036,False,12,37,saransh12387,dchesswizard,1887,1831,1-0
rnb2rkn/2qp2pp/p2b1p2/1ppPpPP1/4P3/2N5/PPPQN1BP/R1B2RK1 b - - 0 13,13,30,23,0,1,1,Opening,8,8,2,2,2,2,2,2,1,1,1,1,2,0,0,0,0,0,0,1,1,2.09,b4,b5b4,Be7,d6e7,1.97,2.22,25.00000000000002,False,12,37,saransh12387,dchesswizard,1887,1831,1-0
rnb2rkn/2qp2pp/p2b1p2/2pPpPP1/1p2P3/2N5/PPPQN1BP/R1B2RK1 w - - 0 14,14,30,31,0,1,1,Opening,8,8,2,2,2,2,2,2,1,1,1,1,2,0,0,0,0,0,0,1,1,2.12,Nd1,c3d1,Nd1,c3d1,2.23,2.04,18.999999999999993,True,12,37,saransh12387,dchesswizard,1887,1831,1-0
rnb2rkn/2qp2pp/p2b1p2/2pPpPP1/1p2P3/8/PPPQN1BP/R1BN1RK1 b - - 1 14,14,30,23,0,1,1,Opening,8,8,2,2,2,2,2,2,1,1,1,1,2,0,0,0,0,0,0,1,1,1.98,fxg5,f6g5,Be7,d6e7,1.91,2.36,44.99999999999999,False,12,37,saransh12387,dchesswizard,1887,1831,1-0
rnb2rkn/2qp2pp/p2b4/2pPpPp1/1p2P3/8/PPPQN1BP/R1BN1RK1 w - - 0 15,15,29,33,-1,1,1,Opening,7,8,2,2,2,2,2,2,1,1,1,1,2,0,1,1,0,0,0,2,2,2.08,Qxg5,d2g5,Qxg5,d2g5,1.96,1.96,0.0,True,12,37,saransh12387,dchesswizard,1887,1831,1-0
rnb2rkn/2qp2pp/p2b4/2pPpPQ1/1p2P3/8/PPP1N1BP/R1BN1RK1 b - - 0 15,15,28,24,0,1,1,Opening,7,7,2,2,2,2,2,2,1,1,1,1,2,0,0,1,0,0,0,2,2,2.33,Rf6,f8f6,Qd8,c7d8,2.46,3.21,75.0,False,12,37,saransh12387,dchesswizard,1887,1831,1-0
rnb3kn/2qp2pp/p2b1r2/2pPpPQ1/1p2P3/8/PPP1N1BP/R1BN1RK1 w - - 1 16,16,28,38,0,1,1,Opening,7,7,2,2,2,2,2,2,1,1,1,1,2,0,0,1,0,0,0,2,2,3.28,Ng3,e2g3,Ng3,e2g3,3.42,3.32,10.000000000000009,True,12,37,saransh12387,dchesswizard,1887,1831,1-0
rnb3kn/2qp2pp/p2b1r2/2pPpPQ1/1p2P3/6N1/PPP3BP/R1BN1RK1 b - - 2 16,16,28,27,0,1,1,Opening,7,7,2,2,2,2,2,2,1,1,1,1,2,0,0,1,0,0,0,2,2,3.33,Nf7,h8f7,c4,c5c4,3.18,3.4,21.999999999999975,False,12,37,saransh12387,dchesswizard,1887,1831,1-0
rnb3k1/2qp1npp/p2b1r2/2pPpPQ1/1p2P3/6N1/PPP3BP/R1BN1RK1 w - - 3 17,17,28,36,0,1,1,Opening,7,7,2,2,2,2,2,2,1,1,1,1,2,0,0,1,0,0,0,2,2,3.16,Qh4,g5h4,Qg4,g5g4,3.28,3.29,1.000000000000023,False,12,37,saransh12387,dchesswizard,1887,1831,1-0
rnb3k1/2qp1npp/p2b1r2/2pPpP2/1p2P2Q/6N1/PPP3BP/R1BN1RK1 b - - 4 17,17,28,28,0,1,1,Opening,7,7,2,2,2,2,2,2,1,1,1,1,2,0,0,1,0,0,0,2,2,3.1,Bf8,d6f8,Be7,d6e7,3.45,3.27,18.000000000000014,False,12,37,saransh12387,dchesswizard,1887,1831,1-0
rnb2bk1/2qp1npp/p4r2/2pPpP2/1p2P2Q/6N1/PPP3BP/R1BN1RK1 w - - 5 18,18,28,36,0,1,1,Opening,7,7,2,2,2,2,2,2,1,1,1,1,2,0,0,1,0,0,0,2,2,3.33,Nh5,g3h5,Nh5,g3h5,3.23,3.25,2.0000000000000018,True,12,37,saransh12387,dchesswizard,1887,1831,1-0
rnb2bk1/2qp1npp/p4r2/2pPpP1N/1p2P2Q/8/PPP3BP/R1BN1RK1 b - - 6 18,18,28,32,0,1,1,Opening,7,7,2,2,2,2,2,2,1,1,1,1,2,0,0,1,0,0,0,2,2,3.42,Rb6,f6b6,Rb6,f6b6,3.46,3.62,16.000000000000014,True,12,37,saransh12387,dchesswizard,1887,1831,1-0
rnb2bk1/2qp1npp/pr6/2pPpP1N/1p2P2Q/8/PPP3BP/R1BN1RK1 w - - 7 19,19,28,40,0,1,1,Opening,7,7,2,2,2,2,2,2,1,1,1,1,2,0,0,1,0,0,0,2,2,3.55,f6,f5f6,Kh1,g1h1,3.65,2.91,73.99999999999997,False,12,37,saransh12387,dchesswizard,1887,1831,1-0
rnb2bk1/2qp1npp/pr3P2/2pPp2N/1p2P2Q/8/PPP3BP/R1BN1RK1 b - - 0 19,19,28,30,0,1,1,Opening,7,7,2,2,2,2,2,2,1,1,1,1,2,0,0,1,0,0,0,2,2,2.95,g6,g7g6,g6,g7g6,2.83,3.06,23.0,True,12,37,saransh12387,dchesswizard,1887,1831,1-0
rnb2bk1/2qp1n1p/pr3Pp1/2pPp2N/1p2P2Q/8/PPP3BP/R1BN1RK1 w - - 0 20,20,28,36,0,1,1,Opening,7,7,2,2,2,2,2,2,1,1,1,1,2,0,0,1,0,1,0,2,2,3.02,Ng7,h5g7,Kh1,g1h1,2.94,1.9,104.0,False,12,37,saransh12387,dchesswizard,1887,1831,1-0
rnb2bk1/2qp1nNp/pr3Pp1/2pPp3/1p2P2Q/8/PPP3BP/R1BN1RK1 b - - 1 20,20,28,30,0,1,1,Opening,7,7,2,2,2,2,2,2,1,1,1,1,2,0,0,1,0,1,0,2,2,1.9,Bxg7,f8g7,Qd8,c7d8,2.02,4.88,286.0,False,12,37,saransh12387,dchesswizard,1887,1831,1-0
rnb3k1/2qp1nbp/pr3Pp1/2pPp3/1p2P2Q/8/PPP3BP/R1BN1RK1 w - - 0 21,21,27,37,-3,1,1,Opening,7,7,1,2,2,2,2,2,1,1,1,1,2,0,0,1,0,1,0,2,2,5.3,fxg7,f6g7,fxg7,f6g7,5.39,4.87,51.99999999999996,True,12,37,saransh12387,dchesswizard,1887,1831,1-0
rnb3k1/2qp1nPp/pr4p1/2pPp3/1p2P2Q/8/PPP3BP/R1BN1RK1 b - - 0 21,21,26,27,0,1,1,Opening,7,7,1,2,2,1,2,2,1,1,1,0,2,0,0,0,0,1,0,2,2,5.73,Kxg7,g8g7,g5,g6g5,5.68,10000.0,999432.0,False,12,37,saransh12387,dchesswizard,1887,1831,1-0
rnb5/2qp1nkp/pr4p1/2pPp3/1p2P2Q/8/PPP3BP/R1BN1RK1 w - - 0 22,22,25,41,-1,1,0,Opening,6,7,1,2,2,1,2,2,1,1,1,0,2,0,0,1,0,0,0,2,2,10000.0,Qe7,h4e7,Qe7,h4e7,10000.0,10000.0,0.0,True,12,37,saransh12387,dchesswizard,1887,1831,1-0
rnb5/2qpQnkp/pr4p1/2pPp3/1p2P3/8/PPP3BP/R1BN1RK1 b - - 1 22,22,25,23,-1,1,0,Opening,6,7,1,2,2,1,2,2,1,1,1,0,2,0,0,1,0,0,0,2,2,10000.0,d6,d7d6,Qd8,c7d8,10000.0,10000.0,0.0,False,12,37,saransh12387,dchesswizard,1887,1831,1-0
rnb5/2q1Qnkp/pr1p2p1/2pPp3/1p2P3/8/PPP3BP/R1BN1RK1 w - - 0 23,23,25,40,-1,1,0,Opening,6,7,1,2,2,1,2,2,1,1,1,0,2,0,0,1,0,0,0,2,2,10000.0,Rxf7+,f1f7,Rxf7+,f1f7,10000.0,10000.0,0.0,True,12,37,saransh12387,dchesswizard,1887,1831,1-0
rnbqkbnr/pppppppp/8/8/8/8/PPPPPPPP/RNBQKBNR w KQkq - 0 1,1,30,20,0,0,0,Opening,8,8,2,2,2,2,2,2,1,1,1,1,2,0,0,0,0,0,0,1,1,0.4,e4,e2e4,e4,e2e4,0.37,0.33,3.9999999999999982,True,12,38,saransh12387,dane964,1879,1841,1-0
rnbqkbnr/pppppppp/8/8/4P3/8/PPPP1PPP/RNBQKBNR b KQkq - 0 1,1,30,20,0,0,0,Opening,8,8,2,2,2,2,2,2,1,1,1,1,2,0,0,0,0,0,0,1,1,0.31,e5,e7e5,e5,e7e5,0.28,0.3,1.9999999999999962,True,12,38,saransh12387,dane964,1879,1841,1-0
rnbqkbnr/pppp1ppp/8/4p3/4P3/8/PPPP1PPP/RNBQKBNR w KQkq - 0 2,2,30,29,0,0,0,Opening,8,8,2,2,2,2,2,2,1,1,1,1,2,0,0,0,0,0,0,1,1,0.32,Nf3,g1f3,Nf3,g1f3,0.25,0.24,1.0000000000000009,True,12,38,saransh12387,dane964,1879,1841,1-0
rnbqkbnr/pppp1ppp/8/4p3/4P3/5N2/PPPP1PPP/RNBQKB1R b KQkq - 1 2,2,30,29,0,0,0,Opening,8,8,2,2,2,2,2,2,1,1,1,1,2,0,0,0,0,0,0,1,1,0.24,Nc6,b8c6,Nc6,b8c6,0.24,0.63,39.0,True,12,38,saransh12387,dane964,1879,1841,1-0
r1bqkbnr/pppp1ppp/2n5/4p3/4P3/5N2/PPPP1PPP/RNBQKB1R w KQkq - 2 3,3,30,27,0,0,0,Opening,8,8,2,2,2,2,2,2,1,1,1,1,2,0,0,0,0,0,0,1,1,0.22,d4,d2d4,Bb5,f1b5,0.22,0.13,9.0,False,12,38,saransh12387,dane964,1879,1841,1-0
r1bqkbnr/pppp1ppp/2n5/4p3/3PP3/5N2/PPP2PPP/RNBQKB1R b KQkq - 0 3,3,30,32,0,0,0,Opening,8,8,2,2,2,2,2,2,1,1,1,1,2,0,0,0,0,0,0,1,1,0.17,exd4,e5d4,exd4,e5d4,0.21,0.22,1.0000000000000009,True,12,38,saransh12387,dane964,1879,1841,1-0
r1bqkbnr/pppp1ppp/2n5/8/3pP3/5N2/PPP2PPP/RNBQKB1R w KQkq - 0 4,4,29,37,-1,0,0,Opening,7,8,2,2,2,2,2,2,1,1,1,1,2,0,1,0,0,0,0,2,2,0.22,Nxd4,f3d4,Nxd4,f3d4,0.27,0.24,3.0000000000000027,True,12,38,saransh12387,dane964,1879,1841,1-0
r1bqkbnr/pppp1ppp/2n5/8/3NP3/8/PPP2PPP/RNBQKB1R b KQkq - 0 4,4,28,32,0,0,0,Opening,7,7,2,2,2,2,2,2,1,1,1,1,2,0,0,0,0,0,0,2,2,0.22,Bc5,f8c5,Nf6,g8f6,0.21,0.33,12.000000000000002,False,12,38,saransh12387,dane964,1879,1841,1-0
r1bqk1nr/pppp1ppp/2n5/2b5/3NP3/8/PPP2PPP/RNBQKB1R w KQkq - 1 5,5,28,42,0,0,0,Opening,7,7,2,2,2,2,2,2,1,1,1,1,2,0,0,0,0,0,0,2,2,0.36,Nb3,d4b3,Nxc6,d4c6,0.35,0.26,8.999999999999996,False,12,38,saransh12387,dane964,1879,1841,1-0
r1bqk1nr/pppp1ppp/2n5/2b5/4P3/1N6/PPP2PPP/RNBQKB1R b KQkq - 2 5,5,28,37,0,0,0,Opening,7,7,2,2,2,2,2,2,1,1,1,1,2,0,0,0,0,0,0,2,2,0.25,Bb6,c5b6,Bb6,c5b6,0.28,0.28,0.0,True,12,38,saransh12387,dane964,1879,1841,1-0
r1bqk1nr/pppp1ppp/1bn5/8/4P3/1N6/PPP2PPP/RNBQKB1R w KQkq - 3 6,6,28,41,0,0,0,Opening,7,7,2,2,2,2,2,2,1,1,1,1,2,0,0,0,0,0,0,2,2,0.29,Nc3,b1c3,Qe2,d1e2,0.31,0.36,4.999999999999999,False,12,38,saransh12387,dane964,1879,1841,1-0
r1bqk1nr/pppp1ppp/1bn5/8/4P3/1NN5/PPP2PPP/R1BQKB1R b KQkq - 4 6,6,28,31,0,0,0,Opening,7,7,2,2,2,2,2,2,1,1,1,1,2,0,0,0,0,0,0,2,2,0.34,a6,a7a6,Nf6,g8f6,0.38,0.91,53.0,False,12,38,saransh12387,dane964,1879,1841,1-0
r1bqk1nr/1ppp1ppp/pbn5/8/4P3/1NN5/PPP2PPP/R1BQKB1R w KQkq - 0 7,7,28,42,0,0,0,Opening,7,7,2,2,2,2,2,2,1,1,1,1,2,0,0,0,0,0,0,2,2,0.9,Qe2,d1e2,Bf4,c1f4,0.7,0.77,7.000000000000006,False,12,38,saransh12387,dane964,1879,1841,1-0
r1bqk1nr/1ppp1ppp/pbn5/8/4P3/1NN5/PPP1QPPP/R1B1KB1R b KQkq - 1 7,7,28,33,0,0,0,Opening,7,7,2,2,2,2,2,2,1,1,1,1,2,0,0,0,0,0,0,2,2,0.67,h6,h7h6,d6,d7d6,0.68,1.3,62.0,False,12,38,saransh12387,dane964,1879,1841,1-0
r1bqk1nr/1ppp1pp1/pbn4p/8/4P3/1NN5/PPP1QPPP/R1B1KB1R w KQkq - 0 8,8,28,37,0,0,0,Opening,7,7,2,2,2,2,2,2,1,1,1,1,2,0,0,0,0,0,0,2,2,1.14,Be3,c1e3,Bd2,c1d2,1.02,1.0,2.0000000000000018,False,12,38,saransh12387,dane964,1879,1841,1-0
r1bqk1nr/1ppp1pp1/pbn4p/8/4P3/1NN1B3/PPP1QPPP/R3KB1R b KQkq - 1 8,8,28,31,0,0,0,Opening,7,7,2,2,2,2,2,2,1,1,1,1,2,0,0,0,0,0,0,2,2,0.99,Bxe3,b6e3,Bxe3,b6e3,0.99,1.03,4.0000000000000036,True,12,38,saransh12387,dane964,1879,1841,1-0
r1bqk1nr/1ppp1pp1/p1n4p/8/4P3/1NN1b3/PPP1QPPP/R3KB1R w KQkq - 0 9,9,27,35,-3,0,0,Opening,7,7,2,2,1,2,2,2,1,1,0,1,2,0,0,0,0,0,0,2,2,1.02,Qxe3,e2e3,Qxe3,e2e3,1.04,1.03,1.0000000000000009,True,12,38,saransh12387,dane964,1879,1841,1-0
r1bqk1nr/1ppp1pp1/p1n4p/8/4P3/1NN1Q3/PPP2PPP/R3KB1R b KQkq - 0 9,9,26,28,0,0,0,Opening,7,7,2,2,1,1,2,2,1,1,0,0,2,0,0,0,0,0,0,2,2,1.03,Nge7,g8e7,d6,d7d6,1.05,1.52,47.0,False,12,38,saransh12387,dane964,1879,1841,1-0
r1bqk2r/1pppnpp1/p1n4p/8/4P3/1NN1Q3/PPP2PPP/R3KB1R w KQkq - 1 10,10,26,47,0,0,0,Opening,7,7,2,2,1,1,2,2,1,1,0,0,2,0,0,0,0,0,0,2,2,1.33,O-O-O,e1c1,Rg1,h1g1,1.3,1.37,7.000000000000006,False,12,38,saransh12387,dane964,1879,1841,1-0
r1bqk2r/1pppnpp1/p1n4p/8/4P3/1NN1Q3/PPP2PPP/2KR1B1R b kq - 2 10,10,26,27,0,1,0,Opening,7,7,2,2,1,1,2,2,1,1,0,0,2,0,0,0,0,0,0,2,2,1.25,O-O,e8g8,d6,d7d6,1.42,1.71,29.000000000000004,False,12,38,saransh12387,dane964,1879,1841,1-0
r1bq1rk1/1pppnpp1/p1n4p/8/4P3/1NN1Q3/PPP2PPP/2KR1B1R w - - 3 11,11,26,48,0,1,1,Opening,7,7,2,2,1,1,2,2,1,1,0,0,2,0,0,0,0,0,0,2,2,1.67,h4,h2h4,g4,g2g4,1.61,1.13,48.00000000000002,False,12,38,saransh12387,dane964,1879,1841,1-0
r1bq1rk1/1pppnpp1/p1n4p/8/4P2P/1NN1Q3/PPP2PP1/2KR1B1R b - - 0 11,11,26,25,0,1,1,Opening,7,7,2,2,1,1,2,2,1,1,0,0,2,0,0,0,0,0,0,2,2,1.17,d6,d7d6,f5,f7f5,1.06,1.08,2.0000000000000018,False,12,38,saransh12387,dane964,1879,1841,1-0
r1bq1rk1/1pp1npp1/p1np3p/8/4P2P/1NN1Q3/PPP2PP1/2KR1B1R w - - 0 12,12,26,48,0,1,1,Opening,7,7,2,2,1,1,2,2,1,1,0,0,2,0,0,0,0,0,0,2,2,1.13,f3,f2f3,Rg1,h1g1,1.16,0.41,75.0,False,12,38,saransh12387,dane964,1879,1841,1-0
r1bq1rk1/1pp1npp1/p1np3p/8/4P2P/1NN1QP2/PPP3P1/2KR1B1R b - - 0 12,12,26,30,0,1,1,Opening,7,7,2,2,1,1,2,2,1,1,0,0,2,0,0,0,0,0,0,2,2,0.4,Be6,c8e6,f5,f7f5,0.5,1.2,70.0,False,12,38,saransh12387,dane964,1879,1841,1-0
r2q1rk1/1pp1npp1/p1npb2p/8/4P2P/1NN1QP2/PPP3P1/2KR1B1R w - - 1 13,13,26,46,0,1,1,Opening,7,7,2,2,1,1,2,2,1,1,0,0,2,0,0,0,0,0,0,2,2,1.35,g4,g2g4,g4,g2g4,1.56,1.42,14.000000000000012,True,12,38,saransh12387,dane964,1879,1841,1-0
r2q1rk1/1pp1npp1/p1npb2p/8/4P1PP/1NN1QP2/PPP5/2KR1B1R b - - 0 13,13,26,36,0,1,1,Opening,7,7,2,2,1,1,2,2,1,1,0,0,2,0,0,0,0,0,0,2,2,1.43,a5,a6a5,a5,a6a5,1.32,1.69,36.999999999999986,True,12,38,saransh12387,dane964,1879,1841,1-0
r2q1rk1/1pp1npp1/2npb2p/p7/4P1PP/1NN1QP2/PPP5/2KR1B1R w - - 0 14,14,26,47,0,1,1,Opening,7,7,2,2,1,1,2,2,1,1,0,0,2,0,0,0,0,0,0,2,2,1.62,Bb5,f1b5,a3,a2a3,1.63,1.21,41.99999999999999,False,12,38,saransh12387,dane964,1879,1841,1-0
r2q1rk1/1pp1npp1/2npb2p/pB6/4P1PP/1NN1QP2/PPP5/2KR3R b - - 1 14,14,26,35,0,1,1,Opening,7,7,2,2,1,1,2,2,1,1,0,0,2,0,0,0,0,0,0,2,2,1.04,Na7,c6a7,Qb8,d8b8,1.14,1.7,56.00000000000001,False,12,38,saransh12387,dane964,1879,1841,1-0
r2q1rk1/npp1npp1/3pb2p/pB6/4P1PP/1NN1QP2/PPP5/2KR3R w - - 2 15,15,26,52,0,1,1,Opening,7,7,2,2,1,1,2,2,1,1,0,0,2,0,0,0,0,0,0,2,2,1.52,Ba4,b5a4,Nd4,b3d4,1.45,0.84,61.0,False,12,38,saransh12387,dane964,1879,1841,1-0
r2q1rk1/npp1npp1/3pb2p/p7/B3P1PP/1NN1QP2/PPP5/2KR3R b - - 3 15,15,26,34,0,1,1,Opening,7,7,2,2,1,1,2,2,1,1,0,0,2,0,0,0,0,0,0,2,2,0.83,c6,c7c6,b5,b7b5,1.0,1.28,28.000000000000004,False,12,38,saransh12387,dane964,1879,1841,1-0
r2q1rk1/np2npp1/2ppb2p/p7/B3P1PP/1NN1QP2/PPP5/2KR3R w - - 0 16,16,26,44,0,1,1,Opening,7,7,2,2,1,1,2,2,1,1,0,0,2,0,0,0,0,0,0,2,2,1.18,Nd4,b3d4,Nd4,b3d4,1.27,1.48,20.999999999999996,True,12,38,saransh12387,dane964,1879,1841,1-0
r2q1rk1/np2npp1/2ppb2p/p7/B2NP1PP/2N1QP2/PPP5/2KR3R b - - 1 16,16,26,34,0,1,1,Opening,7,7,2,2,1,1,2,2,1,1,0,0,2,0,0,0,0,0,0,2,2,1.48,Bc4,e6c4,b5,b7b5,1.48,1.95,47.0,False,12,38,saransh12387,dane964,1879,1841,1-0
r2q1rk1/np2npp1/2pp3p/p7/B1bNP1PP/2N1QP2/PPP5/2KR3R w - - 2 17,17,26,41,0,1,1,Opening,7,7,2,2,1,1,2,2,1,1,0,0,2,0,0,0,0,0,0,2,2,2.11,g5,g4g5,Rhg1,h1g1,1.94,1.35,58.999999999999986,False,12,38,saransh12387,dane964,1879,1841,1-0
r2q1rk1/np2npp1/2pp3p/p5P1/B1bNP2P/2N1QP2/PPP5/2KR3R b - - 0 17,17,26,35,0,1,1,Opening,7,7,2,2,1,1,2,2,1,1,0,0,2,0,0,0,0,0,0,2,2,1.33,h5,h6h5,h5,h6h5,1.28,1.23,5.000000000000004,True,12,38,saransh12387,dane964,1879,1841,1-0
r2q1rk1/np2npp1/2pp4/p5Pp/B1bNP2P/2N1QP2/PPP5/2KR3R w - - 0 18,18,26,38,0,1,1,Opening,7,7,2,2,1,1,2,2,1,1,0,0,2,0,0,0,0,0,0,2,2,1.5,f4,f3f4,f4,f3f4,1.24,1.23,1.0000000000000009,True,12,38,saransh12387,dane964,1879,1841,1-0
r2q1rk1/np2npp1/2pp4/p5Pp/B1bNPP1P/2N1Q3/PPP5/2KR3R b - - 0 18,18,26,33,0,1,1,Opening,7,7,2,2,1,1,2,2,1,1,0,0,2,0,0,0,0,0,0,2,2,1.22,g6,g7g6,b5,b7b5,1.22,1.99,77.0,False,12,38,saransh12387,dane964,1879,1841,1-0
r2q1rk1/np2np2/2pp2p1/p5Pp/B1bNPP1P/2N1Q3/PPP5/2KR3R w - - 0 19,19,26,40,0,1,1,Opening,7,7,2,2,1,1,2,2,1,1,0,0,2,0,0,0,0,0,0,2,2,2.0,f5,f4f5,f5,f4f5,1.99,2.12,13.00000000000001,True,12,38,saransh12387,dane964,1879,1841,1-0
r2q1rk1/np2np2/2pp2p1/p4PPp/B1bNP2P/2N1Q3/PPP5/2KR3R b - - 0 19,19,26,32,0,1,1,Opening,7,7,2,2,1,1,2,2,1,1,0,0,2,0,0,0,0,0,0,2,2,2.04,b5,b7b5,b5,b7b5,2.1,2.04,6.000000000000005,True,12,38,saransh12387,dane964,1879,1841,1-0
r2q1rk1/n3np2/2pp2p1/pp3PPp/B1bNP2P/2N1Q3/PPP5/2KR3R w - - 0 20,20,26,40,0,1,1,Opening,7,7,2,2,1,1,2,2,1,1,0,0,2,0,0,0,0,0,0,2,2,2.12,Bb3,a4b3,b3,b2b3,2.12,1.62,50.0,False,12,38,saransh12387,dane964,1879,1841,1-0
r2q1rk1/n3np2/2pp2p1/pp3PPp/2bNP2P/1BN1Q3/PPP5/2KR3R b - - 1 20,20,26,28,0,1,1,Opening,7,7,2,2,1,1,2,2,1,1,0,0,2,0,0,0,0,0,0,2,2,1.65,Bxb3,c4b3,c5,c6c5,1.64,1.68,4.0000000000000036,False,12,38,saransh12387,dane964,1879,1841,1-0
r2q1rk1/n3np2/2pp2p1/pp3PPp/3NP2P/1bN1Q3/PPP5/2KR3R w - - 0 21,21,25,40,-3,1,1,Opening,7,7,2,2,0,1,2,2,1,1,0,0,2,0,0,0,0,0,0,2,2,1.76,Nxb3,d4b3,fxg6,f5g6,1.43,1.05,37.999999999999986,False,12,38,saransh12387,dane964,1879,1841,1-0
r2q1rk1/n3np2/2pp2p1/pp3PPp/4P2P/1NN1Q3/PPP5/2KR3R b - - 0 21,21,24,22,0,1,1,Middlegame,7,7,2,2,0,0,2,2,1,1,0,0,2,0,0,0,0,0,0,2,2,1.09,Qc7,d8c7,a4,a5a4,1.06,1.81,75.0,False,12,38,saransh12387,dane964,1879,1841,1-0
r4rk1/n1q1np2/2pp2p1/pp3PPp/4P2P/1NN1Q3/PPP5/2KR3R w - - 1 22,22,24,44,0,1,1,Middlegame,7,7,2,2,0,0,2,2,1,1,0,0,2,0,0,0,0,0,0,2,2,2.09,Qf4,e3f4,fxg6,f5g6,1.98,1.42,56.00000000000001,False,12,38,saransh12387,dane964,1879,1841,1-0
r4rk1/n1q1np2/2pp2p1/pp3PPp/4PQ1P/1NN5/PPP5/2KR3R b - - 2 22,22,24,27,0,1,1,Middlegame,7,7,2,2,0,0,2,2,1,1,0,0,2,0,0,0,0,0,0,2,2,1.22,Rad8,a8d8,Rad8,a8d8,1.25,1.33,8.000000000000007,True,12,38,saransh12387,dane964,1879,1841,1-0
3r1rk1/n1q1np2/2pp2p1/pp3PPp/4PQ1P/1NN5/PPP5/2KR3R w - - 3 23,23,24,40,0,1,1,Middlegame,7,7,2,2,0,0,2,2,1,1,0,0,2,0,0,0,0,0,0,2,2,1.16,Nd4,b3d4,f6,f5f6,1.14,0.39,74.99999999999999,False,12,38,saransh12387,dane964,1879,1841,1-0
3r1rk1/n1q1np2/2pp2p1/pp3PPp/3NPQ1P/2N5/PPP5/2KR3R b - - 4 23,23,24,24,0,1,1,Middlegame,7,7,2,2,0,0,2,2,1,1,0,0,2,0,0,0,0,0,0,2,2,0.34,b4,b5b4,b4,b5b4,0.31,0.46,15.000000000000002,True,12,38,saransh12387,dane964,1879,1841,1-0
3r1rk1/n1q1np2/2pp2p1/p4PPp/1p1NPQ1P/2N5/PPP5/2KR3R w - - 0 24,24,24,39,0,1,1,Middlegame,7,7,2,2,0,0,2,2,1,1,0,0,2,0,0,0,0,0,0,2,2,0.36,Na4,c3a4,Na4,c3a4,0.32,0.51,19.0,True,12,38,saransh12387,dane964,1879,1841,1-0
3r1rk1/n1q1np2/2pp2p1/p4PPp/Np1NPQ1P/8/PPP5/2KR3R b - - 1 24,24,24,24,0,1,1,Middlegame,7,7,2,2,0,0,2,2,1,1,0,0,2,0,0,0,0,0,0,2,2,0.53,c5,c6c5,c5,c6c5,0.57,0.53,3.9999999999999925,True,12,38,saransh12387,dane964,1879,1841,1-0
3r1rk1/n1q1np2/3p2p1/p1p2PPp/Np1NPQ1P/8/PPP5/2KR3R w - - 0 25,25,24,38,0,1,1,Middlegame,7,7,2,2,0,0,2,2,1,1,0,0,2,0,0,0,0,0,0,2,2,0.57,Ne2,d4e2,Ne2,d4e2,0.6,0.58,2.0000000000000018,True,12,38,saransh12387,dane964,1879,1841,1-0
3r1rk1/n1q1np2/3p2p1/p1p2PPp/Np2PQ1P/8/PPP1N3/2KR3R b - - 1 25,25,24,27,0,1,1,Middlegame,7,7,2,2,0,0,2,2,1,1,0,0,2,0,0,0,0,0,0,2,2,0.58,Qc6,c7c6,Nac6,a7c6,0.55,0.53,2.0000000000000018,False,12,38,saransh12387,dane964,1879,1841,1-0
3r1rk1/n3np2/2qp2p1/p1p2PPp/Np2PQ1P/8/PPP1N3/2KR3R w - - 2 26,26,24,39,0,1,1,Middlegame,7,7,2,2,0,0,2,2,1,1,0,0,2,0,0,0,0,0,0,2,2,0.58,b3,b2b3,b3,b2b3,0.67,0.57,10.000000000000009,True,12,38,saransh12387,dane964,1879,1841,1-0
3r1rk1/n3np2/2qp2p1/p1p2PPp/Np2PQ1P/1P6/P1P1N3/2KR3R b - - 0 26,26,24,30,0,1,1,Middlegame,7,7,2,2,0,0,2,2,1,1,0,0,2,0,0,0,0,0,0,2,2,0.72,c4,c5c4,Nb5,a7b5,0.58,1.13,54.99999999999999,False,12,38,saransh12387,dane964,1879,1841,1-0
3r1rk1/n3np2/2qp2p1/p4PPp/Npp1PQ1P/1P6/P1P1N3/2KR3R w - - 0 27,27,24,40,0,1,1,Middlegame,7,7,2,2,0,0,2,2,1,1,0,0,2,0,0,0,0,0,0,2,2,1.26,Nd4,e2d4,Nd4,e2d4,1.24,1.19,5.000000000000004,True,12,38,saransh12387,dane964,1879,1841,1-0
3r1rk1/n3np2/2qp2p1/p4PPp/NppNPQ1P/1P6/P1P5/2KR3R b - - 1 27,27,24,32,0,1,1,Middlegame,7,7,2,2,0,0,2,2,1,1,0,0,2,0,0,0,0,0,0,2,2,1.32,Qc8,c6c8,Qb7,c6b7,1.19,1.53,34.00000000000001,False,12,38,saransh12387,dane964,1879,1841,1-0
2qr1rk1/n3np2/3p2p1/p4PPp/NppNPQ1P/1P6/P1P5/2KR3R w - - 2 28,28,24,38,0,1,1,Middlegame,7,7,2,2,0,0,2,2,1,1,0,0,2,0,0,0,0,0,0,2,2,1.61,Nb6,a4b6,Qe3,f4e3,1.34,1.35,1.0000000000000009,False,12,38,saransh12387,dane964,1879,1841,1-0
2qr1rk1/n3np2/1N1p2p1/p4PPp/1ppNPQ1P/1P6/P1P5/2KR3R b - - 3 28,28,24,27,0,1,1,Middlegame,7,7,2,2,0,0,2,2,1,1,0,0,2,0,0,0,0,0,0,2,2,1.37,Qb7,c8b7,Qa6,c8a6,1.41,1.7,29.000000000000004,False,12,38,saransh12387,dane964,1879,1841,1-0
3r1rk1/nq2np2/1N1p2p1/p4PPp/1ppNPQ1P/1P6/P1P5/2KR3R w - - 4 29,29,24,41,0,1,1,Middlegame,7,7,2,2,0,0,2,2,1,1,0,0,2,0,0,0,0,0,0,2,2,1.63,Nxc4,b6c4,Nxc4,b6c4,1.9,1.91,1.0000000000000009,True,12,38,saransh12387,dane964,1879,1841,1-0
3r1rk1/nq2np2/3p2p1/p4PPp/1pNNPQ1P/1P6/P1P5/2KR3R b - - 0 29,29,23,31,1,1,1,Middlegame,7,6,2,2,0,0,2,2,1,1,0,0,2,0,0,0,1,0,0,2,3,1.82,a4,a5a4,d5,d6d5,2.22,2.38,15.99999999999997,False,12,38,saransh12387,dane964,1879,1841,1-0
3r1rk1/nq2np2/3p2p1/5PPp/ppNNPQ1P/1P6/P1P5/2KR3R w - - 0 30,30,23,42,1,1,1,Middlegame,7,6,2,2,0,0,2,2,1,1,0,0,2,0,0,0,1,0,0,2,3,2.1,Nxd6,c4d6,fxg6,f5g6,2.17,1.05,111.99999999999999,False,12,38,saransh12387,dane964,1879,1841,1-0
3r1rk1/nq2np2/3N2p1/5PPp/pp1NPQ1P/1P6/P1P5/2KR3R b - - 0 30,30,22,32,2,1,1,Middlegame,7,5,2,2,0,0,2,2,1,1,0,0,2,0,0,0,0,0,0,2,2,1.23,Qa6,b7a6,Qa6,b7a6,1.1,0.72,38.000000000000014,True,12,38,saransh12387,dane964,1879,1841,1-0
3r1rk1/n3np2/q2N2p1/5PPp/pp1NPQ1P/1P6/P1P5/2KR3R w - - 1 31,31,22,40,2,1,1,Middlegame,7,5,2,2,0,0,2,2,1,1,0,0,2,0,0,0,0,0,0,2,2,1.26,f6,f5f6,f6,f5f6,1.26,1.14,12.00000000000001,True,12,38,saransh12387,dane964,1879,1841,1-0
3r1rk1/n3np2/q2N1Pp1/6Pp/pp1NPQ1P/1P6/P1P5/2KR3R b - - 0 31,31,22,29,2,1,1,Middlegame,7,5,2,2,0,0,2,2,1,1,0,0,2,0,0,0,0,0,0,2,2,1.21,Nec8,e7c8,Nec8,e7c8,1.26,1.22,4.0000000000000036,True,12,38,saransh12387,dane964,1879,1841,1-0
2nr1rk1/n4p2/q2N1Pp1/6Pp/pp1NPQ1P/1P6/P1P5/2KR3R w - - 1 32,32,22,41,2,1,1,Middlegame,7,5,2,2,0,0,2,2,1,1,0,0,2,0,0,0,0,0,0,2,2,1.22,Nxc8,d6c8,Nxf7,d6f7,0.74,0.76,2.0000000000000018,False,12,38,saransh12387,dane964,1879,1841,1-0
2Nr1rk1/n4p2/q4Pp1/6Pp/pp1NPQ1P/1P6/P1P5/2KR3R b - - 0 32,32,21,27,5,1,1,Middlegame,7,5,2,1,0,0,2,2,1,1,0,0,2,0,0,0,0,0,0,2,2,0.73,Rxc8,d8c8,Rxc8,d8c8,0.66,0.66,0.0,True,12,38,saransh12387,dane964,1879,1841,1-0
2r2rk1/n4p2/q4Pp1/6Pp/pp1NPQ1P/1P6/P1P5/2KR3R w - - 0 33,33,20,37,2,1,1,Middlegame,7,5,1,1,0,0,2,2,1,1,0,0,2,0,0,0,0,0,0,2,2,0.66,e5,e4e5,Kb1,c1b1,0.69,-2.32,301.0,False,12,38,saransh12387,dane964,1879,1841,1-0
2r2rk1/n4p2/q4Pp1/4P1Pp/pp1N1Q1P/1P6/P1P5/2KR3R b - - 0 33,33,20,30,2,1,1,Middlegame,7,5,1,1,0,0,2,2,1,1,0,0,2,0,0,0,0,0,0,2,2,-1.82,axb3,a4b3,axb3,a4b3,-1.59,-1.88,28.999999999999982,True,12,38,saransh12387,dane964,1879,1841,1-0
2r2rk1/n4p2/q4Pp1/4P1Pp/1p1N1Q1P/1p6/P1P5/2KR3R w - - 0 34,34,19,36,1,1,1,Middlegame,6,5,1,1,0,0,2,2,1,1,0,0,2,0,1,2,2,0,0,3,2,-1.55,axb3,a2b3,axb3,a2b3,-1.56,-1.46,10.000000000000009,True,12,38,saransh12387,dane964,1879,1841,1-0
2r2rk1/n4p2/q4Pp1/4P1Pp/1p1N1Q1P/1P6/2P5/2KR3R b - - 0 34,34,18,32,2,1,1,Middlegame,6,4,1,1,0,0,2,2,1,1,0,0,2,0,0,0,1,0,0,2,2,-1.71,Qa1+,a6a1,Rfd8,f8d8,-1.97,-0.2,177.0,False,12,38,saransh12387,dane964,1879,1841,1-0
2r2rk1/n4p2/5Pp1/4P1Pp/1p1N1Q1P/1P6/2P5/q1KR3R w - - 1 35,35,18,1,2,1,1,Middlegame,6,4,1,1,0,0,2,2,1,1,0,0,2,0,0,0,1,0,0,2,2,-0.04,Kd2,c1d2,Kd2,c1d2,-0.07,0.0,7.000000000000001,True,12,38,saransh12387,dane964,1879,1841,1-0
2r2rk1/n4p2/5Pp1/4P1Pp/1p1N1Q1P/1P6/2PK4/q2R3R b - - 2 35,35,18,27,2,0,1,Middlegame,6,4,1,1,0,0,2,2,1,1,0,0,2,0,0,0,1,0,0,2,2,0.01,Qc3+,a1c3,Qc3+,a1c3,0.03,0.1,7.000000000000001,True,12,38,saransh12387,dane964,1879,1841,1-0
2r2rk1/n4p2/5Pp1/4P1Pp/1p1N1Q1P/1Pq5/2PK4/3R3R w - - 3 36,36,18,2,2,0,1,Middlegame,6,4,1,1,0,0,2,2,1,1,0,0,2,0,0,0,1,0,0,2,2,0.0,Ke2,d2e2,Ke2,d2e2,-0.01,0.0,1.0,True,12,38,saransh12387,dane964,1879,1841,1-0
2r2rk1/n4p2/5Pp1/4P1Pp/1p1N1Q1P/1Pq5/2P1K3/3R3R b - - 4 36,36,18,30,2,0,1,Middlegame,6,4,1,1,0,0,2,2,1,1,0,0,2,0,0,0,1,0,0,2,2,0.01,Nc6,a7c6,Nc6,a7c6,0.02,0.0,2.0,True,12,38,saransh12387,dane964,1879,1841,1-0
2r2rk1/5p2/2n2Pp1/4P1Pp/1p1N1Q1P/1Pq5/2P1K3/3R3R w - - 5 37,37,18,32,2,0,1,Middlegame,6,4,1,1,0,0,2,2,1,1,0,0,2,0,0,0,1,0,0,2,2,0.0,Qd2,f4d2,e6,e5e6,0.0,-2.57,257.0,False,12,38,saransh12387,dane964,1879,1841,1-0
2r2rk1/5p2/2n2Pp1/4P1Pp/1p1N3P/1Pq5/2PQK3/3R3R b - - 6 37,37,18,29,2,0,1,Middlegame,6,4,1,1,0,0,2,2,1,1,0,0,2,0,0,0,1,0,0,2,2,-2.37,Qxd2+,c3d2,Qg3,c3g3,-2.46,1.52,398.0,False,12,38,saransh12387,dane964,1879,1841,1-0
2r2rk1/5p2/2n2Pp1/4P1Pp/1p1N3P/1P6/2PqK3/3R3R w - - 0 38,38,17,4,-7,0,1,Middlegame,6,4,1,1,0,0,2,2,0,1,0,0,1,0,0,0,1,0,0,2,2,1.34,Rxd2,d1d2,Rxd2,d1d2,1.77,1.47,30.000000000000004,True,12,38,saransh12387,dane964,1879,1841,1-0
2r2rk1/5p2/2n2Pp1/4P1Pp/1p1N3P/1P6/2PRK3/7R b - - 0 38,38,16,16,2,0,1,Middlegame,6,4,1,1,0,0,2,2,0,0,0,0,0,0,0,0,1,0,0,2,2,1.89,Nxe5,c6e5,Nxd4+,c6d4,1.99,1.87,11.99999999999999,False,12,38,saransh12387,dane964,1879,1841,1-0
2r2rk1/5p2/5Pp1/4n1Pp/1p1N3P/1P6/2PRK3/7R w - - 0 39,39,15,23,1,0,1,Middlegame,5,4,1,1,0,0,2,2,0,0,0,0,0,0,0,0,1,0,0,2,2,2.07,Rhd1,h1d1,Re1,h1e1,1.92,1.02,89.99999999999999,False,12,38,saransh12387,dane964,1879,1841,1-0
2r2rk1/5p2/5Pp1/4n1Pp/1p1N3P/1P6/2PRK3/3R4 b - - 1 39,39,15,20,1,0,1,Middlegame,5,4,1,1,0,0,2,2,0,0,0,0,0,0,0,0,1,0,0,2,2,0.83,Rfe8,f8e8,Rfe8,f8e8,0.87,0.82,5.000000000000004,True,12,38,saransh12387,dane964,1879,1841,1-0
2r1r1k1/5p2/5Pp1/4n1Pp/1p1N3P/1P6/2PRK3/3R4 w - - 2 40,40,15,19,1,0,1,Middlegame,5,4,1,1,0,0,2,2,0,0,0,0,0,0,0,0,1,0,0,2,2,0.79,Kf1,e2f1,Kf2,e2f2,0.7,0.6,9.999999999999998,False,12,38,saransh12387,dane964,1879,1841,1-0
2r1r1k1/5p2/5Pp1/4n1Pp/1p1N3P/1P6/2PR4/3R1K2 b - - 3 40,40,15,22,1,0,1,Middlegame,5,4,1,1,0,0,2,2,0,0,0,0,0,0,0,0,1,0,0,2,2,0.53,Rc3,c8c3,Ng4,e5g4,0.54,2.22,168.00000000000003,False,12,38,saransh12387,dane964,1879,1841,1-0
4r1k1/5p2/5Pp1/4n1Pp/1p1N3P/1Pr5/2PR4/3R1K2 w - - 4 41,41,15,20,1,0,1,Middlegame,5,4,1,1,0,0,2,2,0,0,0,0,0,0,0,0,1,0,0,2,2,2.28,Re1,d1e1,Re1,d1e1,2.27,2.4,12.99999999999999,True,12,38,saransh12387,dane964,1879,1841,1-0
4r1k1/5p2/5Pp1/4n1Pp/1p1N3P/1Pr5/2PR4/4RK2 b - - 5 41,41,15,28,1,0,1,Middlegame,5,4,1,1,0,0,2,2,0,0,0,0,0,0,0,0,1,0,0,2,2,2.3,Kf8,g8f8,Rcc8,c3c8,2.41,4.08,167.0,False,12,38,saransh12387,dane964,1879,1841,1-0
4rk2/5p2/5Pp1/4n1Pp/1p1N3P/1Pr5/2PR4/4RK2 w - - 6 42,42,15,24,1,0,0,Middlegame,5,4,1,1,0,0,2,2,0,0,0,0,0,0,0,0,1,0,0,2,2,4.28,Rde2,d2e2,Rde2,d2e2,4.58,4.39,19.00000000000004,True,12,38,saransh12387,dane964,1879,1841,1-0
4rk2/5p2/5Pp1/4n1Pp/1p1N3P/1Pr5/2P1R3/4RK2 b - - 7 42,42,15,25,1,0,0,Middlegame,5,4,1,1,0,0,2,2,0,0,0,0,0,0,0,0,1,0,0,2,2,4.47,Rc5,c3c5,Rh3,c3h3,4.73,4.8,6.99999999999994,False,12,38,saransh12387,dane964,1879,1841,1-0
4rk2/5p2/5Pp1/2r1n1Pp/1p1N3P/1P6/2P1R3/4RK2 w - - 8 43,43,15,21,1,0,0,Middlegame,5,4,1,1,0,0,2,2,0,0,0,0,0,0,0,0,1,0,0,2,2,4.0,Nf3,d4f3,Nf3,d4f3,4.68,4.69,1.0000000000000675,True,12,38,saransh12387,dane964,1879,1841,1-0
4rk2/5p2/5Pp1/2r1n1Pp/1p5P/1P3N2/2P1R3/4RK2 b - - 9 43,43,15,22,1,0,0,Middlegame,5,4,1,1,0,0,2,2,0,0,0,0,0,0,0,0,1,0,0,2,2,4.72,Rxc2,c5c2,Rc3,c5c3,4.73,5.14,40.99999999999993,False,12,38,saransh12387,dane964,1879,1841,1-0
4rk2/5p2/5Pp1/4n1Pp/1p5P/1P3N2/2r1R3/4RK2 w - - 0 44,44,14,20,0,0,0,Middlegame,4,4,1,1,0,0,2,2,0,0,0,0,0,0,0,1,1,0,0,2,2,4.77,Nxe5,f3e5,Nxe5,f3e5,4.6,4.5,9.999999999999964,True,12,38,saransh12387,dane964,1879,1841,1-0
4rk2/5p2/5Pp1/4N1Pp/1p5P/1P6/2r1R3/4RK2 b - - 0 44,44,13,19,3,0,0,Middlegame,4,4,1,0,0,0,2,2,0,0,0,0,0,0,0,1,1,0,0,2,2,4.56,Rxe2,c2e2,Rxe2,c2e2,4.45,4.5,4.999999999999982,True,12,38,saransh12387,dane964,1879,1841,1-0
4rk2/5p2/5Pp1/4N1Pp/1p5P/1P6/4r3/4RK2 w - - 0 45,45,12,15,-2,0,0,Middlegame,4,4,1,0,0,0,1,2,0,0,0,0,0,0,0,1,1,0,0,2,2,4.56,Rxe2,e1e2,Rxe2,e1e2,4.43,4.4,2.999999999999936,True,12,38,saransh12387,dane964,1879,1841,1-0
4rk2/5p2/5Pp1/4N1Pp/1p5P/1P6/4R3/5K2 b - - 0 45,45,11,8,3,0,0,Middlegame,4,4,1,0,0,0,1,1,0,0,0,0,0,0,0,1,1,0,0,2,2,4.38,Rd8,e8d8,Kg8,f8g8,4.34,4.36,2.000000000000046,False,12,38,saransh12387,dane964,1879,1841,1-0
3r1k2/5p2/5Pp1/4N1Pp/1p5P/1P6/4R3/5K2 w - - 1 46,46,11,22,3,0,0,Middlegame,4,4,1,0,0,0,1,1,0,0,0,0,0,0,0,1,1,0,0,2,2,4.39,Kf2,f1f2,Re4,e2e4,4.45,4.35,10.000000000000053,False,12,38,saransh12387,dane964,1879,1841,1-0
3r1k2/5p2/5Pp1/4N1Pp/1p5P/1P6/4RK2/8 b - - 2 46,46,11,13,3,0,0,Middlegame,4,4,1,0,0,0,1,1,0,0,0,0,0,0,0,1,1,0,0,2,2,4.35,Rd4,d8d4,Kg8,f8g8,4.54,4.67,12.99999999999999,False,12,38,saransh12387,dane964,1879,1841,1-0
5k2/5p2/5Pp1/4N1Pp/1p1r3P/1P6/4RK2/8 w - - 3 47,47,11,22,3,0,0,Middlegame,4,4,1,0,0,0,1,1,0,0,0,0,0,0,0,1,1,0,0,2,2,4.51,Kg3,f2g3,Nf3,e5f3,4.78,4.28,50.0,False,12,38,saransh12387,dane964,1879,1841,1-0
5k2/5p2/5Pp1/4N1Pp/1p1r3P/1P4K1/4R3/8 b - - 4 47,47,11,14,3,0,0,Middlegame,4,4,1,0,0,0,1,1,0,0,0,0,0,0,0,1,1,0,0,2,2,4.26,Rd1,d4d1,Kg8,f8g8,4.44,4.5,5.999999999999961,False,12,38,saransh12387,dane964,1879,1841,1-0
5k2/5p2/5Pp1/4N1Pp/1p5P/1P4K1/4R3/3r4 w - - 5 48,48,11,24,3,0,0,Middlegame,4,4,1,0,0,0,1,1,0,0,0,0,0,0,0,1,1,0,0,2,2,4.5,Re3,e2e3,Re4,e2e4,4.79,4.67,12.00000000000001,False,12,38,saransh12387,dane964,1879,1841,1-0
5k2/5p2/5Pp1/4N1Pp/1p5P/1P2R1K1/8/3r4 b - - 6 48,48,11,16,3,0,0,Middlegame,4,4,1,0,0,0,1,1,0,0,0,0,0,0,0,1,1,0,0,2,2,4.57,Rg1+,d1g1,Rg1+,d1g1,4.62,4.61,0.9999999999999787,True,12,38,saransh12387,dane964,1879,1841,1-0
5k2/5p2/5Pp1/4N1Pp/1p5P/1P2R1K1/8/6r1 w - - 7 49,49,11,5,3,0,0,Middlegame,4,4,1,0,0,0,1,1,0,0,0,0,0,0,0,1,1,0,0,2,2,4.75,Kf4,g3f4,Kf4,g3f4,4.74,5.04,29.999999999999982,True,12,38,saransh12387,dane964,1879,1841,1-0
5k2/5p2/5Pp1/4N1Pp/1p3K1P/1P2R3/8/6r1 b - - 8 49,49,11,13,3,0,0,Middlegame,4,4,1,0,0,0,1,1,0,0,0,0,0,0,0,1,1,0,0,2,2,4.82,Rh1,g1h1,Rh1,g1h1,4.77,4.96,19.00000000000004,True,12,38,saransh12387,dane964,1879,1841,1-0
5k2/5p2/5Pp1/4N1Pp/1p3K1P/1P2R3/8/7r w - - 9 50,50,11,19,3,0,0,Middlegame,4,4,1,0,0,0,1,1,0,0,0,0,0,0,0,1,1,0,0,2,2,4.98,Nf3,e5f3,Nf3,e5f3,4.98,5.12,13.999999999999968,True,12,38,saransh12387,dane964,1879,1841,1-0
5k2/5p2/5Pp1/6Pp/1p3K1P/1P2RN2/8/7r b - - 10 50,50,11,11,3,0,0,Middlegame,4,4,1,0,0,0,1,1,0,0,0,0,0,0,0,1,1,0,0,2,2,5.14,Rd1,h1d1,Rf1,h1f1,5.01,5.04,3.000000000000025,False,12,38,saransh12387,dane964,1879,1841,1-0
5k2/5p2/5Pp1/6Pp/1p3K1P/1P2RN2/8/3r4 w - - 11 51,51,11,18,3,0,0,Middlegame,4,4,1,0,0,0,1,1,0,0,0,0,0,0,0,1,1,0,0,2,2,5.13,Re4,e3e4,Re4,e3e4,5.07,5.16,8.999999999999986,True,12,38,saransh12387,dane964,1879,1841,1-0
5k2/5p2/5Pp1/6Pp/1p2RK1P/1P3N2/8/3r4 b - - 12 51,51,11,15,3,0,0,Middlegame,4,4,1,0,0,0,1,1,0,0,0,0,0,0,0,1,1,0,0,2,2,4.96,Rd3,d1d3,Rf1,d1f1,4.98,6.7,171.99999999999997,False,12,38,saransh12387,dane964,1879,1841,1-0
5k2/5p2/5Pp1/6Pp/1p2RK1P/1P1r1N2/8/8 w - - 13 52,52,11,18,3,0,0,Middlegame,4,4,1,0,0,0,1,1,0,0,0,0,0,0,0,1,1,0,0,2,2,7.08,Rxb4,e4b4,Rd4,e4d4,7.67,5.17,250.0,False,12,38,saransh12387,dane964,1879,1841,1-0
5k2/5p2/5Pp1/6Pp/1R3K1P/1P1r1N2/8/8 b - - 0 52,52,10,13,4,0,0,Endgame,4,3,1,0,0,0,1,1,0,0,0,0,0,0,0,1,0,1,0,2,1,5.42,Ke8,f8e8,Kg8,f8g8,5.19,7.65,246.0,False,12,38,saransh12387,dane964,1879,1841,1-0
4k3/5p2/5Pp1/6Pp/1R3K1P/1P1r1N2/8/8 w - - 1 53,53,10,17,4,0,0,Endgame,4,3,1,0,0,0,1,1,0,0,0,0,0,0,0,1,0,1,0,2,1,7.66,Rb7,b4b7,Rb8+,b4b8,7.98,5.49,249.00000000000003,False,12,38,saransh12387,dane964,1879,1841,1-0
4k3/1R3p2/5Pp1/6Pp/5K1P/1P1r1N2/8/8 b - - 2 53,53,10,13,4,0,0,Endgame,4,3,1,0,0,0,1,1,0,0,0,0,0,0,0,1,0,1,0,2,1,4.84,Rd1,d3d1,Rd1,d3d1,5.2,5.7,50.0,True,12,38,saransh12387,dane964,1879,1841,1-0
4k3/1R3p2/5Pp1/6Pp/5K1P/1P3N2/8/3r4 w - - 3 54,54,10,20,4,0,0,Endgame,4,3,1,0,0,0,1,1,0,0,0,0,0,0,0,1,0,1,0,2,1,5.94,b4,b3b4,Ne5,f3e5,6.77,5.02,175.0,False,12,38,saransh12387,dane964,1879,1841,1-0
4k3/1R3p2/5Pp1/6Pp/1P3K1P/5N2/8/3r4 b - - 0 54,54,10,16,4,0,0,Endgame,4,3,1,0,0,0,1,1,0,0,0,0,0,0,0,1,0,1,0,2,1,5.28,Rb1,d1b1,Rf1,d1f1,5.35,5.69,34.00000000000007,False,12,38,saransh12387,dane964,1879,1841,1-0
4k3/1R3p2/5Pp1/6Pp/1P3K1P/5N2/8/1r6 w - - 1 55,55,10,19,4,0,0,Endgame,4,3,1,0,0,0,1,1,0,0,0,0,0,0,0,1,0,1,0,2,1,6.02,b5,b4b5,Ke4,f4e4,6.12,5.3,82.00000000000003,False,12,38,saransh12387,dane964,1879,1841,1-0
4k3/1R3p2/5Pp1/1P4Pp/5K1P/5N2/8/1r6 b - - 0 55,55,10,13,4,0,0,Endgame,4,3,1,0,0,0,1,1,0,0,0,0,0,0,0,1,0,1,0,2,1,5.09,Rb4+,b1b4,Rb4+,b1b4,5.33,5.13,20.000000000000018,True,12,38,saransh12387,dane964,1879,1841,1-0
4k3/1R3p2/5Pp1/1P4Pp/1r3K1P/5N2/8/8 w - - 1 56,56,10,4,4,0,0,Endgame,4,3,1,0,0,0,1,1,0,0,0,0,0,0,0,1,0,1,0,2,1,5.34,Ke5,f4e5,Ke3,f4e3,5.52,5.72,20.000000000000018,False,12,38,saransh12387,dane964,1879,1841,1-0
4k3/1R3p2/5Pp1/1P2K1Pp/1r5P/5N2/8/8 b - - 2 56,56,10,13,4,0,0,Endgame,4,3,1,0,0,0,1,1,0,0,0,0,0,0,0,1,0,1,0,2,1,5.43,Rb3,b4b3,Rb1,b4b1,5.79,6.24,45.000000000000014,False,12,38,saransh12387,dane964,1879,1841,1-0
4k3/1R3p2/5Pp1/1P2K1Pp/7P/1r3N2/8/8 w - - 3 57,57,10,18,4,0,0,Endgame,4,3,1,0,0,0,1,1,0,0,0,0,0,0,0,1,0,1,0,2,1,6.81,Nd4,f3d4,Rb8+,b7b8,6.72,6.91,19.00000000000004,False,12,38,saransh12387,dane964,1879,1841,1-0
4k3/1R3p2/5Pp1/1P2K1Pp/3N3P/1r6/8/8 b - - 4 57,57,10,13,4,0,0,Endgame,4,3,1,0,0,0,1,1,0,0,0,0,0,0,0,1,0,1,0,2,1,6.93,Rb4,b3b4,Rh3,b3h3,8.33,7.36,96.99999999999997,False,12,38,saransh12387,dane964,1879,1841,1-0
4k3/1R3p2/5Pp1/1P2K1Pp/1r1N3P/8/8/8 w - - 5 58,58,10,19,4,0,0,Endgame,4,3,1,0,0,0,1,1,0,0,0,0,0,0,0,1,0,1,0,2,1,7.77,b6,b5b6,Rb8+,b7b8,7.89,6.08,180.99999999999997,False,12,38,saransh12387,dane964,1879,1841,1-0
4k3/1R3p2/1P3Pp1/4K1Pp/1r1N3P/8/8/8 b - - 0 58,58,10,10,4,0,0,Endgame,4,3,1,0,0,0,1,1,0,0,0,0,0,0,0,1,0,1,0,2,1,6.38,Rb1,b4b1,Rb1,b4b1,7.14,10000.0,999286.0,True,12,38,saransh12387,dane964,1879,1841,1-0
4k3/1R3p2/1P3Pp1/4K1Pp/3N3P/8/8/1r6 w - - 1 59,59,10,18,4,0,0,Endgame,4,3,1,0,0,0,1,1,0,0,0,0,0,0,0,1,0,1,0,2,1,10000.0,Rb8+,b7b8,Kd6,e5d6,10000.0,7.85,999215.0,False,12,38,saransh12387,dane964,1879,1841,1-0
1R2k3/5p2/1P3Pp1/4K1Pp/3N3P/8/8/1r6 b - - 2 59,59,10,1,4,0,0,Endgame,4,3,1,0,0,0,1,1,0,0,0,0,0,0,0,1,0,1,0,2,1,9.39,Kd7,e8d7,Kd7,e8d7,11.98,11.83,15.000000000000036,True,12,38,saransh12387,dane964,1879,1841,1-0
1R6/3k1p2/1P3Pp1/4K1Pp/3N3P/8/8/1r6 w - - 3 60,60,10,20,4,0,0,Endgame,4,3,1,0,0,0,1,1,0,0,0,0,0,0,0,1,0,1,0,2,1,11.19,b7,b6b7,Rb7+,b8b7,11.46,6.71,475.0000000000001,False,12,38,saransh12387,dane964,1879,1841,1-0
1R6/1P1k1p2/5Pp1/4K1Pp/3N3P/8/8/1r6 b - - 0 60,60,10,14,4,0,0,Endgame,4,3,1,0,0,0,1,1,0,0,0,0,0,0,0,1,0,1,0,2,1,6.81,Kc7,d7c7,Kc7,d7c7,7.03,6.99,4.0000000000000036,True,12,38,saransh12387,dane964,1879,1841,1-0
1R6/1Pk2p2/5Pp1/4K1Pp/3N3P/8/8/1r6 w - - 1 61,61,10,18,4,0,0,Endgame,4,3,1,0,0,0,1,1,0,0,0,0,0,0,0,1,0,1,0,2,1,7.22,Rf8,b8f8,Rf8,b8f8,7.52,7.59,7.000000000000028,True,12,38,saransh12387,dane964,1879,1841,1-0
5R2/1Pk2p2/5Pp1/4K1Pp/3N3P/8/8/1r6 b - - 2 61,61,10,16,4,0,0,Endgame,4,3,1,0,0,0,1,1,0,0,0,0,0,0,0,1,0,1,0,2,1,7.83,Kxb7,c7b7,Kxb7,c7b7,7.82,7.92,9.999999999999964,True,12,38,saransh12387,dane964,1879,1841,1-0
5R2/1k3p2/5Pp1/4K1Pp/3N3P/8/8/1r6 w - - 0 62,62,9,20,3,0,0,Endgame,3,3,1,0,0,0,1,1,0,0,0,0,0,0,0,0,0,0,0,1,1,7.26,Rxf7+,f8f7,Rxf7+,f8f7,8.1,7.96,13.999999999999968,True,12,38,saransh12387,dane964,1879,1841,1-0
8/1k3R2/5Pp1/4K1Pp/3N3P/8/8/1r6 b - - 0 62,62,8,5,4,0,0,Endgame,3,2,1,0,0,0,1,1,0,0,0,0,0,0,0,0,0,1,0,1,1,8.01,Ka6,b7a6,Kb6,b7b6,8.44,8.62,17.99999999999997,False,12,38,saransh12387,dane964,1879,1841,1-0
8/5R2/k4Pp1/4K1Pp/3N3P/8/8/1r6 w - - 1 63,63,8,21,4,0,0,Endgame,3,2,1,0,0,0,1,1,0,0,0,0,0,0,0,0,0,1,0,1,1,8.56,Rg7,f7g7,Rg7,f7g7,8.69,8.61,8.000000000000007,True,12,38,saransh12387,dane964,1879,1841,1-0
8/6R1/k4Pp1/4K1Pp/3N3P/8/8/1r6 b - - 2 63,63,8,16,4,0,0,Endgame,3,2,1,0,0,0,1,1,0,0,0,0,0,0,0,0,0,1,0,1,1,8.61,Rh1,b1h1,Rf1,b1f1,8.3,9.6,129.9999999999999,False,12,38,saransh12387,dane964,1879,1841,1-0
8/6R1/k4Pp1/4K1Pp/3N3P/8/8/7r w - - 3 64,64,8,23,4,0,0,Endgame,3,2,1,0,0,0,1,1,0,0,0,0,0,0,0,0,0,1,0,1,1,9.6,Rxg6,g7g6,Rxg6,g7g6,9.54,10.06,52.000000000000135,True,12,38,saransh12387,dane964,1879,1841,1-0
8/8/k4PR1/4K1Pp/3N3P/8/8/7r b - - 0 64,64,7,14,5,0,0,Endgame,3,1,1,0,0,0,1,1,0,0,0,0,0,0,0,0,1,2,0,1,1,10.0,Rxh4,h1h4,Ka5,a6a5,10.09,10000.0,998991.0,False,12,38,saransh12387,dane964,1879,1841,1-0
8/8/k4PR1/4K1Pp/3N3r/8/8/8 w - - 0 65,65,6,16,4,0,0,Endgame,2,1,1,0,0,0,1,1,0,0,0,0,0,0,0,0,1,2,1,1,1,10000.0,f7+,f6f7,f7+,f6f7,10000.0,10000.0,0.0,True,12,38,saransh12387,dane964,1879,1841,1-0
8/5P2/k5R1/4K1Pp/3N3r/8/8/8 b - - 0 65,65,6,3,4,0,0,Endgame,2,1,1,0,0,0,1,1,0,0,0,0,0,0,0,0,1,2,1,1,1,10000.0,Ka5,a6a5,Ka5,a6a5,10000.0,10000.0,0.0,True,12,38,saransh12387,dane964,1879,1841,1-0
8/5P2/6R1/k3K1Pp/3N3r/8/8/8 w - - 1 66,66,6,26,4,0,0,Endgame,2,1,1,0,0,0,1,1,0,0,0,0,0,0,0,0,1,2,1,1,1,10000.0,f8=Q,f7f8q,f8=Q,f7f8q,10000.0,10000.0,0.0,True,12,38,saransh12387,dane964,1879,1841,1-0
5Q2/8/6R1/k3K1Pp/3N3r/8/8/8 b - - 0 66,66,6,8,12,0,0,Endgame,1,1,1,0,0,0,1,1,1,0,0,0,1,0,0,1,1,1,1,1,1,10000.0,Ka4,a5a4,Rxd4,h4d4,10000.0,10000.0,0.0,False,12,38,saransh12387,dane964,1879,1841,1-0
5Q2/8/6R1/4K1Pp/k2N3r/8/8/8 w - - 1 67,67,6,43,12,0,0,Endgame,1,1,1,0,0,0,1,1,1,0,0,0,1,0,0,1,1,1,1,1,1,10000.0,Qc5,f8c5,Ra6#,g6a6,10000.0,10000.0,0.0,False,12,38,saransh12387,dane964,1879,1841,1-0
8/8/6R1/2Q1K1Pp/k2N3r/8/8/8 b - - 2 67,67,6,7,12,0,0,Endgame,1,1,1,0,0,0,1,1,1,0,0,0,1,0,0,1,1,1,1,1,1,10000.0,Rg4,h4g4,Rxd4,h4d4,10000.0,10000.0,0.0,False,12,38,saransh12387,dane964,1879,1841,1-0
8/8/6R1/2Q1K1Pp/k2N2r1/8/8/8 w - - 3 68,68,6,39,12,0,0,Endgame,1,1,1,0,0,0,1,1,1,0,0,0,1,0,0,1,1,1,1,1,1,10000.0,Qc4+,c5c4,Ra6#,g6a6,10000.0,10000.0,0.0,False,12,38,saransh12387,dane964,1879,1841,1-0
8/8/6R1/4K1Pp/k1QN2r1/8/8/8 b - - 4 68,68,6,2,12,0,0,Endgame,1,1,1,0,0,0,1,1,1,0,0,0,1,0,0,1,1,1,1,1,1,10000.0,Ka5,a4a5,Ka3,a4a3,10000.0,10000.0,0.0,False,12,38,saransh12387,dane964,1879,1841,1-0
8/8/6R1/k3K1Pp/2QN2r1/8/8/8 w - - 5 69,69,6,42,12,0,0,Endgame,1,1,1,0,0,0,1,1,1,0,0,0,1,0,0,1,1,1,1,1,1,10000.0,Qb5#,c4b5,Ra6#,g6a6,10000.0,10000.0,0.0,False,12,38,saransh12387,dane964,1879,1841,1-0
